client_id,oof_default_probability
CC_0000F52C3717,0.23626820679978283
CC_0008C4E44BB9,0.10004498833276147
CC_000B4B1BEDF6,0.045910594048279164
CC_000D492CE7AD,0.04483316747441062
CC_000DCFA992C4,0.046178536893682356
CC_001122E39690,0.05603185927266523
CC_00117B7E053B,0.08067319852813402
CC_00135124F0C3,0.27115385137256465
CC_0016CFCF14C4,0.0791912357207638
CC_001740B14C72,0.09866275236510594
CC_001938053246,0.055851463194552475
CC_0019E3DC239C,0.0854115822329387
CC_001C3594F76E,0.2914529976424199
CC_001CE8624267,0.10436283422758155
CC_001F84E88060,0.0904070332333333
CC_00205A472499,0.08688184467167186
CC_00293A354886,0.037847367079389974
CC_002B838F0462,0.1879768942339689
CC_002C0A6A79A3,0.1618592478080336
CC_002D38C9B16D,0.2479712170184108
CC_002EC26F87BF,0.030709598109988655
CC_002FBC1547AE,0.1894943807553987
CC_00308EC6F3D4,0.1109422555075436
CC_00324544DD9F,0.36137747868834413
CC_003C4B7BE7F8,0.20474994608018285
CC_004006D91D8D,0.6727408583164444
CC_0041A03EFFB6,0.059635220589118666
CC_00428A82437E,0.24408415311841822
CC_0045073BC11F,0.35110709627465114
CC_00467B1D8D89,0.05452594810280105
CC_004713654049,0.1463874811807084
CC_00471F46B9F4,0.09258811092013766
CC_004B878F25C2,0.11099017215611376
CC_004BB26042C5,0.10623340558295695
CC_004D8E72230C,0.2715658787324319
CC_004DB3A3C70B,0.41501414749656557
CC_004FD1D5A61B,0.16292903138339068
CC_004FE57C56C8,0.7697695222355174
CC_005704951586,0.24072387888731256
CC_00643E369290,0.10259678547522562
CC_0066D98BB9EF,0.5602631209072346
CC_00690BCC3766,0.18401820247943282
CC_006D26E11173,0.14409171128117432
CC_006F0424BA0C,0.06386060774798773
CC_0072F2F08542,0.043875818665852474
CC_00751D910DFF,0.06775605293838265
CC_00755CE7B990,0.14700531786663001
CC_007590841E7C,0.4531343980894085
CC_007B612BB240,0.716882851400419
CC_007EC791ED3A,0.33013510955401226
CC_00876B84BC7E,0.19570983160363362
CC_0088A324D676,0.0804678455461418
CC_008B5E945701,0.5331012265920605
CC_008D56B4B41A,0.04391723686790778
CC_00951B5D39A6,0.11625558905721808
CC_0099AC551369,0.06992446038383093
CC_009A2F903E8F,0.22680341395066866
CC_009F373F58EE,0.047754048752480426
CC_00A1B6A0BFE5,0.13367728394964545
CC_00A651F1CA9E,0.19063237978214745
CC_00A6C7E23295,0.3554399774909684
CC_00AA4D8EAFFF,0.6688782434936899
CC_00AD510EB5AB,0.20304508016560815
CC_00B149CC3832,0.21516533883549743
CC_00B24C240296,0.5319316035532462
CC_00B2A863966B,0.14570751308196347
CC_00B6D231C4E0,0.1184572261331649
CC_00BA0D9C9769,0.5801741126648398
CC_00BA4B9A3ED4,0.1437053387114513
CC_00BD978274C9,0.052412436977760324
CC_00BDFB856C9E,0.1556782970610195
CC_00BECFD0FF29,0.3901797573495502
CC_00BFC5461053,0.07993990326837659
CC_00C4D8C18438,0.0997279997559117
CC_00CA157239FF,0.4220760967472524
CC_00CA34BC997D,0.14089134647260523
CC_00CEA7AD7F1A,0.20567157091880367
CC_00D5C2A06551,0.1663831659375995
CC_00D6CDAC726A,0.2762224282234135
CC_00D856A03DBF,0.7244570962965129
CC_00D9F83C9E93,0.0711512153092925
CC_00DFC64809D6,0.09610374891736553
CC_00E0387FBC9E,0.09958668566587564
CC_00E1D1D2993D,0.22718337894206203
CC_00E6521C30BB,0.3561090933950595
CC_00E69205F24E,0.09666668076356177
CC_00E89DF054F4,0.053057002801359096
CC_00E9CC8D9EEF,0.2207820012497566
CC_00EA46DE25DD,0.7659863962791091
CC_00EE0EEB58D5,0.43213724525274755
CC_00F9F67E6F05,0.044248826091559404
CC_00FA46F7366C,0.21546683162957464
CC_00FB89799652,0.16585082708300516
CC_00FFE2036AB1,0.13587594101238892
CC_00FFE77863DF,0.11997920472543591
CC_0102323406AC,0.19104672566336883
CC_0102B5DA5A15,0.11384861085008316
CC_010B09136D06,0.09742328828392219
CC_010CDC88F5F5,0.10147108189402125
CC_010D45E8285C,0.061011610278116316
CC_0113BEA391CB,0.3918815358406656
CC_01188B92EA48,0.06859046260022636
CC_011BF4A47C7C,0.1097433344269055
CC_011C317218A8,0.12175987264937911
CC_011D9EA99494,0.05418530623334219
CC_011F2346F3A2,0.569629988967588
CC_011F409B64EA,0.1714865324099933
CC_012038AA52E3,0.10141728853832044
CC_01240BC10405,0.12449539503750584
CC_0124E7389107,0.543478402719501
CC_0128A7811A95,0.05686848110750166
CC_012A37359DB7,0.630000479573946
CC_012C42D7E854,0.0969522757380045
CC_012E7A7878E5,0.1423486774801759
CC_012ED63A7E6C,0.04145438451555666
CC_01349EB3649A,0.20213610148795022
CC_013536D5B9AF,0.04831577731408068
CC_0136641C69EB,0.12045050713817965
CC_01384D5CFF72,0.13731331096176264
CC_0138BB7BD8A3,0.09914751265926404
CC_01399364C26C,0.16513935624744497
CC_013AB3EC63DC,0.11992148546085915
CC_014366E64DCA,0.6575645186316096
CC_014A63C90F62,0.2764344926296272
CC_014BF9E304F3,0.6079673241680769
CC_014C89539CCB,0.7424044870701579
CC_014CF6A70FBF,0.046466592192513284
CC_014E1324EE80,0.08469249458566222
CC_01509F2183B8,0.10530465873772248
CC_01554CCC0460,0.11066186917085503
CC_015B291B0487,0.08791034503681873
CC_015B8DE78DB8,0.19673186439656642
CC_0161B5B24B5F,0.08765062752270683
CC_01653DC77271,0.2801024472127291
CC_01667940AC27,0.12594811143328646
CC_016B51878C16,0.3134233416039848
CC_016C33BE1E7B,0.07562764854690572
CC_016EFF422602,0.3846532491138671
CC_016FEE812B9C,0.14871701091039388
CC_01712CAA42A3,0.41916744467477207
CC_0174CAC73142,0.17508178177285733
CC_0177D857E633,0.05154349195442054
CC_017BA5C2C520,0.6408379453355202
CC_017DCE877A26,0.1191977746774503
CC_018248BA2DAA,0.1833812219970167
CC_0182FB5AA05F,0.17560626013781497
CC_01882463E3CD,0.16550430667322483
CC_018CEE8FE58D,0.48832894153181894
CC_018E749907B7,0.0936023214591269
CC_018FB501A605,0.051177297087386255
CC_01908B0AA50C,0.2565883525463404
CC_0193729A77D2,0.1882378024173864
CC_01960FDF3E7F,0.15312193856927503
CC_019611B783AB,0.6334413394977241
CC_019912E3B581,0.05499706697676302
CC_019EF3051B45,0.2740218334544069
CC_019FDD770163,0.18641857515902535
CC_01A164F25668,0.16390585962856058
CC_01A5CBDF8101,0.04836284085054678
CC_01A9DD94B3E3,0.11687340084014546
CC_01AA79D4600A,0.442845791313658
CC_01ACFC758043,0.06120245193440164
CC_01B0D8601911,0.6807911549071177
CC_01B76192CFFA,0.772244417271744
CC_01B852C90D56,0.10669350506219533
CC_01BEF0C26362,0.472359009946891
CC_01C3FF12EB8D,0.15877826227098107
CC_01C6D9F0DB8E,0.1737755429278762
CC_01C7A2731579,0.7461560370061305
CC_01C8FC78044C,0.06398116518584694
CC_01C98663A16F,0.20469274890735845
CC_01CAF0E84BBF,0.12987384063052193
CC_01CBA617AF23,0.3500382866689721
CC_01CF95E913FC,0.7054121478594231
CC_01D06CCF898A,0.05428126076527484
CC_01D2B07730D0,0.14592216181710976
CC_01D3556F1812,0.3144662581046979
CC_01D4CBCDC120,0.13990994065634527
CC_01D55EDD2BE6,0.22754188353530558
CC_01D586B7E7A4,0.19673961890916286
CC_01D5A1099D98,0.2687781507632669
CC_01D8177D33B9,0.09911000278589026
CC_01D8D0BB7961,0.6289870830201256
CC_01DD43C01B80,0.1670325174198648
CC_01DFA1DF53F6,0.07322695538843298
CC_01E062ACC88B,0.4069548778466471
CC_01E2B7ED6107,0.09741995843048815
CC_01E70E8718A9,0.05806451242568592
CC_01E7623CBD0F,0.09263180978850313
CC_01EAF8DA6227,0.07060400323860293
CC_01F2091FC586,0.08270220901386269
CC_01F37D908978,0.24259972598260476
CC_01FA4C26ABEC,0.1873959243557583
CC_01FAB37C1CFB,0.21632620082950962
CC_01FD4C56F0C2,0.12318761910420606
CC_02015659F881,0.7564379994662057
CC_02074A9ADB7A,0.04793143225688827
CC_0207CA3C1DD9,0.3209113871529258
CC_020A0EB137E0,0.3316747407162593
CC_020C1AADAC9A,0.6477875001960296
CC_020FC7ADC447,0.259728540289097
CC_020FFE185ACD,0.11682465420805443
CC_02107589C479,0.14970486400764732
CC_0211D89A1ACF,0.13576064640427876
CC_021A8812B28E,0.6435876674224981
CC_021FD690E352,0.09084583505481589
CC_0220CC31D601,0.15825483270792806
CC_0222F7DAFE81,0.20980752712571152
CC_022320678E24,0.11739596861674398
CC_022F2E7052FD,0.10990488315980071
CC_02302E76108A,0.15713488575303947
CC_023033C8850F,0.66641943215423
CC_0230E02D8543,0.09455744934398642
CC_0230E22AF075,0.19566536791647576
CC_02319698C018,0.19885173792562183
CC_023532456F37,0.4050753996174946
CC_0235BF3F4979,0.09377204326350586
CC_02368E68A086,0.14755967700293432
CC_023D65182EB2,0.05097880206549715
CC_023F59E9986C,0.18319339452947622
CC_0245F766E4AC,0.06130069847566035
CC_0246B12B0445,0.11684219428601131
CC_02474EEA5276,0.09800457160000864
CC_02496C1D5547,0.23134840834943535
CC_024993F15158,0.08091939108289112
CC_024AA098CF34,0.08998066083826037
CC_024AEE6FC78A,0.15011818267088037
CC_024BCEFEB3B1,0.34591415968091555
CC_024CB835F9F4,0.07959866099571543
CC_02514C6C01C8,0.44052831837202583
CC_02562009215E,0.05710406683383695
CC_02587B1B7CE8,0.21168413642571499
CC_025887FD1578,0.06763192550740706
CC_025936DB6339,0.03884722584838636
CC_0259F3A8C95E,0.34114313071970137
CC_025A293D644C,0.13944399037451027
CC_025B4242FDB8,0.18611651841201812
CC_026066EEC1F2,0.2122101990849985
CC_0262E6B2B495,0.06503607652147739
CC_0262EA7FA26D,0.11667740024415137
CC_02659F97FEFC,0.5075290129420043
CC_02681B7C89D0,0.2114447686902287
CC_0271C116181B,0.10511617007714776
CC_027451E393E9,0.0683553698995721
CC_0275AB744D32,0.10051353963509835
CC_02768260ECE7,0.036424356599834895
CC_0276D670D446,0.09100050086933989
CC_027AE97B5FEC,0.20397889049278298
CC_027BF65FD10E,0.2209944818704094
CC_027C4B09BB5B,0.1799894762451379
CC_0280AE6B7C38,0.3251430986501185
CC_028114715BA7,0.08548773706491372
CC_0281B228E890,0.12852495021186136
CC_0286D2BEC77E,0.2493744956147868
CC_0287EE5CC52C,0.2691973054570135
CC_02881D519DF2,0.04117633046795145
CC_02894540BAC1,0.21915141945131808
CC_029180FB750A,0.09087589323214613
CC_0292365EC65B,0.3993333127219798
CC_02947671FD03,0.1719869572688848
CC_0296AF94C10B,0.1059425210642958
CC_0296C24B02D4,0.12219682974070696
CC_0299342384D6,0.05082492684947064
CC_029CE5404DAA,0.1863082838427488
CC_02A3228A7385,0.0735014719458016
CC_02A5FA7451E6,0.0521448638692205
CC_02A83D2F80D4,0.1263214628716128
CC_02AA8B22BDA7,0.17572751212932167
CC_02AA9816DDB8,0.5866339503211907
CC_02AD5064A3B8,0.36257349098916875
CC_02AD7B165DE6,0.09473629010216711
CC_02AEA61C112D,0.24941673964661057
CC_02AEC45429A6,0.3683740890300429
CC_02AF0737E6C2,0.12020556441339206
CC_02B2580C09A0,0.11812576896697943
CC_02B4DC166F1A,0.19364618036058567
CC_02B715323970,0.3638599069964893
CC_02B7D04CEC8D,0.04930536854588381
CC_02BA95283E62,0.0611829334737989
CC_02C246720CDF,0.1518955883467773
CC_02C77F19808E,0.1436584729161305
CC_02C797F0DBF1,0.17755572285353344
CC_02C8B73713B5,0.17155253947971624
CC_02CEA459F869,0.16027063258486118
CC_02D1D4910688,0.28178462869607623
CC_02D3AADCBEDB,0.38757276320638223
CC_02D3C3105294,0.14216989716691616
CC_02D6BF52CE73,0.34157377196799044
CC_02DA4A841D8D,0.17050824714886084
CC_02DB0674882C,0.5505130905481659
CC_02DC56B0F1FF,0.16509314644329992
CC_02DE5AF26FC3,0.13560823469490166
CC_02E031636EA7,0.21551109751265352
CC_02E10C2E326D,0.12467060588935137
CC_02E16348D168,0.13317706964119463
CC_02E19D1815C5,0.21689388001285037
CC_02E3FC4D96BE,0.2517151919841946
CC_02E430E9A0A6,0.08821418955426182
CC_02E727F44272,0.26564688845386863
CC_02EB27BA7EAF,0.08294825031292777
CC_02EE7191F8A4,0.03858161244607956
CC_02EF6EC394BA,0.10947959542168773
CC_02F01C560625,0.12203806909931461
CC_02F30271E181,0.1463614845588772
CC_02F53D236C9E,0.3197770398810953
CC_02F9190FC89B,0.17030166126582186
CC_02FABE323494,0.07150327289196486
CC_02FCACC905E9,0.3954228491437983
CC_0309C207972A,0.07104142717468566
CC_030AD899DD76,0.40413968414008883
CC_030D66374B55,0.44386003984135297
CC_030FE886131E,0.1892308405793001
CC_03151B53E6C6,0.24513667126112942
CC_031970F39493,0.0838534175754001
CC_0320752EA53A,0.18650886514645998
CC_0321DDF445E0,0.17567044031886958
CC_03293D1B04FB,0.15919392739047739
CC_03294B02C6E9,0.13931133707917404
CC_032C779665AB,0.760357788650355
CC_032E5EE8677F,0.2692055890305386
CC_033241817650,0.17466702979230292
CC_0337B4E71D3F,0.13490652573973475
CC_0338A96A192A,0.26005329775358177
CC_033BD5351D7A,0.044814142287941464
CC_034646F5D544,0.03985151032871792
CC_0346B15D9469,0.22298386576127713
CC_034A339BCCEC,0.06461146059712024
CC_034B468EBB60,0.7154580994567074
CC_034DD9A722C5,0.32668916002056125
CC_034F4EFA8BFE,0.05335669049132062
CC_03504F5AB86F,0.2061742545296267
CC_0354B18976C9,0.1648639895111188
CC_03562F93D8E3,0.039862926632486875
CC_035671ED0A7B,0.04623609846445802
CC_0358C2C1A932,0.18052830405062326
CC_035D3588EC56,0.07098607335693394
CC_035DA41191B3,0.08749840268749456
CC_036016D7257B,0.17260079126650546
CC_036166CC06C4,0.22211154609443134
CC_0364EA926244,0.04466342710420984
CC_0366D5696D16,0.10843814835569832
CC_03676027229F,0.6572127717674241
CC_036880C0DE52,0.17541596924169486
CC_036A6CE616AD,0.6621647983493076
CC_036EA4EE572C,0.15544809156095485
CC_03710E581CCE,0.15181341526891137
CC_0374D1351569,0.390191956648541
CC_0374F561CAE3,0.06367633915158159
CC_037761AB3613,0.0487202650136206
CC_03790BE11F72,0.129161541953624
CC_037B81675DBB,0.09072858527580743
CC_037FB1C3E15D,0.7565716525283418
CC_0380267FF063,0.22519069131696529
CC_03882C58148D,0.21184053507300718
CC_03882E114DB2,0.714152695975409
CC_03896CB41533,0.13502413452841008
CC_038CB2FD4A18,0.5431938067236932
CC_038EF6F3E5FE,0.2565137783779945
CC_038FE7401997,0.19841578599810372
CC_039378B910CE,0.6641524990180512
CC_03961B833006,0.498596232243352
CC_03978E24C066,0.10820345816596375
CC_039942F61C28,0.32270102209836793
CC_0399C4A0B150,0.8238038047266544
CC_039B3016F577,0.3582790379196231
CC_03AB22276C2A,0.11621643849511654
CC_03AC64A666E2,0.2349206449491994
CC_03AFF955A990,0.0785275034100859
CC_03B284A89001,0.23111575773010395
CC_03B2F7DA9AA7,0.1022305495530708
CC_03B328C95751,0.06728429812634393
CC_03B50F841852,0.3622611083723387
CC_03B56F1BF915,0.07893259831528751
CC_03B8554898B1,0.06820291102646528
CC_03BBD8F8A5D4,0.15240559244483384
CC_03BE1A7B8392,0.08085658893131312
CC_03C0B7E9D7C0,0.08207740605886563
CC_03C6774914E6,0.08852331402143851
CC_03C7571BABA7,0.10477043938978561
CC_03CA87B19F7D,0.09104804392328107
CC_03D0D1654B4F,0.13270316049121597
CC_03D1E89D6CBF,0.10619816959737234
CC_03D578C8C89A,0.6229742310305617
CC_03DB0515A3F6,0.06901806175039343
CC_03E2A455C91A,0.18184650539812952
CC_03E32554800E,0.12590596417126843
CC_03E5AD480F5C,0.11627623821031059
CC_03E5C0623FC5,0.2285387309987188
CC_03E5DEC65955,0.20521774419844233
CC_03EA9AE48F7A,0.07368389388546334
CC_03EACC64CE8B,0.14511397798859565
CC_03ED2E16E739,0.1227559158892321
CC_03ED721FECF9,0.209278763119557
CC_03EE6E5F00C1,0.27973547945185484
CC_03F08C8460A7,0.07152784130565272
CC_03F6A7EB53E4,0.10358633894164763
CC_03F6E05D3907,0.1449713943360599
CC_03F8DF7D32E9,0.07248629853572847
CC_03FE107EAA61,0.777702876835373
CC_03FF986D2502,0.11677706033387984
CC_040AB80DFBA1,0.7550080069894366
CC_040D8ED6A285,0.08900661130142043
CC_040D94E922FA,0.6786448467230003
CC_040E3EEEA715,0.2452709490570278
CC_0413EA4AEBB2,0.0718269760330517
CC_041CF9707B3D,0.2225314419066847
CC_0420CC5C8E4D,0.08297402212488467
CC_0421CB469047,0.15764279170137702
CC_04256E790E70,0.12341264809668742
CC_0426A6F18A53,0.15569053416327383
CC_04299225FBB7,0.05044781821203228
CC_042A511FA68A,0.24028512089651405
CC_042A596887CF,0.48783077827457494
CC_042C04580C48,0.25882014369030265
CC_042F45FBFAF1,0.17439821410054204
CC_0434F6EEB715,0.18188761156161867
CC_0438D6C8561F,0.1331902899143533
CC_04390616DCEE,0.19418600881164147
CC_0439716FD39F,0.09010711596945614
CC_043DCB8C2376,0.49873699659922677
CC_0442A4083E8A,0.188906087096348
CC_0447B5363EAD,0.17043350318972933
CC_044819458563,0.06621656697585082
CC_044C57511463,0.12345896550016366
CC_044C7084A2B5,0.05829109361254468
CC_0450CCC2C9BE,0.1883941531610096
CC_0456E3578B0B,0.27458575964548493
CC_045B2B5E5D0B,0.7212182809049307
CC_045BA693F15F,0.058088550609488775
CC_045C6B5771A5,0.1643627459514651
CC_045D5AF9A56E,0.08408525592235984
CC_04665AE5479A,0.04498742644403745
CC_046D6D637F50,0.13105917958699426
CC_046F8F942394,0.10033493709218352
CC_0470EB7E3A12,0.2496816508225872
CC_0473990151D2,0.3055132755877626
CC_04746BDB3FD5,0.04382615574743141
CC_0475D3D630A5,0.11304623599685712
CC_04768E606734,0.10673133008495266
CC_0477492CF518,0.7008132932425907
CC_0477F5FDEABD,0.13898426712478057
CC_047968EDD2C9,0.10589455680089473
CC_047B2A826B14,0.09372235406248924
CC_047FF722131C,0.1937274574986224
CC_048166C48C88,0.13009893441787024
CC_04838AAF6AC1,0.06663436542807386
CC_0484835DD87F,0.08582923399312498
CC_04848E1A43F7,0.29093455045461114
CC_0486184A941B,0.16333949625582755
CC_048B97EDE590,0.3191083283244276
CC_048D165717F6,0.10086614096802912
CC_0490048405E8,0.19508495096849726
CC_04902E519DA6,0.09303042128486197
CC_04930626BD15,0.35846612886799184
CC_049565896B8C,0.29925630743796106
CC_0499B72E7537,0.23500470107412133
CC_049A02218452,0.5471563032092657
CC_049ED1018745,0.10173973360804325
CC_04A07E9E009E,0.04197270488188255
CC_04A0B1015786,0.21040362419118427
CC_04A32ED149BE,0.23390355531665183
CC_04A391F3061E,0.04802874643282666
CC_04A55FE0E282,0.245972376897369
CC_04B1297AB948,0.13221149356476544
CC_04B17630AFE9,0.17475351282859802
CC_04B44C0F4658,0.1215672561099437
CC_04B4DF4DEF9B,0.06219428425335642
CC_04B536D8902C,0.03624282551531242
CC_04B5D21FD3E0,0.12972711762382658
CC_04B872D00305,0.5774000458451615
CC_04B92BE25F12,0.6811632052344151
CC_04BE90616D5F,0.18455679331460584
CC_04C0024EBCD7,0.6699459435491804
CC_04C41D086D60,0.4273938463673358
CC_04C798BE8C08,0.055102785581195635
CC_04C94749E891,0.2782116627108152
CC_04C99B10486E,0.09575880533480326
CC_04CA7620EAED,0.12493091342875007
CC_04D59F9FB0F8,0.26456316111571676
CC_04D7B1C6DA60,0.05618732884233672
CC_04D9EC4A25B2,0.5193116415808701
CC_04E2390EE5C0,0.11836851432371102
CC_04E2EBA35B5F,0.19291178180193252
CC_04E77CA6B2BD,0.12396833485172673
CC_04EA81365EC5,0.7122828554932645
CC_04EFBBFA491C,0.7207454785177078
CC_04F47438D1D8,0.11189822010337709
CC_04F81D31B942,0.16734997146006808
CC_04F8F9B8BA22,0.11938512368873935
CC_04FDA6443A72,0.2590982126906358
CC_04FE89FB567D,0.16589985070648255
CC_05031263B8A2,0.06622983629116065
CC_050465C58A50,0.09394570237886143
CC_05088407C45A,0.616507518645091
CC_050903E7B725,0.10492023490889243
CC_05099A9E9AB7,0.06118547278861295
CC_0509DE377FF5,0.08610310296988563
CC_050A9DFE5D86,0.2668271935284231
CC_050B315AC07E,0.04011382062081581
CC_050C8316C37C,0.10569125881933188
CC_051318F1CC73,0.20929313738134953
CC_0513A8283954,0.1557806339411369
CC_051AE1FB117C,0.5461126508707659
CC_051EFDF57C79,0.23547495992660034
CC_051F1D61CFC5,0.184690141242837
CC_0520C32FFFBC,0.06402999185264309
CC_05212FFD2EDB,0.20065026636555133
CC_0523AF460A86,0.10696306327570766
CC_052672AEC348,0.2720453331987905
CC_0526F2E117F6,0.05440801670185743
CC_052DF74932CA,0.11869233599034383
CC_05367A9957C1,0.6689780624599531
CC_05401DB637BD,0.07005664240040477
CC_0543BECF2708,0.44162111216929933
CC_0546E45AA535,0.3241384196610346
CC_054979662E63,0.29512388641887216
CC_0549CE20DF16,0.07131365495587204
CC_054C7A474B42,0.07884005915976913
CC_0550FC4A2855,0.2381171738826109
CC_0552321475B4,0.11234862470123472
CC_0555AC7E72B8,0.0738315235754212
CC_0561D728431F,0.22398038145754096
CC_05638553846E,0.07827732818392825
CC_056534FE3AA5,0.1837910498277814
CC_056A2167CC08,0.1364811580310508
CC_056B64B129D8,0.06429843342499231
CC_056D2D00B0F1,0.10407382613861227
CC_056DF0808F42,0.043155827833768104
CC_056E80C4319D,0.08119639116035744
CC_0572C5C1B693,0.1686942068771629
CC_05737ABF7471,0.18205028403452794
CC_0574C5CA86C3,0.04751046092421166
CC_0581592873D3,0.0898918977836163
CC_058171DA1DCE,0.05702025674709314
CC_05817D171247,0.13679821917145737
CC_058365FF9381,0.5265080636387982
CC_058663D63B28,0.18879258615138772
CC_05875F50C2BB,0.10750214044710156
CC_0587E8481B1E,0.04897047471850102
CC_0587FB441177,0.07654376813746808
CC_05895C36458F,0.2201121550063445
CC_058CAD85BE76,0.1350734247847411
CC_058FCBC9A7A5,0.2515895434282159
CC_058FE3DBE19C,0.16330814209356886
CC_0591C209D44D,0.1397077646643514
CC_059423BA685C,0.35355385608522233
CC_0597ED80E01C,0.04894890464116165
CC_05990770D80E,0.1545381383601591
CC_059DE359C4E9,0.11270642412092076
CC_05A0FEAEB80D,0.3804978385981591
CC_05A25FC0EF10,0.10282907664137349
CC_05A41EC7FC1A,0.03855213727614368
CC_05A499DEF7C2,0.12125845825615164
CC_05AE049AF9F8,0.25165918858207775
CC_05AF552D4D7E,0.3133296675397762
CC_05B187D40B63,0.20708976510929608
CC_05B333C0DF33,0.10751693453474973
CC_05B7418E17E3,0.2739182263213175
CC_05B82628E3FC,0.07820716382389178
CC_05B9D662F55B,0.2512931606879386
CC_05BA7F073AC7,0.6748026018474753
CC_05BB5B29C712,0.08032238626153994
CC_05BCF8DB31EB,0.05957977566573415
CC_05BFF5F8441B,0.1597835096093164
CC_05C0C2A30E48,0.16334083364166602
CC_05C1A960D798,0.14771619557449384
CC_05C40B4FD93E,0.1621254569924834
CC_05C7BF273F44,0.22333856082371484
CC_05CB514129BF,0.046288604141417986
CC_05CF210DAD47,0.07450842500009548
CC_05D1E269272A,0.1737306826618089
CC_05D280951348,0.04515672495372229
CC_05D2EA214E22,0.06399093339334497
CC_05D3DF98FA6E,0.21941931054714323
CC_05D5AA070631,0.04293425749184361
CC_05D75D92F18D,0.44838381567257135
CC_05D8B4F654FB,0.10072370927553967
CC_05D93F9C9263,0.2058721995968918
CC_05DA227E1279,0.18081568893299133
CC_05DD18EFE70D,0.3295770704745918
CC_05E50ECB4120,0.06444383760242806
CC_05E5C2974C92,0.40374666905503603
CC_05E66A6CF95F,0.14332983715925424
CC_05E740122DA3,0.39554299204744264
CC_05E7449D6D40,0.12721373234433409
CC_05EAD48778B4,0.2510259533121312
CC_05EB1A70EBA1,0.19085287130402456
CC_05ECE028DC99,0.14777177102474554
CC_05EDAB693883,0.2883962552545176
CC_05F4EE3EA33F,0.24575533340323155
CC_05FF76458CD4,0.8001935080240934
CC_060081B57BBE,0.0928719332655669
CC_06051E695A93,0.19896516871756445
CC_060605FE00D6,0.0799391542576339
CC_060801A0977D,0.28703599852202
CC_0608CC4E539B,0.11072843607556063
CC_060C45819C51,0.17168199691346678
CC_060F6C44B33D,0.17272400643288308
CC_060F8B7BC60D,0.09811325682860664
CC_060FD5AFB58E,0.12039338006473799
CC_0610B20E8F48,0.0797341244336871
CC_06124F8FD320,0.14822053606693392
CC_061BC8E3DE42,0.0562175094735324
CC_061D40D5762D,0.1963470244821964
CC_0622A2C12608,0.07289037223595482
CC_0624F662E890,0.6481225535540048
CC_062637694AE9,0.2729294721182298
CC_062A1582A115,0.1873312792510359
CC_062CFA78A83E,0.06577661564934957
CC_062D74137543,0.05149237058770769
CC_062DE3F4E88E,0.1059817352868135
CC_062E2E3C61B1,0.24762646565026744
CC_063368598D75,0.4787445847427606
CC_0634F2A2BCFB,0.13335419130690904
CC_063AAE18B191,0.10066741620197357
CC_063BE9A0D596,0.14256018674350227
CC_0642F32E4269,0.1973185346440453
CC_064C00719BB8,0.12580959270336037
CC_064C0D35A26F,0.05554326566934448
CC_064D2E8DB3D1,0.08697793576233656
CC_064F7F9ED8A7,0.7033042180750152
CC_06504D2ED9F8,0.11442453058833743
CC_065331827C68,0.3150074519695031
CC_0653E6DDCCA5,0.20181341141556208
CC_0655D2EEE5AD,0.11030206327482235
CC_06583E4D8D79,0.10901820887936627
CC_0659066EA610,0.4147194176570371
CC_065995CD97A8,0.05994719222489303
CC_065BC4CCE667,0.15064541220995964
CC_065CCC409116,0.3135003086826696
CC_06645DBDB980,0.04786913358417565
CC_066718F9929A,0.08260917665883141
CC_066C346397C8,0.7460252374583012
CC_0670B4700541,0.055943524019663425
CC_0672E060DD15,0.28792025794874604
CC_06742641549F,0.198287990240068
CC_06780E835690,0.09451258242189484
CC_067B9953AC9F,0.09794660520718632
CC_067BD66D2A51,0.05286122813202371
CC_067DD53F00A3,0.29153018856601987
CC_067FAEEB477D,0.05028619701252431
CC_068030BC4536,0.2100774642985758
CC_06805E9F0B8D,0.05755570539992394
CC_0680A7682B38,0.04411659673115629
CC_06875B891C05,0.25089276093968227
CC_0689E4EDE638,0.05591505182894648
CC_068B766943E8,0.37769988430354956
CC_068D28040E79,0.19395217233943254
CC_0690EBC2F4E7,0.17702603864202318
CC_069303947F6C,0.08710081157415307
CC_06933405185C,0.28624015849411927
CC_0694EDF7CEE0,0.10599395739872378
CC_06951CE4EB9C,0.03770699301221445
CC_069A2AD95246,0.15457782030098965
CC_069B459967D8,0.16470671227380806
CC_069C4809C16E,0.18870023070904696
CC_069EA724B3ED,0.13910291294256097
CC_069FAD1B089D,0.19124795654534396
CC_06A076914192,0.1299560214825124
CC_06A624DED5C1,0.1314715709288711
CC_06A63EB4CD74,0.07374629880446867
CC_06A6DCA7FAE8,0.5314692972551638
CC_06AB81AE84F0,0.13991665528264988
CC_06AFA53183A8,0.7038814010702342
CC_06AFD74E43A1,0.3466238985472689
CC_06B218AC1B76,0.04865186733646322
CC_06B37355486D,0.4177293002716313
CC_06B467AEB70E,0.08523419773581882
CC_06B5ED43139E,0.26332443138488554
CC_06B9703A9FA7,0.18708786286611598
CC_06BA285FC470,0.05728386784836929
CC_06BD9FBABCD8,0.1445025711850591
CC_06C2B17C7E3B,0.2699309934100677
CC_06C3FB7D4638,0.07709802055339912
CC_06C70A08BE8E,0.22314958262004364
CC_06C7EC4D3773,0.16053716238242005
CC_06C93563AF1A,0.4781181174094674
CC_06CA576A2375,0.6349739709074992
CC_06D3593ABBA6,0.0910555031495742
CC_06D65497DC12,0.10962194039286999
CC_06D7DF952757,0.6663491661999406
CC_06D7FE638BD2,0.06060787639202294
CC_06DD61708D94,0.3580127761963242
CC_06DEC40D5230,0.2162723597668154
CC_06DEE127D70C,0.14965680200121384
CC_06E35DA935E6,0.059401535883688426
CC_06E49AC570FC,0.2235921308566923
CC_06E5AFAEFB84,0.154073250832864
CC_06E892264A96,0.16373779186111273
CC_06F30EE293C8,0.2754004108569882
CC_06FB1DE9628C,0.16696397204726215
CC_06FC40387B9C,0.14192307058411735
CC_06FD2214FD38,0.05272627515753542
CC_070797733D90,0.06769163071672579
CC_070AF66E8E41,0.16637568030638267
CC_070BDC53B066,0.48108894506638344
CC_07124FCAA715,0.179161305954309
CC_07136B7188F8,0.19307186697778664
CC_0713C8DC61F6,0.08016982501347783
CC_0715675C0BCD,0.04856064273984027
CC_071D2F82AC4F,0.03582876371082616
CC_071DDC9C4114,0.1963011153398369
CC_07241C4C380D,0.06544887707189012
CC_0725EBF44606,0.5579611745115922
CC_0726CA04F48E,0.3379047964581855
CC_072788E14FDD,0.2778302998295802
CC_072D78B5A6ED,0.10857471300870247
CC_0730FCBADCF9,0.14778651533794776
CC_0735A4DCB321,0.3364648760389878
CC_0736391E660A,0.08303181069609698
CC_073869D6A04A,0.0927611643126748
CC_073A0C6490D9,0.09109768263914587
CC_0743946731E0,0.33910904604781594
CC_0745B2969E99,0.2024600715944255
CC_074B78A4E522,0.150721758472144
CC_074DAF275789,0.24050773325534208
CC_07557970509C,0.053442484454535664
CC_0756149C8398,0.150918621284581
CC_075995539BCF,0.11413650927955359
CC_075A5177DEBE,0.2776372132252188
CC_075B1E9E97BC,0.048348838761156254
CC_075C67D0ADB9,0.15871641259534439
CC_075D001B58C2,0.18099833012820424
CC_075ECA104172,0.11804107229073804
CC_07629AB675E5,0.12531602070145095
CC_0766C7FC3685,0.19331309354547155
CC_076914A72F09,0.5449182918576226
CC_07699A7E41C6,0.08884320526974812
CC_076D699A591D,0.0932052223851188
CC_076DC55FE6DE,0.37389701778988327
CC_076E02C6AD48,0.0470723805206729
CC_076EF20DA422,0.04970295731424141
CC_0770347E4CDE,0.10883741189806491
CC_0771DE2B2A2C,0.14566007038788237
CC_07799397D768,0.05921550700588113
CC_077A70E9A75B,0.07350458790055585
CC_0780472ECA74,0.1497716215447565
CC_07851F3AD5C0,0.08355302015681645
CC_078608CA07D1,0.055939713731298316
CC_078634F801D7,0.15052358872758043
CC_078936A9C116,0.240740843182851
CC_078A71C0F497,0.08399099249403305
CC_078B99787D8B,0.23696366444080227
CC_0793EFDEFF95,0.1992375253749966
CC_07940CBA6335,0.059116747831837
CC_0795C109BC43,0.043245674244596854
CC_0795EDFA425E,0.07163522192512663
CC_0797B5645529,0.0941738990340985
CC_079851423BB0,0.155288375382923
CC_079914214C2A,0.1494287726413238
CC_07A19027A099,0.29137939152373465
CC_07A4F476B425,0.08605597679554641
CC_07A50D09E32C,0.5678751814248567
CC_07A531F5CC39,0.0414610951541663
CC_07A71AF90306,0.6400478367337119
CC_07AE8ED46810,0.2763653169495502
CC_07B02C3E2DB5,0.567788831640413
CC_07B0EB22AC24,0.6464677784069365
CC_07B4317017FA,0.07535539882847811
CC_07B54D98B373,0.04759834636140674
CC_07B869ADC64E,0.04354036576946009
CC_07B93FB41391,0.17002783938145494
CC_07B9919D8E27,0.1011320167417081
CC_07C075DC0ABA,0.10649566828808017
CC_07C5C27325FA,0.21797730688474193
CC_07CA5172C65D,0.14039626501555824
CC_07CB6AE92D6B,0.08386155598474794
CC_07CE5F117F48,0.1340654345078089
CC_07CFA5A3E312,0.1327431783863745
CC_07D0D501FDF8,0.24812934137118559
CC_07D119041810,0.04384575920853319
CC_07D1BFDCBF7D,0.7772699379876685
CC_07D3F6C7F789,0.32141387931110765
CC_07D64BEF27AD,0.12951251677143788
CC_07D656414150,0.08526602014110622
CC_07D8501ED076,0.37098352562328074
CC_07D950F441B7,0.7379306496561179
CC_07D99918A885,0.127835924109095
CC_07DADFC65696,0.043421453572292684
CC_07DBCEFF9982,0.13920109221150376
CC_07DE53607367,0.24822440328659293
CC_07DF151C3D24,0.11652644053606795
CC_07E1F1FC06E6,0.7336132093035325
CC_07E2F2264F9D,0.07675240879101451
CC_07E7378E2646,0.05261682405341619
CC_07ECE0592DCB,0.11980653343982506
CC_07F5FD390B1F,0.04486943384356092
CC_07F7A389BF4E,0.3375832770737911
CC_07FC4A2BC77E,0.198815156124493
CC_07FF8EC340B3,0.2048117747515102
CC_0801B8AF7A9F,0.04172460975899343
CC_0807ADD15F26,0.09745162463670047
CC_0808F7C18855,0.04606823419652499
CC_080CB10D0364,0.14535134737038902
CC_080E1771D02E,0.10439050308929558
CC_080E72C99130,0.16810773998915887
CC_0810E47BEA85,0.08394910755155957
CC_08115A4B058E,0.28826764981973485
CC_081227D00C52,0.06085608483826048
CC_08139F6C460F,0.25418587805798165
CC_0816FF71311B,0.15830217020107926
CC_0817F163FB1E,0.04591318011739621
CC_08195EF1CA52,0.05626259127784172
CC_081AA2242344,0.15106593539966467
CC_081CBCE9700D,0.21845335010543598
CC_082176D67132,0.09057032937402536
CC_08231EE44891,0.7488076691003803
CC_0823279D3077,0.13151591088109313
CC_08247C7CDEA0,0.18507349170485118
CC_08249B820A7A,0.06180515217897107
CC_08288E34F2F5,0.14336774877838998
CC_082E87A9B4B1,0.0628716191184728
CC_082FB2720EB3,0.16663868225999223
CC_083222B8F316,0.08942809892724671
CC_0839A33FCE00,0.6503038932391078
CC_083C33E9151D,0.050330843131824746
CC_083CD0E2A167,0.17332147084649654
CC_08403797E6EA,0.10373024798655286
CC_0841402F9A24,0.13915162763088937
CC_0842B2FDB642,0.1028248006177503
CC_0842DC3DC72D,0.15834681193446126
CC_08440259404C,0.7617665677543923
CC_0846BD9FAA1C,0.2237950505216561
CC_084876B3442B,0.5546173082251128
CC_0849837A872A,0.23291906101888288
CC_084A0FEE0AAB,0.703656828179722
CC_084BC55A842A,0.13151019456885962
CC_084D9EE11B76,0.11375582764267307
CC_084DB161F983,0.1745205524384939
CC_084F916FC768,0.04747569125947045
CC_084FB95CAB85,0.2003510873929392
CC_085139B7D54C,0.1624878754546679
CC_0855D0C0F7B5,0.07005628703334224
CC_085642D91EE7,0.04778508262574567
CC_085D6D5266B8,0.09054198535525823
CC_085D78F164A0,0.19049786974224017
CC_085E969E0928,0.23968674292370978
CC_085F11C66A32,0.3512185670083562
CC_08619FD59387,0.6623792531163245
CC_0861B60C249C,0.5799107736735787
CC_0868E58C74C1,0.5976629499277308
CC_086B2BE5D351,0.7592809712094202
CC_086BA27778F8,0.05413638518702192
CC_086DB83BDC55,0.34166341928032434
CC_08750D4FEC33,0.06970505450833982
CC_087672402147,0.13237295936334953
CC_0876AEE19F94,0.07384186439126272
CC_0878F28E8417,0.6633828293468162
CC_087A86ED6C6A,0.17099152748459162
CC_087B451DE42F,0.09118595363690947
CC_087C783CEAB7,0.7290234412779386
CC_087C84FFD93A,0.1016042399896919
CC_087D030DB6A8,0.2199474822355027
CC_087FA76FFE5E,0.4406891564565899
CC_0888349F21FD,0.08257873837084465
CC_088969325432,0.4694476125637787
CC_088C68313B5D,0.12337635846867719
CC_088D9EA29129,0.0880337752965292
CC_088E2D0D27EC,0.20336522795014775
CC_0891486BDA08,0.15796163296011323
CC_0891825DA636,0.07022841926872592
CC_089245AF41F8,0.32910019481760155
CC_0899609BF534,0.18980362182546232
CC_089C94786E2D,0.057038310552255424
CC_089C9DDB1C5A,0.11597019687842872
CC_08A34A2639A1,0.11637275133880332
CC_08A53BBBCE9D,0.15534111398106537
CC_08A5BBED2B0D,0.11218651610133476
CC_08AD61D6D692,0.0701417138765946
CC_08AFAD09463D,0.1120774565124795
CC_08B196099DB0,0.18011548996390273
CC_08B650C56F28,0.043061487912788146
CC_08B6ECF026A0,0.440461148697265
CC_08B98BA24D78,0.6966339557258603
CC_08C1D24436A5,0.055996346408351626
CC_08C829408EBB,0.061441027931345905
CC_08C89784803B,0.7219002866121883
CC_08CC95AD4110,0.12853478657524825
CC_08D11BBB0075,0.15785282927566557
CC_08D1DD574261,0.35524851922911804
CC_08D378559DFE,0.7410031836317518
CC_08D40B5264A8,0.2245609298168471
CC_08D41E19FF18,0.22558034823097803
CC_08D672A43C3B,0.25797161742142427
CC_08D9BA336AB8,0.10798130742969902
CC_08DB4D0986C2,0.16945492834756426
CC_08DE6D45E3C6,0.23753629642282173
CC_08E1C6E56B36,0.2670098157000579
CC_08E3D97E1659,0.745665394205379
CC_08E44F93E249,0.2172381470495192
CC_08E5485F36EF,0.042664451897744524
CC_08E668EC1255,0.035938841104932784
CC_08E72FAAB4D9,0.6355498048158188
CC_08E9C2CA5AAC,0.18917454293107985
CC_08EBFBC2EFFD,0.1806645064962427
CC_08EC3B839EDD,0.10100214078244847
CC_08EC4AE8BABF,0.12063422308040392
CC_08F5071759E5,0.20412403476116942
CC_08F82CD59D75,0.193347035025917
CC_08F8BDE9C73F,0.08040137553224372
CC_08F93BCEE905,0.25955439553027004
CC_08F96920CE0C,0.16933030693693837
CC_08FB6891E101,0.15635653248536613
CC_08FF14D7E173,0.10932002213071987
CC_0906AC8F160C,0.08354224334266022
CC_090900EC9AAA,0.1758654335574688
CC_09090EB74664,0.11423596857789123
CC_09099D46BE98,0.06604823327219597
CC_090BCB4BB42C,0.25492648279970587
CC_090C04C0C474,0.06359490762347024
CC_0911FF4C74B5,0.06486784099597506
CC_091390A2DFAA,0.20168843424119065
CC_0917CB63B767,0.14201290891955204
CC_091B2ECA7BFA,0.06778980118481417
CC_091F4B87F147,0.6441073039603161
CC_092137A0950B,0.23284818590851053
CC_0923560180DC,0.20843870766061712
CC_092BD3E1B702,0.16456811912327646
CC_092D671397F2,0.22803762283614643
CC_09319A997B62,0.6457255047004882
CC_0931CDD13861,0.06818653053705465
CC_0933392B5B07,0.053501611826207926
CC_09391B0D1D66,0.049707539171696444
CC_093EBA6E286D,0.6265796497695795
CC_09457CA5C6C4,0.11599978621923956
CC_094703EB6E24,0.1315377955244505
CC_094A1E74EBCE,0.6618950922505674
CC_094DA806D155,0.20749419079791043
CC_0950E8F3267E,0.07832633912598796
CC_0951D4DEB24D,0.21849234929757005
CC_095DAE4124FC,0.6614062025727087
CC_095E57DE825A,0.05089081345380038
CC_09609F2EB6ED,0.3040675827741234
CC_0961DB8D4872,0.14106711015139878
CC_096349D3905D,0.20689660322762565
CC_0967D032E088,0.06968717930620849
CC_096E87D54477,0.15630314777096105
CC_0973A9899EAB,0.0476222638241839
CC_097458C61B4F,0.15389073050393534
CC_097A0C40D881,0.09089990575438259
CC_097AB7DABF0E,0.17462751197833537
CC_0984B2D6AED2,0.1527366930467543
CC_09879B7CE1E7,0.04371792478618006
CC_098B2B6293D6,0.04719985448316859
CC_098EA6AEB483,0.6441863200849982
CC_099087D32DEA,0.12896306020717083
CC_09909BD37806,0.088121087890389
CC_099AB91EA380,0.1778623695620553
CC_099B58F1E786,0.10788395736973296
CC_099B828FA09A,0.17018273519221444
CC_099BDF25B430,0.12442194512454904
CC_099E26D9EF6A,0.3951332511843058
CC_09A509146F38,0.0651095055396217
CC_09A5BD444A27,0.13402930172459132
CC_09A9984AC246,0.19435700961110583
CC_09AF753B7CB9,0.09870640686047735
CC_09B114B2D2D4,0.19482660134424915
CC_09B281513757,0.1744946333653141
CC_09B503D3194E,0.1386639336259974
CC_09B6336FECED,0.1631637754702841
CC_09B9E0F3B73B,0.17098060403564488
CC_09BD6D248D04,0.1713899226907885
CC_09BE18C733AB,0.08162728655784862
CC_09C023CF36E7,0.3291541758628022
CC_09C1E1578A5C,0.05528427735326855
CC_09C43084F936,0.6660164834033944
CC_09CB2C4B9890,0.09090477550140169
CC_09CB44CD08FA,0.03810392328756708
CC_09CE70E9647E,0.1794693650702355
CC_09D03636B613,0.132184904880353
CC_09D05875865A,0.4089289134622107
CC_09D21570768B,0.14909957492444967
CC_09D6B7CA3FCD,0.20240765845790473
CC_09D826B67656,0.17967385988971743
CC_09D8BE21DBC8,0.04485139553084464
CC_09DDEE0E4970,0.08145051373736814
CC_09DDF293FDEA,0.2757796261587101
CC_09E3CE0661A3,0.5097875309954685
CC_09E5430CC95F,0.05110175066793141
CC_09E773137A14,0.162454848770679
CC_09E9230CF64E,0.051690310600474576
CC_09E9AFDA34A4,0.27687988037151434
CC_09F024507CE2,0.19030985966172673
CC_09F70398D706,0.061542091574974846
CC_09F8B54DB9A6,0.38862375532048016
CC_09F900BEC423,0.045002742481539855
CC_09FC7B468C9C,0.19221142691739643
CC_0A03BEFA13C6,0.1316035538929195
CC_0A03F13DFBD8,0.10085926601220019
CC_0A0961770C6E,0.061258620842681764
CC_0A1077269584,0.11435505250785567
CC_0A13F2484216,0.5296507109952648
CC_0A1450B1D3E3,0.7408944252546259
CC_0A16375BFE61,0.22012974156004592
CC_0A1B95ABABCB,0.18138735161168323
CC_0A22EA63453D,0.05008497595569008
CC_0A24FC1277A0,0.1576104142463248
CC_0A25553CE67E,0.05629426791749995
CC_0A267655AC20,0.12209939259595029
CC_0A2969C54B5F,0.06688647463099222
CC_0A2C9EEBF06E,0.05547670723563112
CC_0A2D425082F0,0.16959348484260472
CC_0A2E26070BC8,0.0696396239614401
CC_0A327C07F0BE,0.20540512769870495
CC_0A333C77238A,0.0652281206964185
CC_0A337EDA8C55,0.0901104731112472
CC_0A3DC9894F29,0.8248567169108801
CC_0A3DE96DCA51,0.5740131135801304
CC_0A42FF68341B,0.20736624599653825
CC_0A4914959E54,0.2027347351035877
CC_0A4D5D115979,0.11357465037798664
CC_0A4E6F4FBD06,0.16870293834624112
CC_0A52BA21B4A7,0.6533000205701274
CC_0A5D1270D1E1,0.17601877998774504
CC_0A5D157FDED4,0.16215499934769334
CC_0A6233D2C619,0.04490112881215311
CC_0A6385FEF719,0.07371944303198293
CC_0A683DEDA228,0.6785662240127642
CC_0A697E3841C0,0.32018677478351626
CC_0A6D4900EEE6,0.6929358149615471
CC_0A6E3CBC02D5,0.07351267485694407
CC_0A6E4C237186,0.13754768693040437
CC_0A73CCA81FF0,0.1293595100204588
CC_0A7521D47AA9,0.05947575441001875
CC_0A7630BCB18F,0.12179283496533402
CC_0A76432DFD74,0.08830551926333735
CC_0A7676EF8D88,0.2779673949133531
CC_0A7EED89E726,0.19789867976471537
CC_0A7F61F96D66,0.07845887928581993
CC_0A804337A5F7,0.10729131130311835
CC_0A8208CA9476,0.16997674725573583
CC_0A8443552E3C,0.16504019916602383
CC_0A890A31E461,0.052082863376888076
CC_0A8AC87ACC5F,0.14392642108780299
CC_0A9118A4F92A,0.43813244754539565
CC_0A9BF104B2A1,0.1559154386193347
CC_0A9DDA80A58C,0.11125915362466539
CC_0AA434BA8AF1,0.31964652487735007
CC_0AA80D59CD42,0.17573535092496248
CC_0AA8EA9DDA8F,0.09756088768702405
CC_0AAD205DFEF3,0.38960122831182437
CC_0AB5F2A07413,0.3367191456439139
CC_0AB9DE4164C7,0.17478913481705385
CC_0AC9F2F2EBD5,0.04175209830936636
CC_0AD02C2AC6D3,0.12005685945330044
CC_0AD1C3CF8346,0.12303854096663178
CC_0AD2FF59F945,0.06467817204049767
CC_0AD484D255D3,0.28650217809142475
CC_0AD80F49B2B3,0.40829394705294064
CC_0AD9D66D8A49,0.2117785850692961
CC_0ADD5865B2D4,0.18320024577277444
CC_0AE1AE16929A,0.3171629235347779
CC_0AE3A1A94342,0.08501629117497464
CC_0AE50666719B,0.11939123573933419
CC_0AE61FDE9170,0.04936157928267458
CC_0AEAABD22A04,0.08400047505465941
CC_0AEB58E97E52,0.0768411607357237
CC_0AEC3531CE59,0.08793964598977771
CC_0AED2C82E292,0.09974405609633208
CC_0AEE7E3A3EC9,0.11501589963966548
CC_0AF4FDE40D14,0.199682758676797
CC_0AF84E6BAD9D,0.18695544071268128
CC_0AF88448DA3E,0.027984382369257755
CC_0AF919F3624C,0.08919602628583358
CC_0B00AB91FC68,0.11292079205096664
CC_0B032F64D84C,0.15678027973766837
CC_0B04DD053293,0.7107765140193936
CC_0B0571F96230,0.18009539782050235
CC_0B0984C9B4DB,0.5568060674582467
CC_0B09E0DBA271,0.23551445497949328
CC_0B0ADCD2C52E,0.6711642098165769
CC_0B0EFFF4E9B5,0.15644479594839553
CC_0B10141BDD3A,0.08018295891513343
CC_0B11FC1EEA1C,0.07977856156727157
CC_0B134718B99F,0.25688462229622233
CC_0B1373B302C3,0.053552857061705206
CC_0B152C6EA472,0.058585870802082995
CC_0B1C64DD551D,0.06980907354568375
CC_0B1F96F945E6,0.13522997174995477
CC_0B278DA0E00A,0.6249486397742828
CC_0B2BA7C873BA,0.12205679343525352
CC_0B2BDBBF8F99,0.5456481048745584
CC_0B2F9537C897,0.09743538817717116
CC_0B30B117D26A,0.06825928411963443
CC_0B3300B737C5,0.6281695737724158
CC_0B3CE065F44E,0.7902833466892774
CC_0B4045CD095B,0.4418971110929368
CC_0B411045AE8C,0.1389332382205464
CC_0B480932FD10,0.7325943855224217
CC_0B4B65811442,0.33130979951378203
CC_0B4DFFB5AC8F,0.045131580354627616
CC_0B4F5E460A00,0.2993981415143747
CC_0B56B532A212,0.11541697646946872
CC_0B57774D8812,0.10605002807371997
CC_0B5A6EC1C63C,0.08417616647348977
CC_0B5B8A08B70B,0.1683553843145354
CC_0B5BB487A934,0.590122267868611
CC_0B5D32127AE6,0.06548141709593365
CC_0B5DBDD11146,0.06077308072603924
CC_0B5E708AE208,0.13424404523222838
CC_0B60599B13C2,0.0684736856091963
CC_0B653A8AE34C,0.06679880808770325
CC_0B68847DFE5F,0.21222193488359592
CC_0B6FC317E338,0.08133517286161727
CC_0B73872EECDE,0.04722387175595379
CC_0B74E60EB299,0.05072909516567762
CC_0B756F020491,0.07985810258228296
CC_0B761D03C036,0.11277085973689452
CC_0B7F45FCCAC5,0.06474596247128976
CC_0B852E79B705,0.1832493985370476
CC_0B85DC1BF394,0.18500614984322156
CC_0B862E007B6C,0.4531519900322444
CC_0B892B5C26F1,0.12351105861893005
CC_0B8DC90CEDCE,0.08406099053857341
CC_0B8F3D2498E0,0.5276848391514068
CC_0B8F92B9E55F,0.22838450245687875
CC_0B928066315E,0.5478424970869507
CC_0B92EB44F174,0.1822796228854612
CC_0B93F9E9A0FA,0.07357069371603138
CC_0B97B96E1BAE,0.3905186266470766
CC_0B99B59BECD4,0.1347371108693985
CC_0B9B25E90A97,0.19878168551052258
CC_0B9E05D72BCF,0.20260764264204528
CC_0BA1C7787812,0.06185608353593802
CC_0BA40E398EC3,0.22096249955725472
CC_0BA5508196B0,0.2862371338863742
CC_0BA58B8D8C85,0.11389972890582682
CC_0BAA2D59203E,0.3641465607796558
CC_0BAD782D92B2,0.12414812139945693
CC_0BAE46ABE71D,0.1688730297965352
CC_0BB22F30CCA8,0.7924070176079496
CC_0BB40E16228A,0.03736509981146791
CC_0BB59154BF07,0.18515347748977623
CC_0BBB61F500F4,0.07570639893564779
CC_0BC061C8F785,0.12253858646314857
CC_0BC3248D0579,0.12583981559297894
CC_0BC55CED77DC,0.10334646998377668
CC_0BC8C90ECBBB,0.0939789089686128
CC_0BCAF4C842B1,0.14086401852185182
CC_0BCBF2B64452,0.3176903752631096
CC_0BCEB42F898E,0.19867658890595472
CC_0BD0D0A6D733,0.2796780725077187
CC_0BD13489498D,0.5297589805453515
CC_0BD6ACC36CF8,0.11173966499447227
CC_0BD7AC6FC52F,0.7082007643301366
CC_0BD96AA69CC0,0.15221846536028993
CC_0BDA0CDFB5CA,0.15132220902974253
CC_0BDA9EDBC50A,0.20045452174305134
CC_0BDC1668BEBF,0.18873998065315573
CC_0BDE818FA985,0.13737098579354343
CC_0BDF1B319AE5,0.1643362178653577
CC_0BE026E44C2C,0.04006726052214134
CC_0BE04B179C5B,0.1790490471081138
CC_0BE5B21DEB99,0.22504177581344678
CC_0BEBBA8AFD2C,0.04355191958111309
CC_0BED52943556,0.08327667129855268
CC_0BEDFE7D7862,0.15559132159272906
CC_0BEE9F3516A5,0.6313926573945052
CC_0BEF100BEEE7,0.09715331919994974
CC_0BEF89A9E66C,0.7274400386219071
CC_0BF4291A7A3F,0.512330729867484
CC_0BF4A3BDE9C4,0.410617881652123
CC_0BFC20347243,0.059216619611290565
CC_0BFE70E9C6B3,0.13364012340675233
CC_0BFEE64CC253,0.23657444938066283
CC_0C0185C575CF,0.19705726115501085
CC_0C03C24CC6C7,0.15339648684414947
CC_0C0642C807E6,0.7885711649540809
CC_0C073BB2BF96,0.12257878080231892
CC_0C0B99CAD7BC,0.08917160518272385
CC_0C0F36FAF7A1,0.146309592009733
CC_0C0F5ADF8524,0.14448020759931138
CC_0C19E8CC4A71,0.5769123301160386
CC_0C21C2FE2CE0,0.41773646536570236
CC_0C237FDF0478,0.09890059268148672
CC_0C29534F1141,0.2656119015643778
CC_0C2E5503BD2F,0.642198338496853
CC_0C32774F6A1A,0.20199946343290454
CC_0C3490750986,0.19623961791089595
CC_0C35D85EBCB1,0.1928208085966534
CC_0C365BA2364F,0.10326171918053884
CC_0C37648A25BC,0.11634836083898308
CC_0C37CA5BC52B,0.061647851674179965
CC_0C38E7EF36BD,0.3377759807420155
CC_0C3BDCC8ADC4,0.05277957109716379
CC_0C3D8780105B,0.11874983891678095
CC_0C3EE0D0A4AF,0.5832220766645647
CC_0C4475F00924,0.13418370169389027
CC_0C45752A8514,0.46916943157604407
CC_0C45A3705CB8,0.267034866543124
CC_0C46B177F484,0.06017537234123954
CC_0C4A96DE8D56,0.07906828022175647
CC_0C4D0923DA74,0.31236913543038664
CC_0C4DC681EA7B,0.19974010560802485
CC_0C4E299D6E0D,0.18429371575744044
CC_0C4F842F2D37,0.40593600232112087
CC_0C56C2B8F620,0.14194105638729043
CC_0C5B294CB2AD,0.13144872761389356
CC_0C5F949717D0,0.21402220579504427
CC_0C60640707EB,0.13660212589716003
CC_0C612B5EFDA9,0.2148659493932886
CC_0C63D0885F1B,0.24115719306179412
CC_0C642C1F87D6,0.19872847669370375
CC_0C654989A8F5,0.2320806781138185
CC_0C6699A632C8,0.12981810726852278
CC_0C69C6DB41C9,0.12801314589890686
CC_0C6A368DEBC5,0.17843074498630973
CC_0C6DE076DB8A,0.04273697437956989
CC_0C72E470640B,0.1338780005180329
CC_0C74BB93CD99,0.39343324819156117
CC_0C789E47D463,0.09636890371368445
CC_0C793C151AAE,0.7787869803753913
CC_0C79B8B3F2D6,0.26147207567142283
CC_0C7C436C57E9,0.17296006090772
CC_0C7C8D0AF199,0.14126705745180235
CC_0C7FCC44015C,0.4808065505125464
CC_0C84D72A7765,0.24417492213011158
CC_0C86E9A21207,0.08853799625390665
CC_0C886C95373D,0.4211347560347126
CC_0C8888F1CDF2,0.6674612794855761
CC_0C8D90F0922D,0.06257340070890591
CC_0C8E6730ED67,0.06559882085273501
CC_0C91FCF615B6,0.21998901829591494
CC_0C93732ADF97,0.13708734857981547
CC_0C975D38A326,0.03639830764160287
CC_0C9C7A97A5F4,0.1658201657018307
CC_0C9ED89049AC,0.05782058240792144
CC_0CA45E2A5E6B,0.1444211781663576
CC_0CA466FA04F1,0.09729188622839759
CC_0CA626203B37,0.06725636487309761
CC_0CB0A0716BCF,0.6752730884599984
CC_0CB38C46D03A,0.06072934216065803
CC_0CB45F66B6F2,0.06434161513315874
CC_0CB64898FC0D,0.5471062351741617
CC_0CB7F76A66E5,0.09483843521576342
CC_0CB96C7639E7,0.1816383089674129
CC_0CBB4D2AD23A,0.7573452069726812
CC_0CC12648C9E4,0.17406248462371737
CC_0CC15637F3AC,0.07016820810459569
CC_0CC2EDDC638D,0.13727878516174769
CC_0CC4A8B7482A,0.14123316817298598
CC_0CCBDEC7850A,0.1241710343207533
CC_0CCDB8C95455,0.13536572897535284
CC_0CD2A5B99834,0.08382902683356455
CC_0CD42BDB0B17,0.4597542400520944
CC_0CDD257E8FE9,0.10911217338164751
CC_0CDD6AF89F14,0.13379129591711048
CC_0CDD6E657D91,0.17905739370756743
CC_0CDEE9154E66,0.19636323726476262
CC_0CDEEFE130DD,0.053804958412643246
CC_0CDFB51090E3,0.23981614871475626
CC_0CE0E01CD7AD,0.04247715611640025
CC_0CE3EB77C29E,0.6517471405163834
CC_0CE536324EAC,0.14677594908241715
CC_0CE579BFFB20,0.15849865230974297
CC_0CE7D8349D41,0.04881813285971216
CC_0CE89D05D8D0,0.08556930354295096
CC_0CEA80A97E41,0.09960703582532102
CC_0CEB735EC729,0.06921940430937173
CC_0CED9ADB2A09,0.45476712840186434
CC_0CEEA76DB759,0.1423943406274491
CC_0CF091BD2CE1,0.13909787706256338
CC_0CF811EE7BD5,0.2658473316876303
CC_0CF9957442C8,0.06801811928457278
CC_0CFA517479F5,0.1737475410036846
CC_0D016154E1C0,0.31162292066744524
CC_0D0445D6C3B5,0.27100269043161446
CC_0D048FD6821F,0.14181546165532383
CC_0D0B8717FFA9,0.20721083046690664
CC_0D0DC41B22F6,0.09485937077436914
CC_0D0F2A97BA52,0.10700696882367625
CC_0D13A003578B,0.23908012928545327
CC_0D142FA3BB86,0.16798645606885904
CC_0D1668209F8F,0.46462851483375917
CC_0D17BEB72F8C,0.10546639391558166
CC_0D1D05268EAA,0.11650452458294962
CC_0D1E2B992350,0.04428611031573902
CC_0D22B7E22CF2,0.5881150937254918
CC_0D29AEADCFFD,0.10844864648111123
CC_0D2A4247E8F9,0.08805406556120808
CC_0D2CAE166D3E,0.49897656200855484
CC_0D2F00087DD0,0.1323132614439217
CC_0D30E804496C,0.13591384860682593
CC_0D325FA769D3,0.19471544007188574
CC_0D352F56EC40,0.6245211128097531
CC_0D366B910D53,0.0594042930555526
CC_0D391D096327,0.30637000820705174
CC_0D3D34F78444,0.08293341248393823
CC_0D3EC0263EB8,0.21590039002319816
CC_0D3F8C5DB72C,0.08890565811763265
CC_0D44A9988748,0.15729905122600696
CC_0D45F637A500,0.20034485098124494
CC_0D569B80674B,0.06723832458078219
CC_0D574FD172C8,0.05646947580549853
CC_0D5884F0ADCE,0.15362210009623675
CC_0D5A344D95F7,0.08746240162660132
CC_0D5A6A9CC79C,0.04703434795591583
CC_0D5C14B6B047,0.6474777769696576
CC_0D5C4B45704D,0.11056027064017684
CC_0D5D35CC20B4,0.12812417320038166
CC_0D5EF547C948,0.05731181129736024
CC_0D620A89DC23,0.4456331474066314
CC_0D6261C2426B,0.04062467545113936
CC_0D65D94CD102,0.056426106318191394
CC_0D6A2881FD21,0.055234017864856946
CC_0D79128FCBC0,0.07985613869166674
CC_0D7964193A8D,0.07289757131950325
CC_0D7DC4C2AD58,0.046726975537742146
CC_0D7E67048FE1,0.7090383383352922
CC_0D81C3847464,0.20050772008517
CC_0D83E582BDCE,0.04721058674816171
CC_0D849B132548,0.09613858971947113
CC_0D89CDC3CB7A,0.13037244760827435
CC_0D89ED88029E,0.15638017122325798
CC_0D8A6B271FFF,0.1384515127328195
CC_0D8D5D4F8016,0.46588103759328525
CC_0D8ECA973778,0.1034081163847097
CC_0D976DA0C4B3,0.10532488155676852
CC_0D9B1B322068,0.1455294471544915
CC_0DA5375308EE,0.217503560138765
CC_0DAF7BFE19E1,0.4063478800146207
CC_0DB07EA178BB,0.1273671193738068
CC_0DB2EFF92E93,0.24092346964713313
CC_0DB32286FD0E,0.2466845684544796
CC_0DB5F843CD9A,0.17544471667455896
CC_0DBF84685A9D,0.12701491513019053
CC_0DBFE51411E2,0.11302927874452173
CC_0DC292528D55,0.09536413179145913
CC_0DC3581EEAB6,0.2450890708187054
CC_0DC8060DA736,0.08120809670296437
CC_0DC95532E7A2,0.07572341282435699
CC_0DCA048649D9,0.06765094994211572
CC_0DCA0A0FA295,0.36254298402870777
CC_0DCED1D6F3DF,0.6672865043146451
CC_0DD053654795,0.06374726016932587
CC_0DD275FB7040,0.28800854931584646
CC_0DD74B3BE342,0.3392463929089099
CC_0DD79233AAB9,0.1491298835888794
CC_0DD7B0AB100B,0.11223217615993442
CC_0DD8CFBA4338,0.20502804096565344
CC_0DDB3A493411,0.17031664079515443
CC_0DDC91491636,0.11607160828811422
CC_0DDEA339D986,0.27862471232977115
CC_0DDF66C54198,0.10883745962047879
CC_0DE1E49C6B02,0.7587951908249523
CC_0DE403198D7E,0.1802502636005675
CC_0DE420EE4059,0.5711423217933259
CC_0DE61B4E5E3E,0.06684692497685983
CC_0DE6C33D0688,0.08658146826143413
CC_0DE92ADBD382,0.184911955857681
CC_0DEF161B987D,0.18483182685902227
CC_0DF19F74AACA,0.11231667590717956
CC_0DF2D47B5C53,0.1128055058682833
CC_0DF8D0A82DBF,0.06505844886527971
CC_0DFDFFCFD7DF,0.058121630031525026
CC_0E0641097EAC,0.3100721724588841
CC_0E066C915A32,0.16917234466631564
CC_0E0C4892CA9B,0.08614280429033615
CC_0E0CB4904497,0.4844486770037847
CC_0E0E208D05E1,0.20406457290851407
CC_0E0FC636F9D6,0.6644279757768887
CC_0E1034FDB7E3,0.0696902901296331
CC_0E12F18E168F,0.04137727848255393
CC_0E14670ECAF2,0.06747557817995059
CC_0E189EDE2DAF,0.18898258405304863
CC_0E189F4644FD,0.27154645520595533
CC_0E1FD5488AFC,0.10234149090025604
CC_0E2459929777,0.2161272401753108
CC_0E26CF39834F,0.34297729286567924
CC_0E27CEF1887F,0.14053501223203105
CC_0E287AA3CB2A,0.5445504795440356
CC_0E29E165CAC8,0.07235046554778177
CC_0E2D267991CB,0.07657620339492224
CC_0E2DF93A8DAD,0.23290351464651823
CC_0E3231B402D1,0.15509128197856398
CC_0E33A63A46D0,0.039489832394479056
CC_0E33BD266FF4,0.03975304344392748
CC_0E361432CA7A,0.12980459712642767
CC_0E3B75F8EC99,0.09146875362048419
CC_0E3BA976485A,0.13088859897049177
CC_0E413006CC6C,0.15263360614297866
CC_0E44D2F85EE7,0.10104760037053087
CC_0E4649A88E12,0.19238903117003545
CC_0E488689C917,0.322102042844473
CC_0E4E5563FF24,0.3761241387118067
CC_0E4F74BFAEAD,0.1255221099633111
CC_0E50E73AF530,0.1054756049298375
CC_0E5324067983,0.28754740454800254
CC_0E54214DACE6,0.10716691778567997
CC_0E5A7809F249,0.10017665156627013
CC_0E5D0509A578,0.037755514555034855
CC_0E5E55DB918F,0.7334344973130111
CC_0E5E93CB968B,0.6793537893772578
CC_0E602DC3249B,0.6538537558421519
CC_0E6186059A38,0.6701527669781359
CC_0E629D90499D,0.19424500447578835
CC_0E64764E4B6A,0.1657388617493445
CC_0E6BFE273031,0.3643481275540962
CC_0E6D43AC71DF,0.3659660158508644
CC_0E6F6F06E4AB,0.11625472001077608
CC_0E711E9BCD9B,0.6395209675756397
CC_0E741DF7DC96,0.08923258510811374
CC_0E776DD7B43B,0.4577080259700671
CC_0E79A2D45113,0.48064606688535594
CC_0E7A70B0BB2A,0.1397191021319171
CC_0E7B2D03DEA9,0.7938574491005951
CC_0E7DFD11FF66,0.6883997235578583
CC_0E83B80326D0,0.13337431794496374
CC_0E8965947C9F,0.20066718423150234
CC_0E899817D54C,0.19503860754674401
CC_0E8B33971801,0.06563527549540316
CC_0E8C18050A48,0.5820735292012726
CC_0E8CBA3DAC04,0.09158686269526317
CC_0E8D11C210BA,0.27475299944813075
CC_0E8E39EB38B7,0.07405547491562106
CC_0E8F14E1BDB5,0.1609449053762891
CC_0E9EE800E2A8,0.09158121400575758
CC_0EA165E99E1F,0.07505951317316212
CC_0EA7EEE84D3E,0.06466070567307061
CC_0EAA3098B0F8,0.09887823061768089
CC_0EAA86178D7A,0.20785854247957997
CC_0EAB4008DCFB,0.04650728844092673
CC_0EB411906A92,0.04262968712589303
CC_0EB6A49B430F,0.14530534337981038
CC_0EB9041C6D54,0.07445296489371248
CC_0EC074CAD82C,0.07627919504470192
CC_0EC473A69B64,0.06345903063384423
CC_0EC95475DD85,0.6416927711838085
CC_0EC9801511E5,0.5710890752077197
CC_0ECA83CBEFC9,0.22399798026972126
CC_0ECAD1F99D7A,0.10751966372967256
CC_0ECD7928D657,0.17934872525821133
CC_0ECDAA03D3A7,0.31619689540830115
CC_0ECEAD012C8B,0.10837356595188703
CC_0ECEC4E93B5F,0.10560011226501939
CC_0ED2363AA36F,0.06434280747012386
CC_0ED25B3D8855,0.08057197808297747
CC_0EDCCD0C0322,0.2801698268957783
CC_0EE1E5BC99AD,0.12617930309326697
CC_0EE2F5C94FB1,0.18240251264379279
CC_0EE44F53D366,0.7421087463365895
CC_0EE4540E15B4,0.13455557963826537
CC_0EE84C210702,0.11155319296755177
CC_0EE88344008F,0.16129540925321703
CC_0EEB9C2B32DF,0.19065674161131063
CC_0EEDB24A1BF3,0.1583198218056312
CC_0EEF2F19ADED,0.6660566160628888
CC_0EF1F4D88A71,0.76339506693205
CC_0EF34A5B8348,0.10515114328833178
CC_0EF7CAA18394,0.09834227558280124
CC_0F0BAF7599A4,0.29821277424567516
CC_0F0C84C71588,0.20965588700963916
CC_0F13AE64FF84,0.05430069294147475
CC_0F1511CD98FF,0.07461447581694003
CC_0F1E37D22F16,0.7960957221805667
CC_0F1F12A77FFE,0.2130784588271064
CC_0F2DED626B8C,0.6063038901664616
CC_0F309D317B0C,0.18300641054491396
CC_0F32A34CCDB3,0.36884968490137815
CC_0F36EAFF4885,0.24330011951944494
CC_0F3741E27F5F,0.08770616714452993
CC_0F3BA7BE6767,0.31051957323770113
CC_0F3C54D473AF,0.23787303826292883
CC_0F3D7DB6B7E9,0.04665127393407477
CC_0F3F69455D55,0.2610787635214585
CC_0F40571D0B12,0.2048070580520675
CC_0F43FC8215BB,0.13501867778766224
CC_0F4A6D3C4D61,0.037765542824518425
CC_0F4E7F16CAD6,0.6692804298095247
CC_0F55FDFF7E25,0.23015922643153913
CC_0F5848A897BC,0.24847172035346543
CC_0F5ABD1FDA86,0.12350372386194257
CC_0F5BF5C1E047,0.24919674972600364
CC_0F5DCF690AD3,0.038549913401667066
CC_0F5EB6571008,0.12872589457418832
CC_0F61968E934A,0.6306406158334337
CC_0F61F1B3501F,0.04022611945184874
CC_0F6391E1FDBC,0.12468822156697423
CC_0F65AE1D8AED,0.6261795395961274
CC_0F6AE7057DC7,0.21481773635984788
CC_0F6D991C9997,0.6990992289811973
CC_0F6DF2FF905D,0.1381907380122261
CC_0F6F798A2464,0.11994618305309442
CC_0F71E7FE04AB,0.051132667848957244
CC_0F732E44A375,0.679199817763977
CC_0F7672C55A48,0.03708499427838042
CC_0F7A93B07205,0.058677349326471506
CC_0F7B5266B8B0,0.16880083213305092
CC_0F7B8097B447,0.05699453761200431
CC_0F7E98267DA6,0.5682061252849561
CC_0F7F89ACE630,0.153883346016353
CC_0F8169AB6F73,0.04497598629300504
CC_0F81F037D375,0.3158007953887838
CC_0F8564DCF1DF,0.6983403256430678
CC_0F8787AA1B08,0.06739255406601725
CC_0F913F99F7AD,0.10231601093690743
CC_0F91FF62EC15,0.04268662255863675
CC_0F981EC9A94D,0.3785990003277892
CC_0F9B23A705FD,0.07497989765576292
CC_0F9E23AEEEF7,0.14579120548019525
CC_0F9EF2C99968,0.69321523529406
CC_0F9FE5F37C0C,0.15748197252600005
CC_0FA0FD63CF24,0.11887871319223886
CC_0FA3894DE2B8,0.08498151675734818
CC_0FA66DACA887,0.12622659106142475
CC_0FAE37424BE3,0.1344880520379915
CC_0FB86F055DB1,0.14350294522467277
CC_0FB8B83E7AEE,0.2270287705752188
CC_0FBB2A7CF5F2,0.11450793501142047
CC_0FBF0E20A578,0.16904239290010034
CC_0FC0AD580D04,0.08113451793988297
CC_0FC1319A8AD6,0.12862276785622165
CC_0FC3242E54A0,0.09034623753409073
CC_0FCCFAC989F1,0.32858762703835465
CC_0FD045ACE3D8,0.12018024117637076
CC_0FD435B4EC5C,0.21242315741652118
CC_0FDB175845F9,0.10029383507534546
CC_0FDF62854360,0.08520130958941671
CC_0FE10BAC0B73,0.07926299316993568
CC_0FE2075F746E,0.12439293825008209
CC_0FE4BC723F10,0.10155877404073774
CC_0FE970B33965,0.16608743946213472
CC_0FEB47184B0A,0.2192091654370286
CC_0FED8CF6127C,0.24920521002705387
CC_0FEF87BCCA14,0.16616671130465838
CC_0FF0161E1CDD,0.04972380084157306
CC_0FF3877B8B70,0.1292820204774869
CC_0FF7D5756F91,0.15593866673488369
CC_0FFFA5C0C682,0.31475630099649254
CC_100081A7F277,0.1061671284211593
CC_10029DE02707,0.07620943251554138
CC_1003BDBF7FEC,0.6615596521081132
CC_1007FAE95F62,0.07367533589586023
CC_1008996FD3C8,0.6369500802905137
CC_100917681A19,0.136468319892433
CC_100A35ACC13B,0.06811734002864897
CC_100D2AE97CA2,0.08118243329371312
CC_100D4BAF0483,0.12631634112736947
CC_100E62517901,0.04747042527217366
CC_10104A419F34,0.7365762409535694
CC_1014944EA5FB,0.7686254215031296
CC_1018EDCA924C,0.15175394261939118
CC_1019AF686642,0.036628231292173644
CC_101B3A7D956C,0.042905734405324754
CC_101BDB386D15,0.04966240287682326
CC_101DAF4769E3,0.0518962548845893
CC_1022CEBE1BFA,0.06442613697333838
CC_1026676BFD47,0.459061203316739
CC_102853A835DA,0.19294747867449258
CC_102B3C099A7D,0.07535904609084555
CC_1035B1729274,0.19522504817102226
CC_10379359D1AB,0.19099727621733212
CC_1037D22487E6,0.09918660598892999
CC_1039424A882C,0.2372247692125477
CC_103AF42C5598,0.03644209692246553
CC_103C6EB2098C,0.12659927316250183
CC_1040CACAC440,0.3641196405778754
CC_10431E4E10A5,0.23276184462589736
CC_1044727CDCDA,0.06217765320103721
CC_1046016FB349,0.13887295683132372
CC_1047B3CCE5ED,0.1407045406706831
CC_1048C6108B3E,0.31545185730980363
CC_104ABF72CC03,0.0954433710055639
CC_104E76D32351,0.056991788223832794
CC_104E89A015D5,0.07445421103766042
CC_104F1A213D53,0.24579574221175493
CC_104F86FA1952,0.37199018936098416
CC_105185853173,0.2242754278141074
CC_1053CE118E6B,0.08671350948407996
CC_10555E5FEC27,0.4239062994116571
CC_105C285675AF,0.07329693995155342
CC_1062483DC649,0.09700520800996218
CC_106318A8A846,0.1260899250560244
CC_10686536DDAC,0.13069373135840295
CC_106873970361,0.10470531570081512
CC_1069B693BEC6,0.12728035700447254
CC_106AA4AC4358,0.20505375517433705
CC_106E8E197ABE,0.05266506730033943
CC_1070A85FC767,0.1916992572490493
CC_10717F3732AA,0.18502341867655225
CC_10723A2C8F50,0.553497661810187
CC_10746DFB827A,0.046316639631520135
CC_10778A4BB770,0.08820302341188616
CC_10783ADF6DF4,0.09864176869357398
CC_107CD2128BE2,0.07782546026997475
CC_107EF00F4F27,0.2652230124986123
CC_107F8912BBCA,0.23084440131480868
CC_10820345CAEE,0.25936637996488204
CC_10870D368DB3,0.1593204945995377
CC_10877C879290,0.31645864702168747
CC_108A5D7A07B8,0.21593705938841165
CC_108B337BB93B,0.05925469295271615
CC_108DFAAC7E6E,0.3776464683507321
CC_10910E859E0E,0.5036015247159158
CC_1093C3FC63EF,0.2332958245816979
CC_1097C97F4511,0.21386808457544254
CC_109A0305BCBF,0.17801581507754954
CC_10AA87E69C94,0.7178707151047321
CC_10B2FE48BBD3,0.24089461339839197
CC_10B303DA7FDA,0.12298877716418884
CC_10B3363DCAD4,0.1625197354262659
CC_10B6CDF2D293,0.16266933802290545
CC_10BACC5A9EF9,0.17566449057183442
CC_10BEE7D5364D,0.7685999759983921
CC_10C0F72FD4B9,0.433899958850834
CC_10C678897E54,0.6081371198506215
CC_10C6FB037D93,0.04931028722965826
CC_10C962C1C4B4,0.10597248423761538
CC_10CE49B6BCFD,0.7670595583655967
CC_10CFC7F096ED,0.11345228797429223
CC_10D29637F4D4,0.08624953071756333
CC_10D34A725351,0.22839347398428442
CC_10DA2F51764C,0.04955642132261716
CC_10DA753385F5,0.10520385445924643
CC_10DA90441864,0.12512263029415682
CC_10DC316B3CC0,0.05906027231795108
CC_10E068DA07D5,0.15191817776439917
CC_10E24786EA63,0.06592484185731298
CC_10E623997DEB,0.10576290928710823
CC_10E9387C4533,0.05206851755152984
CC_10EB16FF62C3,0.07257732721389701
CC_10EDECEE251C,0.11314256047135966
CC_10EE17AB92B9,0.11070953798851206
CC_10EE85CAACE9,0.1564999251919232
CC_10EEC77FF650,0.15248473524170508
CC_10EFB88FD8DB,0.1728760160790734
CC_10F0DE08F65F,0.06695233269100447
CC_10F20A1AB72A,0.6501222996146778
CC_10F4D219A7A6,0.37709639636238423
CC_10F6A5DB567A,0.25820369332799076
CC_10F7151BB6C7,0.7576336500715463
CC_10F7B091682E,0.0717800227345432
CC_10FB7142DE72,0.04875111895617447
CC_10FC06574FEF,0.3338950834117707
CC_10FFB4E22F9C,0.2036014420665282
CC_1100E20E1B1A,0.3311029244946041
CC_11085A799BE5,0.0413300086078233
CC_110C571E2D6D,0.13666557661044587
CC_110C7648F37D,0.12752934371207886
CC_110CC91C7C17,0.12862909153403004
CC_11108F09641B,0.6348392552205799
CC_1111648E5F00,0.18568876776766732
CC_1114D6C2AD96,0.6673116407084467
CC_1116469D0EF3,0.18217202322903558
CC_111665F34451,0.07755604463455211
CC_111D9179BF4B,0.059619312382629554
CC_112982BED721,0.22015998275125934
CC_1129FE3DEB19,0.4640133116278829
CC_112B3EE86CE3,0.48286240294202615
CC_112C1B5D75C4,0.16606619111283086
CC_112F543303EC,0.12651359429203274
CC_11305681E8F7,0.1277876879186636
CC_1132B3469581,0.2689796909814057
CC_11342B2C8367,0.20324915209998476
CC_11384E1721D7,0.10428388410720153
CC_113A3A8A4742,0.07113218437204069
CC_113DAD07E5C9,0.10003329696342973
CC_113FC578F9FB,0.33629033252919643
CC_11426C485A60,0.17665140941577195
CC_1142867C5D53,0.1993658845467452
CC_114743636E5D,0.07472984910091247
CC_114CA6C3CFDB,0.5446830358854775
CC_1151078C2D32,0.09395901955565775
CC_1156D9CA1622,0.1089762371397962
CC_1158A81A43BB,0.04047304651211833
CC_115A90AE7B37,0.249315640310985
CC_115B00DA4D5C,0.107943658643789
CC_115D7E7CED9E,0.13749418001415914
CC_115E875F5C72,0.09681570740283352
CC_11617B024620,0.2447164787099534
CC_116195EC8F24,0.15782363153284676
CC_11650E5FE77B,0.07463096371154283
CC_11685D26513F,0.22035094258461269
CC_116BFC278A9B,0.23415751614869323
CC_116F967E12AF,0.18487377964798113
CC_116FECD7E22A,0.1632638609410298
CC_11713ADEABBA,0.12738446974237563
CC_11736D48F937,0.2993234982732865
CC_1173E020C852,0.13107501844105343
CC_117A8F9929DF,0.08226755481233643
CC_117C29938792,0.14859563900346326
CC_117D3D290B79,0.20397679866775667
CC_117F3F52B39A,0.046331284096252964
CC_1180397E0E18,0.0634667847123473
CC_118050B0E065,0.1363685606655891
CC_1182A06FA1BA,0.24165490381164534
CC_11875A6E255A,0.1418982923141596
CC_11893F0796ED,0.2566367339460876
CC_118BE5AC1B43,0.07643306920857129
CC_118E88555B8A,0.2240738550999879
CC_118F4FC75A19,0.1395970572698884
CC_119376BC9A9E,0.635590127390212
CC_11956D689FC2,0.05805991670211612
CC_1196148C1D73,0.20173084621380682
CC_119EAE00EF2A,0.23914146713558843
CC_11A39FF989D7,0.24033035722616022
CC_11A3E88ED77C,0.1139445503737659
CC_11AC14665983,0.11629233077650766
CC_11AD537B1395,0.4360612043504621
CC_11B1563A0E4B,0.0640257847761673
CC_11B566C845BA,0.03681636919236449
CC_11B587E74D04,0.16898231197252161
CC_11B62136784C,0.6312345912035183
CC_11B67B9E0E1D,0.0785430920056076
CC_11B6DBA925AA,0.08477000910511975
CC_11B756BD22FB,0.1864471615018953
CC_11BCB5B80913,0.051931259299433784
CC_11BD95F85975,0.3354128772000015
CC_11BF763F3B0E,0.14561853430977187
CC_11C4A2835B57,0.3549738844738543
CC_11C777226D0A,0.1597930324754274
CC_11D633D1CDAB,0.1420171557562681
CC_11D746332A26,0.04959048165665319
CC_11E18534C974,0.12905930653237613
CC_11E246399D5F,0.11918854028866308
CC_11E34823C9F8,0.7029723387056253
CC_11E76951B985,0.18653406185096302
CC_11E94D80A4EE,0.15102846392071873
CC_11EA9439D5B8,0.1284155159445553
CC_11EBB8736BFB,0.082630379119469
CC_11ED6D692C8A,0.1426799489160068
CC_11EEECA3D87C,0.7804378389413817
CC_11F31F9E8B79,0.08172218639257821
CC_11F349E0D151,0.1092837416927489
CC_11F3B5F1D300,0.16872612688472247
CC_11F6606CED0C,0.06287428100143491
CC_11F874D15716,0.10812664069451854
CC_120369D4254E,0.5565361500621605
CC_12056E853D4A,0.16882218513309186
CC_1205729AFEA6,0.07046475505550667
CC_120F437F7603,0.696553230361763
CC_121308C8B6E8,0.6843636755167708
CC_121AF61C6254,0.17402910257523865
CC_121C58E71A4F,0.4318778735065204
CC_122002B97F8C,0.12004894213679951
CC_12205D623AFE,0.06529499393498658
CC_1220D4E9D2A8,0.28786723140071374
CC_122D7F1E7A0B,0.16175012196988264
CC_122EE6F45AB1,0.048170357529242584
CC_1232690EDC2B,0.07575844689608657
CC_1232CD309A3E,0.3226238181690255
CC_12428B8ADEA9,0.19346710759529753
CC_1244F454247D,0.6260298035866687
CC_12466842C70F,0.05496848650147814
CC_1247E3165538,0.0539883269245275
CC_124D9DACBBEE,0.12788323132260862
CC_12511165D91F,0.045972199698199136
CC_1252858E5DA1,0.5601451599460432
CC_1255D71CBDFF,0.06379777914036304
CC_1256916531CF,0.7023412766113848
CC_125A4D844394,0.6131118303521815
CC_12610AFE4FA7,0.7145462141305079
CC_1264E5CD53E7,0.06471265247507227
CC_12687DB85C14,0.1523544670374951
CC_1268973B9017,0.08196340521987085
CC_1270B9E11834,0.04352810212133596
CC_1270E1D67FC5,0.1212901856652017
CC_12715BC831A4,0.07056170693870002
CC_1271E0364B61,0.15561078919673163
CC_127279DF6A35,0.051716492439332795
CC_1274A35EEFBD,0.14895148720371004
CC_12781F7D9AEB,0.19320700467517166
CC_127A8C424DB8,0.15782128094114994
CC_127CE04CCE3D,0.1626404948398799
CC_127D0788207E,0.06443706710582787
CC_127D415D0FC8,0.10608476161415843
CC_127DFFD19DD7,0.1833161978269454
CC_128244D9A3C5,0.13702827635621687
CC_1283AE10D435,0.04525240324314013
CC_128774FECE36,0.18727449602596363
CC_1287CB57208C,0.14386304932807134
CC_1287D6DD3C07,0.4146060421028618
CC_128833947423,0.1171795121327374
CC_1289226479CE,0.11913251306485814
CC_128CF93C9C68,0.2090908212054982
CC_12943C53232F,0.15863942167711093
CC_12965C9ED919,0.18678996248715563
CC_1296EDF7E640,0.5693416553645463
CC_129D5C1B8D00,0.13498351019927926
CC_129E3A93629A,0.5879982906283518
CC_129F54504300,0.5117189599853639
CC_12A50A8F43AF,0.1516182761037524
CC_12A5AF2B6339,0.37736885556154354
CC_12A5D5DA2E0A,0.18288147200812055
CC_12A73B68BA7C,0.31082458450381545
CC_12A80518CC67,0.2104280625941061
CC_12B01E3481FA,0.2237745298014593
CC_12B0AEFB0C2C,0.23995101519676115
CC_12B1A3E121EA,0.05943494581030545
CC_12B20570313B,0.7695897682174582
CC_12B2BC605A25,0.48265943760956825
CC_12BE1DCB9554,0.13335855104710212
CC_12C002DDF720,0.23522988813349696
CC_12C17EF761BB,0.6299762742467208
CC_12C2A91FD2D1,0.06855328060595048
CC_12C2C5FE15BE,0.18789084363850728
CC_12C61A3F8534,0.1597184048825917
CC_12C80DB6166F,0.09482669660313217
CC_12C942C94AC0,0.05013046873136012
CC_12CAB82FA647,0.07109940542342671
CC_12CE2F6B1871,0.1003014193896354
CC_12D91445C5CF,0.06646422529791221
CC_12DA7D6CD638,0.16215409155080585
CC_12DB887B1F54,0.21263942336012134
CC_12E0FFE7E6D5,0.1709539547369426
CC_12E17FAA02C4,0.13163297667617455
CC_12E8A3241009,0.06598029389954022
CC_12E8CF471D17,0.06569736827958579
CC_12EB7E2FBE9D,0.0788952832366307
CC_12EC6B16E8F2,0.028212768791200403
CC_12EDF0A21D8E,0.07296531094526973
CC_12F116D289A4,0.3109764846402158
CC_12F2CC049F32,0.1738591198600967
CC_12F4AE0E9C50,0.537203186510748
CC_12F529212274,0.3084527475225546
CC_12F6665B65F1,0.16872366058431204
CC_1306F26C1E92,0.14618311652175706
CC_130ACAA6CFAF,0.05872612433655677
CC_130B2BD31FC1,0.24258663724417212
CC_131266D3775F,0.4974029233883191
CC_1312A13B15FD,0.11685621445586494
CC_1314B3485367,0.21893358131981447
CC_131508558E61,0.08925745807795786
CC_131CFDDBAFCE,0.5857753970739354
CC_131FE9729ADE,0.3828789379987353
CC_13203D8A8B9E,0.07301757417688483
CC_1323E7388B53,0.07050074333752293
CC_1329A0DFF23A,0.19904816806370842
CC_132D35DE5699,0.17016226818031363
CC_132E60475D9A,0.14969730351953306
CC_132F1B80D22D,0.0758328087895925
CC_13323D6309AF,0.2782458196243815
CC_1339B797EB61,0.40156830064730664
CC_1349052D783F,0.3095393570188832
CC_13490D73C7D6,0.24775219318619426
CC_134E2266BE61,0.0888510809925441
CC_1351CCA7B3C3,0.7729483136266745
CC_13582EFD415C,0.0597350644874766
CC_135FA476E402,0.07707860636054534
CC_1360E6854F33,0.11244066590892635
CC_1362294CF6C2,0.0922743118245942
CC_1362B0C744AD,0.20826739096945163
CC_13639EE08ADC,0.2679312552452445
CC_1363CE9F012A,0.0712876848917666
CC_1365D5C6BBC2,0.09991557072688521
CC_13672D0FEDCB,0.11519394575028237
CC_1368F2EFC516,0.16667038581704446
CC_136EA5846EBA,0.12701471259996336
CC_1371E1F3C127,0.20747730556217214
CC_1373183E52FD,0.038435536949991043
CC_13754504B728,0.07069880069699831
CC_13768F948D43,0.15368094589876521
CC_1377262C6C5C,0.06463654012216827
CC_137B9E0E74CE,0.1571996061073384
CC_137EE4A71B80,0.16184766379142326
CC_1382A84A8162,0.6477156913439615
CC_13889971A045,0.68135962297281
CC_1388E4F9D0F1,0.10442417799674608
CC_1388F4F71DA7,0.7168409899182115
CC_138E19A68D8B,0.04082686934371802
CC_1396C173D41F,0.6035636269076083
CC_139D70292D7B,0.6153686806087527
CC_139D9A4C7B60,0.582608990487204
CC_139DB7344BD3,0.20642863288145974
CC_13A2B5541686,0.2034436029044427
CC_13A4FC3A1BC9,0.056694268777067826
CC_13A5730F1FAF,0.12922568324698466
CC_13A652B263D1,0.18704965867229867
CC_13A9ED13054C,0.3889732950777315
CC_13AD9FFBBDC0,0.08308629948598105
CC_13B035D9735D,0.03778275842617916
CC_13B78E6E812C,0.12071245252407699
CC_13BC2D4470A1,0.6464722080794862
CC_13BDD928BC6E,0.7300902628677878
CC_13C154345998,0.041634561418588054
CC_13C1F8475C75,0.22075167831158468
CC_13C26CDBE995,0.40271797281590044
CC_13C8941C4E63,0.18270939546280413
CC_13C8AFAA4A96,0.0982867310333713
CC_13CE9A805D47,0.0784689532840365
CC_13D0D0DC25B5,0.1094308449338776
CC_13D12AE5DB5E,0.18870974179206423
CC_13D2775BDB99,0.18138312101015078
CC_13D7C5892F43,0.11768758756152715
CC_13D8BB2898FB,0.17395799043193702
CC_13DCDFBFE04E,0.06158784642605185
CC_13DE4D663ACA,0.16979564233535924
CC_13E0F544FAF0,0.10530034177752348
CC_13E4E11494E5,0.07808311689843042
CC_13EB4754455B,0.5370701134929259
CC_13ED60374680,0.13713543644032816
CC_13EFA2436E63,0.3883645591431738
CC_13F63D985F02,0.1678318051462315
CC_13F7224F4CEB,0.1674925136661497
CC_13F8DDA68CD5,0.3206122425542173
CC_13FEEEF4DAA6,0.10210960270583158
CC_1401806D83D1,0.2692764032441958
CC_14022C179F26,0.11976541120092343
CC_140B15320D67,0.09469121689973488
CC_141097D43B35,0.1971986615127082
CC_1412756641C8,0.41181870781710533
CC_141585DB9F70,0.7498052384101012
CC_1415DAB3C546,0.14350183921914772
CC_1416B83F6B99,0.6683490816411876
CC_1417216500BC,0.21429884278953307
CC_141A459F9317,0.05549739168014265
CC_1420051AE277,0.19900664271446936
CC_1420350408A3,0.14656314774544277
CC_1422E8298DE7,0.062247674671890664
CC_14242BB4F55A,0.048769160346818004
CC_142C1401740E,0.7658845802029792
CC_142F4D1DA8D3,0.034470341201147406
CC_14347FAD2689,0.056017378238771585
CC_1435A595A0D3,0.11357016068892418
CC_143DC870051D,0.25613228034936586
CC_144534D93E78,0.08068066486693301
CC_1445D677285E,0.23173171311603533
CC_144912C7C6F4,0.06176219838350144
CC_144BF264798F,0.08084447349233762
CC_144E0287B718,0.09963609071913052
CC_1454C69E791C,0.6692390283980603
CC_14565288B492,0.11366748536568652
CC_1459762CD70A,0.06064843764597831
CC_1462F5234349,0.3053312060297312
CC_1463EDA0CFFA,0.530436793069714
CC_14677C665BD0,0.6478372174210684
CC_146A389558CD,0.16261541828320297
CC_146BFA2F4585,0.10920357177016346
CC_147074821F17,0.6290830379699233
CC_1471280F70B3,0.08484499457484893
CC_14751CEA4835,0.1363952011004296
CC_1476BC39D82A,0.661726980887833
CC_147A332651EB,0.06861779442073782
CC_147B57C690A9,0.6976127781468883
CC_147CBF290A91,0.05341422311004037
CC_147D3C36E9D0,0.6457672841271923
CC_147D9B212108,0.2121341302181594
CC_147E377E6BA3,0.09935022337466777
CC_14829AC11350,0.2049179581860666
CC_14850509C4F7,0.1937218838261509
CC_1487D79B3F82,0.11999002069724327
CC_1487F0190ED6,0.8024217504164971
CC_148D548BFEF7,0.47220180152847424
CC_148E40D39EE6,0.20340343413344888
CC_1499FDF273A7,0.6355745564199237
CC_149A11DD6D72,0.16119789211744254
CC_14A06E4E3D8C,0.06304673176297762
CC_14A0A51DC0EC,0.7642597524252365
CC_14A8CB0B5A31,0.03719660386760843
CC_14AC19F9E8B2,0.07925007657886816
CC_14ACD1E04CC1,0.15686816544229262
CC_14B002192A41,0.07049976885613532
CC_14B4E27629CF,0.11878366589327896
CC_14B5941FECCE,0.5212453164162523
CC_14B6298EE82C,0.6483482002994965
CC_14BAE258FEDA,0.15575702570215938
CC_14BBA8E1F11A,0.17099779657770267
CC_14C3CD655EA0,0.052141481146728244
CC_14CE4334D7FC,0.04130159394392785
CC_14D08D92E371,0.7729425746417821
CC_14D0C705400A,0.14204314962800874
CC_14D3D57AD202,0.23482493683570774
CC_14D3FCD54488,0.04398373741408649
CC_14D7F72FF09D,0.06816568423199625
CC_14D8672C7CC0,0.33990414429366556
CC_14D8C5D0A6D8,0.23844185164752701
CC_14D96BD951F5,0.22137006158993516
CC_14DA8C11FB78,0.19183120988414643
CC_14DB5E1D5D98,0.20332529072089697
CC_14DE7F88ECAF,0.0736721753266309
CC_14E431C022FD,0.1673775182905337
CC_14E7E49CC35A,0.08780433715932043
CC_14E85757A426,0.19224597920611158
CC_14EF468C06C3,0.07873807477402509
CC_14EFE9D0C622,0.13786104629002263
CC_14F22277282F,0.20802287773788347
CC_14F29C1B9779,0.4392047058090457
CC_14F512210907,0.1661662771708365
CC_14F7ACE7E71D,0.3465608086385009
CC_14FB2847E872,0.09523630148976772
CC_15007A1B3A1A,0.6035485702050688
CC_15016E7FD79F,0.04662286334830864
CC_1502C603324E,0.3077028275095651
CC_150424BF434D,0.7558137785574368
CC_1506C4D0C747,0.7316798883030379
CC_150C0908EB8E,0.15223606433623274
CC_150FAFDD26C4,0.1888739572710636
CC_151026A162CE,0.15857169032029766
CC_151548F8F763,0.37810743749819814
CC_15176B7815C1,0.3210307679626497
CC_151775FDF291,0.25981266635353845
CC_151A78EEF961,0.14716764756481102
CC_151AC62644C3,0.042737446634786305
CC_151C16AF3C96,0.0952771161990444
CC_151CA4926266,0.19383212802228522
CC_151D07B5EDE8,0.38691660526190247
CC_151F6E1E39C3,0.31649868107740686
CC_1520082E455C,0.07849314237994377
CC_152146058F38,0.4599272730678588
CC_1522AE9A3E33,0.11585849163247353
CC_1522C1B38538,0.1427455892552147
CC_1526162B55A3,0.12110021789536665
CC_15278769C09F,0.5823314614872814
CC_152974F7ED65,0.7058866148360023
CC_1529AC92CD6C,0.12615609414545287
CC_152EC65D1DBB,0.04473085238088442
CC_152EFA9A4CAC,0.10336660718838801
CC_1531143487F1,0.10396963039287725
CC_153834C5943B,0.2239101141844905
CC_153C5D731C7B,0.08858914177561254
CC_153F7361C1E0,0.26967784706246123
CC_1542920474DB,0.15276837005367924
CC_15438BF49BA7,0.11382281580706181
CC_1543BE8D6EF5,0.1821241459474245
CC_154898BDEB60,0.1881956205792785
CC_1548ED76DBB2,0.12051973943180327
CC_1548EF860FF0,0.6797384810201147
CC_1550EE71A55F,0.6618436319813515
CC_15537B4D12AA,0.11730164089302404
CC_15561A29CCCB,0.1882137005571377
CC_1556666B27B5,0.1736714935099515
CC_155925E2776D,0.1110990785805556
CC_155A8DDCE91C,0.09958054536060398
CC_155C3C6B2949,0.18512479783065813
CC_1562BB97E9B6,0.17992409844591367
CC_1563E7920FC8,0.06173387202294027
CC_15679FD6E2D2,0.11820508481831245
CC_156B962B815F,0.17643093652545644
CC_156BFC146C98,0.19897143810395573
CC_156CF041C682,0.6119566019785999
CC_156D0EBC4750,0.09426786672372382
CC_156DD30B9AB8,0.1252534817825977
CC_156FF50F12F4,0.6812929571721582
CC_15714FEB088F,0.10431924250392939
CC_1574DB115364,0.19325872021736593
CC_157A5AB6B67A,0.18322349749140104
CC_157ABC115170,0.04643372467066412
CC_157C8355EF5A,0.05393652022956184
CC_1580C832AD5A,0.06731489130588669
CC_158A7CC33DD5,0.17607791914776189
CC_1590AF97B4C7,0.21963712468471686
CC_15955B163C7E,0.5074827422093525
CC_1595C8001237,0.07873921728617632
CC_15978ABF0064,0.25704045568588685
CC_159B256C9632,0.10280568406705118
CC_159C2100C079,0.09290098889266356
CC_159F3BB12556,0.11495538537593472
CC_159FEC6E9B52,0.07284673796681002
CC_15A2F13E1F6D,0.077596768719773
CC_15A383641088,0.3433452511860414
CC_15A990EAFE5D,0.2838440379819936
CC_15AE6CF9C351,0.06384113772943353
CC_15B18D3B3B4D,0.32675850567587256
CC_15B57ED3BEE3,0.2517915244849681
CC_15B74980B515,0.7372194739499984
CC_15B88C943A8C,0.04895269525150966
CC_15B9064AFD6A,0.3695207244054263
CC_15BBDCBB06F7,0.041187464834371953
CC_15C4930BFA0E,0.14250315890354998
CC_15C5F9BFCDBC,0.2957232821968744
CC_15C6EF06434B,0.6858125080360558
CC_15CED8BC2EC6,0.04972522860424967
CC_15D28590F6DC,0.08662863587279135
CC_15D56088FE34,0.263508036523899
CC_15DC830D1BAF,0.7279181886677119
CC_15DD51F56CE5,0.7245533597505065
CC_15DD9B2288C8,0.08609988517239928
CC_15DFB9D1F27B,0.33292735226402226
CC_15E02F6AEF72,0.2114473948392998
CC_15E27BAC9F28,0.0455317068738912
CC_15E7DF8A0519,0.07441984438409797
CC_15E8B0F0AE60,0.05095374417281005
CC_15E8B982652E,0.08647901043610129
CC_15ED44B4C328,0.1604682700053747
CC_15F0CE165958,0.2066244294642004
CC_15F3E1E0A6D9,0.14040080078662254
CC_15F418CB6955,0.0661711817188232
CC_15FE430AF0D1,0.03732235589927673
CC_15FF11F7AA40,0.10236718560208438
CC_15FFF6757B46,0.10788298109688235
CC_160B069E5047,0.05609222721944972
CC_160E4C878E81,0.4505583404629152
CC_16118DE3526B,0.4010302904651236
CC_1612DAD460E5,0.05948463306701222
CC_1613E877E51E,0.05925557050703347
CC_1615244464D6,0.14573142968549604
CC_1615A0A4206C,0.6392937120831075
CC_1616918FFBF7,0.1296852210749153
CC_161B61D9A8D1,0.1261220920267941
CC_161BF844E46A,0.19439367580309136
CC_161CDECFA357,0.29013316601967337
CC_161E3D2ECC63,0.16575087325795387
CC_161EA775B8AC,0.11570188817441722
CC_1629A8033CF9,0.17114108160190816
CC_162B17FB0E07,0.08429301271259677
CC_16305E0E4E62,0.05766081857796056
CC_1637777CE5C6,0.10825625072563816
CC_1637AA0DAA12,0.04880736386323921
CC_1637FAA1FD97,0.05817319186512043
CC_16426E1A4078,0.10641401123649619
CC_164399F0E6C0,0.2069693136468759
CC_16488A381066,0.26770633264711063
CC_164A13328A5C,0.2160913172149322
CC_164C2FDF8391,0.061281637490318806
CC_1650498982DC,0.0354477311189263
CC_1652ED284352,0.23624364406425985
CC_16571F4052B1,0.08416139295531722
CC_1658D801415A,0.04323086943156518
CC_16600AD4CB52,0.516201031375381
CC_16621DFA9568,0.05308342109005325
CC_166697EC438F,0.052700438085465796
CC_1668051F67DC,0.7847182490420612
CC_1668409D7EB1,0.6161733015823163
CC_166B3E7C1B61,0.07282275399671913
CC_166BAAB25341,0.19206849845226098
CC_16712B3316AD,0.4844350173948408
CC_16715B87F99C,0.5071415395314066
CC_16716795A691,0.1276058724172189
CC_1672E5B9D1D9,0.08288832641060395
CC_1674599D2CDC,0.17583775253409548
CC_1675F640D31C,0.5387424490657837
CC_1677D6743C94,0.3167577299915143
CC_167A9988C803,0.19079949856487435
CC_167D0F70AF34,0.11117770550912823
CC_167EDACA88E2,0.10676077653571817
CC_1681A81C49DF,0.04746023427263767
CC_168669FF70CA,0.10817309978541481
CC_16879F9E7577,0.5941053191864787
CC_168C0B1EDD54,0.6973906318428346
CC_168E8E929122,0.04362699776375174
CC_16903B2A7327,0.05342388444227579
CC_16945F6B0DD8,0.11072046039554553
CC_169C393BF5F1,0.32388860925907437
CC_169E77C2D6F8,0.13379640483639269
CC_16A13240E770,0.19966945766492372
CC_16A4E6932E51,0.061757898109962406
CC_16A71E8A209B,0.10336663266117821
CC_16A97074835A,0.32326860957746917
CC_16A9BFCB0FD1,0.12460431257835199
CC_16AE73AC0CED,0.06504637078324303
CC_16AE75C645CB,0.17604503585797251
CC_16B3D5B5304B,0.72627414013121
CC_16B4487FD23D,0.23585827666416362
CC_16B6A1324929,0.16270879206988703
CC_16B6A4A64D64,0.094665637154017
CC_16BA251991EE,0.10665370589352888
CC_16C846BE0FB2,0.20658204972398223
CC_16C92F157693,0.4719165157683592
CC_16CA98BAA411,0.2531956562705914
CC_16D50D57A9A2,0.14393317310411974
CC_16DBC067D9A3,0.0640779247893214
CC_16DD0156D0DB,0.4287774867668275
CC_16DEA29018BE,0.18626293848608122
CC_16E8830C06B4,0.12544156819067434
CC_16E8AA38B55A,0.0709677467164752
CC_16F17920E91A,0.20644251571671127
CC_16F2A616CA13,0.19308777314197426
CC_16F2E2FDFD77,0.14528997467361018
CC_16F34609DD14,0.06399274884737442
CC_16F373E7DD08,0.27588280863440795
CC_16F75EAC0DFC,0.14518624673283403
CC_16FC9E95423C,0.07105655279472003
CC_16FEAFCD937A,0.12917827414096555
CC_16FFB848B32B,0.22582546198331813
CC_1700C32A7A71,0.11910862851090225
CC_1701B3768C4F,0.09483440098678664
CC_1702960426E4,0.2805455258414251
CC_17084C1F9450,0.14031997441927002
CC_170AAE7B0964,0.047973262219102045
CC_170B12EDEA5D,0.07365212705288253
CC_170B3E6A63CC,0.1430769567851956
CC_170CA7D6D22D,0.14852552857971504
CC_170E62C934B8,0.5548160691723905
CC_1714A53E4B27,0.32771729152037976
CC_171943C79BA5,0.10078948679622582
CC_171D8C127A68,0.09164005725618954
CC_171F24AB882E,0.05687522913041547
CC_1720643734EE,0.3703800382390648
CC_17225B628BF3,0.7032436418041326
CC_172268748503,0.04082872974505046
CC_172BD8D3996C,0.08889006948108236
CC_172C79E2FE2E,0.09558022040759145
CC_1732E70F51F5,0.14737321054048474
CC_17398721FD38,0.19902179104062093
CC_173CC91B0920,0.11333956711583655
CC_173F3E334571,0.38367366448288925
CC_173FBD78A496,0.16492439520816218
CC_17442FDB4BF7,0.183031919974352
CC_174607B3E574,0.11193066759294754
CC_17472F25E6BE,0.23164040972333258
CC_174EA3C65446,0.12616394274115597
CC_174FDDA25C07,0.6030562155406953
CC_1751F7D37BD5,0.11310835778012926
CC_1752A6FFD1C7,0.11307548989650626
CC_175460F3F958,0.1689827259028256
CC_1758E4F1B83C,0.23089670374184063
CC_1759E0F52C2C,0.10201065928545686
CC_175C442C6150,0.6190047589921696
CC_175F7A7F5C05,0.1826211300284345
CC_175F87337E0B,0.6546233208876682
CC_17611CF75A28,0.04187962360689974
CC_17615FB22D2A,0.08760221285764833
CC_1766F68CFEB9,0.07047039598572426
CC_176751E56776,0.25897262896804607
CC_1767B3BC9B6A,0.15991858905167047
CC_176C28F3FC1D,0.08679035173176952
CC_176DB922413F,0.1464050877088235
CC_1774D9FBCA20,0.043556391611850924
CC_177BBFF9D568,0.06065947488297724
CC_177FB293E183,0.13854707300402438
CC_177FDCD0B0EB,0.41565775307530817
CC_1784BB8B5843,0.12379338089052898
CC_178BF0F4F29C,0.1001157741061058
CC_178E0B4A32EF,0.27155610831484844
CC_178E97E4D5B4,0.06713724951307178
CC_1793D25D8F71,0.4655557700937498
CC_1796BEA43437,0.21141503836532963
CC_1798D1ECC7E9,0.11667731832269926
CC_1798E955180D,0.06813418198233337
CC_179AA6EC2562,0.09839502106963931
CC_179F891C72A6,0.538718287683398
CC_17A19462CD3E,0.09492411142360235
CC_17A46A7E9934,0.2881715429514293
CC_17A843953F03,0.16063772999880238
CC_17ACFA78B05E,0.15538307527277365
CC_17AF4E63AE74,0.14818539284274396
CC_17B3327F2916,0.12160703682258338
CC_17B4A73BE8B4,0.031398723590415
CC_17B89D26AF52,0.12503056267946921
CC_17BAA7D40E29,0.3754870822037091
CC_17BBBC11D013,0.14952765675115734
CC_17BEEAE61730,0.05821031087382585
CC_17BF75201B0D,0.19949147868838515
CC_17C7BCC5D5CD,0.06384453825701977
CC_17C8FEAFF008,0.07506534722370191
CC_17CFE9DAFD88,0.14618381977769412
CC_17D38C9F9B68,0.05739528543513052
CC_17D668E10629,0.04650932247474383
CC_17DA3B3F1CDE,0.05513616610565266
CC_17E01AA535AA,0.07239416179813214
CC_17E219996E37,0.45014373797195517
CC_17E5F0C86591,0.2656066141495541
CC_17E600262194,0.4118710989107461
CC_17E640DBDCD1,0.06605407928668856
CC_17E70DE5F836,0.15675185660426683
CC_17EA4CC14991,0.03377874500244739
CC_17EB4BD92215,0.09652952730273226
CC_17ECFD71BD5E,0.06660111275490523
CC_17F5637F898F,0.07388779166081424
CC_17F93BAEF85F,0.12514225434151144
CC_17FDB57898C0,0.05524960481705123
CC_18011AF40048,0.04518718127230512
CC_1801B6575637,0.15853748054350156
CC_18039BFAD7A0,0.1867211748285468
CC_180CA9E5A190,0.6147591391169194
CC_180DFC2D308A,0.06394369895267292
CC_180E7DFBCD07,0.773571457554311
CC_1812D35B9ECF,0.05383162788090899
CC_1813AFB87DD6,0.19627707396246413
CC_181586F907D3,0.2523782902073689
CC_181678E15F5E,0.08563313436785322
CC_18171AE068A9,0.12356456565537197
CC_1818710412D6,0.1145325637865829
CC_1819C03F5E8F,0.09943028685585972
CC_1819E7B2CDCF,0.07232328212535634
CC_181A8F7944E4,0.49646291047923075
CC_181F8E1AC131,0.15502981644859082
CC_182169DF8906,0.16881749181919678
CC_1821C81ECDB8,0.2769493556694952
CC_182995DFDD2A,0.09320843454385341
CC_182CFC8D3BF4,0.12961871980833656
CC_1835A8F76E6C,0.12409713722564601
CC_1839CBB99C84,0.08252638563866313
CC_183C6E7032A6,0.11048957087761617
CC_183D79E943D0,0.06723314862643734
CC_18419F2103AD,0.05863557129253159
CC_1844630EFED5,0.09816495284660835
CC_184943D35901,0.401915145639146
CC_1849FC26DA7D,0.18257406333500756
CC_184DEF204BC7,0.20711703807161327
CC_185284EDB3A2,0.20293806083387667
CC_185513F1CD1D,0.06714637893848158
CC_1855A8EBFAA4,0.2133165352425293
CC_18577D824B22,0.09172595331533492
CC_185B8665ACB6,0.11553988891480382
CC_185D3BF329A9,0.10728190638620953
CC_18603F631913,0.36198302314853564
CC_186043FAE562,0.06333227666076112
CC_18643033753F,0.12267760867230175
CC_1864553AEC84,0.185347239490311
CC_1864B7C28F43,0.5911917910564565
CC_1865A113CA23,0.03889750677978536
CC_186AE12E3511,0.2313082150596996
CC_186B2F4802CE,0.25308669326933053
CC_1872AA689A6B,0.7874014883217773
CC_187689226839,0.08063554401192122
CC_187E4BF5011A,0.3557763065881817
CC_187F2C5850B5,0.09304453203269639
CC_188173AAC13F,0.42392174143014055
CC_18838D77BBF0,0.12935975963404883
CC_1889834DC58E,0.1733534473009213
CC_188A4A45D422,0.08605855915090413
CC_188C09EF5644,0.16309959430992468
CC_1896E7EDF7B4,0.046741193554140116
CC_1898F4055E7E,0.08322045764448764
CC_189924959EF2,0.1480619522894781
CC_189BD765FCF0,0.21377946210071
CC_189F55C46D4F,0.2013716022917443
CC_18A01001B2CF,0.1274287961434235
CC_18A674FFA1A5,0.7516964732938746
CC_18A8134AA438,0.0634177323221255
CC_18B37DBC8B21,0.05783054750644042
CC_18B7341C8C38,0.21309689894537115
CC_18B9A2844B0B,0.7914080049343195
CC_18BB2CA33A88,0.12690978183736557
CC_18C2A0FF06AD,0.16974829191371732
CC_18C562BF7AD8,0.04494073591788669
CC_18C75530CAB7,0.08564127535709028
CC_18C7E27F15FB,0.0543263939755634
CC_18C9329187F9,0.06078456295889735
CC_18CDA652DCEF,0.31213905638648315
CC_18CF39CD51AC,0.11949764636014884
CC_18CFE9E3FE4F,0.151589496618564
CC_18D7BF6DAD87,0.11687498736519439
CC_18D94C67BB11,0.10771734704512634
CC_18DF58701249,0.262095302858447
CC_18DF6410F3AB,0.3303738897913838
CC_18DF69A4E7BE,0.34119585654593787
CC_18DF6B69A23F,0.1012503581025248
CC_18E19182734B,0.12786536318462655
CC_18E6ADDC179B,0.12556607445447804
CC_18E9B8D4C5E7,0.3920338266053197
CC_18EB14ECD2F2,0.6628302979567696
CC_18EF14803233,0.2755712483169783
CC_18EF36E2DD0C,0.4030213412290474
CC_18F15E43D49B,0.7193194295185189
CC_18F226839EB6,0.647926646351928
CC_18F25AE727FC,0.22249899356864783
CC_18F2B020DA16,0.0767432859593888
CC_18F7496F38AD,0.4853438411234636
CC_18FA9E29C921,0.6969617849236152
CC_18FABCD53DDA,0.13527162171343463
CC_18FABCED87CA,0.060884611477223446
CC_190031EE9CCD,0.15973616454191392
CC_1901AA2EF4F4,0.4421826352564267
CC_190566FDAF17,0.41422444600024566
CC_190860AE04F3,0.08417037070508572
CC_19095A8EAE17,0.28876911464608224
CC_1909C3BA4229,0.04142268308477853
CC_190C25E2B3F0,0.7243580522874613
CC_190C74F4D22F,0.28496124899562425
CC_190EC23791F6,0.09213120636544558
CC_191400E8008A,0.05201452418683117
CC_191A151BD37C,0.11068744461446214
CC_191C506C298E,0.04528911611888721
CC_191D1A6B3186,0.13163482110092067
CC_19210DCEF0F2,0.0669250959142414
CC_19222E2C0DB4,0.31640572611349016
CC_1922D82CDFF6,0.219050914172309
CC_192676D72F5C,0.6561470625111048
CC_19278A207D06,0.19685618297616203
CC_192F132AB91B,0.2656088400477887
CC_1930E300C998,0.42238000338301107
CC_1931B56981D1,0.19272555137388653
CC_1934936E7CEA,0.05001760702479604
CC_193BEEE99DA1,0.6405722583484914
CC_19424EEF1091,0.12836430585578945
CC_1945DF9D2FD4,0.6089343232583821
CC_19473D276C90,0.6014539517241784
CC_19479222395F,0.3505128612952638
CC_194959924052,0.04497439444730248
CC_194CBA473775,0.6038678958361239
CC_19509891A8FE,0.2561913780459773
CC_1952C6D8A589,0.24592667820734482
CC_1957B79D84BB,0.7031383400059643
CC_195C743A58E5,0.318997704412591
CC_195DC0EFA4A2,0.08300459713056628
CC_195DDC1EEFA7,0.33468095639345874
CC_19621EA1596E,0.15252670573221874
CC_19628798B10D,0.1717616704785148
CC_196446663E5A,0.40698373422709705
CC_1964F541E7E6,0.47234972549208026
CC_1965B62D7973,0.07936516125552198
CC_196D47CFCF9D,0.3370737338356786
CC_196E25BA62DF,0.17044468750098923
CC_196EEEEE1126,0.22109298199037236
CC_19702F70CB08,0.5069337329191025
CC_19729DCB10AC,0.6942883360844215
CC_197650EE73B4,0.22298864545355043
CC_19776B52A88A,0.12309161486138642
CC_197872381F3A,0.7424232280652623
CC_197D693D8B90,0.7941524648699925
CC_197E99BFDBC6,0.12243004536608093
CC_1980BFABDAA8,0.17476914076650873
CC_1980CB6EA740,0.23363307447700926
CC_198508A34CD2,0.042603210428922
CC_19890CB2946C,0.26657481202565075
CC_198AF0286910,0.14211089330321272
CC_1992FCA287D7,0.052427819371236105
CC_199525A68429,0.7545938386092079
CC_199652AA7F57,0.668957157190435
CC_19990844E995,0.1384113360127407
CC_199BC1766965,0.5064945518228537
CC_199EC9028A30,0.15338785850553832
CC_19A572959439,0.22565117910136454
CC_19A69CA72B71,0.214384574975626
CC_19A92547B654,0.6501473912898786
CC_19A95B80DF47,0.5179773048186171
CC_19AA09B0D092,0.6841110802484701
CC_19AB2A0D3CDB,0.0806455481325892
CC_19ABECA50DA5,0.07607765824105153
CC_19AE09DAA0A5,0.056097499457087086
CC_19B0492C9E4D,0.12152053406670076
CC_19B5F5CC68AD,0.12432452464063082
CC_19B694093372,0.4335549453233735
CC_19B7800215DB,0.04748865686441264
CC_19B7EFD2079F,0.13692719369333683
CC_19B9F002B564,0.6031818835602469
CC_19BC31855A4D,0.14517775722348608
CC_19BEF65895DF,0.21182119746819095
CC_19C03AB9E718,0.2515146255499835
CC_19C3BA93974D,0.20367060416536104
CC_19C4150DC45A,0.642670393346293
CC_19C4C0BA164B,0.08028397707936999
CC_19C5E7B45490,0.19298419030298314
CC_19C94A14E675,0.07723243530208967
CC_19C9D19187C5,0.2314582486602355
CC_19CB83CF5CFE,0.5275360958882114
CC_19CCE9B2E0DD,0.0394856990713972
CC_19D177487556,0.7432442467274062
CC_19D227D19A46,0.027611142527494064
CC_19D518F4E91E,0.08615587897625909
CC_19D6E65F6E34,0.09192141405060446
CC_19D6F436786C,0.18176296774348413
CC_19D8B10CE2DC,0.10105912723724793
CC_19D998A7AE01,0.12477159422590282
CC_19DAD7CC7D92,0.5832515905353337
CC_19E1F32DCD4A,0.0557543591996146
CC_19E40985D140,0.03799102803883602
CC_19E4A95AB559,0.04997507861659534
CC_19E57654200A,0.38074200575504824
CC_19E88B987F3D,0.21201102806416916
CC_19E8A7121582,0.658090692765957
CC_19E9BCE7AF2F,0.18870877616548104
CC_19ED71F17BDB,0.158697275779127
CC_19EE9D69DE4D,0.7156819802260015
CC_19F62C6FDEFF,0.13967366943340315
CC_19F84E5485AC,0.20046318865825236
CC_19FAEC726A1E,0.09478185037162117
CC_19FBCD2236A6,0.1198455596430618
CC_19FFFA2F389B,0.2718000603138093
CC_1A00C5172564,0.09790589068166806
CC_1A082A5E9F40,0.192291369125072
CC_1A0A733E9AC1,0.34663107602477544
CC_1A0D69EDDD9A,0.44769089156979935
CC_1A0E77F720D1,0.07526934011067485
CC_1A0F71FDC5B5,0.08147998382139368
CC_1A0FDF12F73D,0.2394551224902906
CC_1A14F6FD6839,0.053222655049634374
CC_1A155FB2E32A,0.1095989426543739
CC_1A15B85CCE76,0.2346584564544
CC_1A19554D7A5C,0.09802631554591963
CC_1A1ED6FA6023,0.18904455071639595
CC_1A21540487E4,0.15598750393779934
CC_1A229E1201B1,0.20832541601722637
CC_1A2442A96D38,0.7599332080475666
CC_1A27626F71B8,0.07670163977673439
CC_1A28CFB1ECC2,0.05119340799743406
CC_1A2A569AD8A9,0.1668842424421087
CC_1A30A3D9882B,0.2658281585444737
CC_1A321370649A,0.6508391978082695
CC_1A327A5DCBE3,0.045412811684712964
CC_1A339BD4EAFE,0.12365397685191573
CC_1A3537C42FB2,0.32085818192146676
CC_1A37C49DCD08,0.19349406059319374
CC_1A37D8304BA3,0.7938767001069168
CC_1A37DF2A8555,0.17810805614944436
CC_1A3814F151A6,0.16230007997601292
CC_1A395F80789D,0.09197746097487339
CC_1A39C62C1F81,0.13309724654126584
CC_1A3BB6A0EC59,0.23045970375111766
CC_1A3CB861C858,0.08999175955403169
CC_1A3DD09423E9,0.12671539512890045
CC_1A3E5853EB45,0.05104422257334397
CC_1A4532065915,0.6637737200106548
CC_1A4655E2CEE9,0.24700937464322564
CC_1A4C3F45967F,0.04440480867008771
CC_1A4C8C8CE3C2,0.2910257625126736
CC_1A4CB8B3A07E,0.121975861511706
CC_1A4D35CA5B05,0.2037018785372155
CC_1A4F33E80088,0.1564192765860825
CC_1A5F2FE96588,0.13490776533342355
CC_1A60016724E8,0.13870785010079484
CC_1A6585F8D1B7,0.07071316858890579
CC_1A6C270755EF,0.19718620318287158
CC_1A6DF849A4D4,0.05417312582598738
CC_1A6E18CDE2B2,0.0987655181094352
CC_1A6E766DB8DB,0.08588648520153297
CC_1A74730D373A,0.3082697095530632
CC_1A76BCCFE926,0.7632454751826939
CC_1A7F79B4D71B,0.14166949039956997
CC_1A80F8F983EA,0.17293947938977777
CC_1A818ACAE7A1,0.1328852706774341
CC_1A81BBFCDABF,0.1634951829118109
CC_1A83FCF17BBB,0.047017684689042535
CC_1A8655A98772,0.26586482827624824
CC_1A87F541E6C1,0.10686001366939776
CC_1A8A3B12E637,0.1363597220388191
CC_1A8E7F2B9B30,0.08477585201800643
CC_1A9741A39120,0.1588964452446719
CC_1A975CCE258C,0.3764614113393219
CC_1AA01D0FC096,0.05137986043085961
CC_1AA3607A3595,0.7095283928392171
CC_1AA478B47975,0.15703529998507929
CC_1AAB5E683C38,0.34563717167236735
CC_1AAFD4A3C343,0.10150033641548847
CC_1AB2A03E7293,0.1125449142206548
CC_1AB2BE482BA6,0.2547408160681159
CC_1AB541744EC8,0.09547294086808529
CC_1AB5C10B182A,0.644628630722068
CC_1AB7222325D3,0.6276877979357269
CC_1AB9733B7D15,0.5392360811891143
CC_1ABAC70A45D7,0.1492603712174918
CC_1ABADE99C4D9,0.22642798971238043
CC_1ABB1B657CEF,0.20402958531257814
CC_1AC042FBB2CE,0.7553828597705827
CC_1AC1BACC7048,0.051912780069126266
CC_1AC28CC264DB,0.15676318572924447
CC_1AC7CDEFAA29,0.5296134759410499
CC_1ACB5CBA5DD7,0.19429871207055155
CC_1ACF4A50A518,0.07777296240313374
CC_1AD1251BCEEA,0.18347053374617325
CC_1AD1FCB402D5,0.1676954697613304
CC_1AD3009DF349,0.2184294332346996
CC_1AD560D0207E,0.1468102838592154
CC_1AD7258DB0BA,0.15236455262423837
CC_1AD90D6BD8CE,0.6094922612293521
CC_1AEA3B5C9C22,0.1544550514780285
CC_1AEB8B8BA3A1,0.08283177436904562
CC_1AEBCC6D05ED,0.08746231437200831
CC_1AEE1FBDE3BE,0.177903203005276
CC_1AEEF4407871,0.201058859329246
CC_1AEFB16FC4F3,0.1921235776266001
CC_1AF286009C42,0.7253414734657868
CC_1AF2E34ECA49,0.0705703702477488
CC_1AF3050772E3,0.09241064069388992
CC_1AF5AFB8B96D,0.17075135871540684
CC_1AF6C6526D8B,0.12460651320806819
CC_1AF9DBF012A7,0.15559570755188545
CC_1B04FD2B0280,0.06812666499847841
CC_1B0974469CBE,0.09858339797630637
CC_1B127DB9A215,0.6528115805726852
CC_1B13477CEE1A,0.5640507940535807
CC_1B13CDD1396A,0.07151031090990316
CC_1B17F295EAD2,0.14572860083660957
CC_1B1BD4A6C87D,0.11139980595776251
CC_1B1F445D0EDF,0.2536171271952717
CC_1B22D7B69AA7,0.17928911191081692
CC_1B268DB2154D,0.2059698701642052
CC_1B2F05DBDA17,0.16100811440529444
CC_1B2FE79E1A8B,0.4916953583823789
CC_1B30BDAB93A8,0.18369086133781382
CC_1B30E4FE38F9,0.1315116834106998
CC_1B323878CA09,0.523512182449799
CC_1B3636E27BC9,0.1053505236094909
CC_1B378328B60A,0.1576900788031617
CC_1B384762E333,0.1620484465416403
CC_1B38B2E06884,0.07770204869932504
CC_1B3DD9F84C03,0.2085751607331768
CC_1B413C6DD25A,0.17390136317203325
CC_1B42056A8516,0.7471121193475807
CC_1B425FC7CA76,0.24844432648155723
CC_1B4535794A2E,0.17173754376470746
CC_1B463542895D,0.11046847849639958
CC_1B47A8ECDC57,0.10202081098018012
CC_1B48B416A9CB,0.10634725407393604
CC_1B4A4FE210A1,0.07720832440525252
CC_1B4A7DBF169E,0.09440857350187198
CC_1B4BE3C64DCF,0.1366066929717186
CC_1B4DA480F7E1,0.20267093371611833
CC_1B4F584028D7,0.06469136377967358
CC_1B568727E99C,0.06351013932277325
CC_1B5794AF5C2F,0.15967097440560765
CC_1B6862AC0435,0.10892616714477192
CC_1B695110CF89,0.1105107515248139
CC_1B6A856AC22C,0.09459317919800322
CC_1B6AADFAAE15,0.1303414946859785
CC_1B6CE934C040,0.22278602302461917
CC_1B6D0D356C2A,0.14748610082219482
CC_1B6EBAA837D7,0.1341916235163716
CC_1B722BCA9A0F,0.7651389737304789
CC_1B769D8D3C93,0.12484974114338188
CC_1B7A6D84C360,0.11150715618324444
CC_1B7AD26997BF,0.05815886419048064
CC_1B7ADDC8C3DE,0.7936768801512871
CC_1B7F1C614873,0.30283476930503656
CC_1B835A381DD4,0.3091256543341528
CC_1B846908040A,0.05231685324121919
CC_1B85631B1B85,0.2317382203710475
CC_1B86DB009EC5,0.22073723088502667
CC_1B8B73228B49,0.16213176941997914
CC_1B90A730E2E7,0.5997107281509356
CC_1B92A804231B,0.43392489745703094
CC_1B96D8A25FEF,0.20191794074135538
CC_1B9AD019D70E,0.2296025803279317
CC_1B9E47550A76,0.06994223587251283
CC_1B9F3FD1DCC3,0.7547330531837086
CC_1BA222D37C26,0.1163521991761413
CC_1BA2A29E4099,0.07757206427287507
CC_1BA612C5D39D,0.4659373733510785
CC_1BA637DC935A,0.043945888844904656
CC_1BA66F88C2BA,0.3226453983668305
CC_1BA858969003,0.060300763385791586
CC_1BAD0EDDDABA,0.3219731908347768
CC_1BAD5E25B4A6,0.1324191272957228
CC_1BAE0B0129B7,0.05648085071498902
CC_1BB0FD0704CC,0.11249176638203588
CC_1BB30873D598,0.10562548993720292
CC_1BB3AB7778FD,0.08583365874038527
CC_1BB64A789734,0.3304454730447054
CC_1BB88A31A302,0.19013497640075822
CC_1BB8E65BDB1D,0.20194500203342297
CC_1BC199896CE6,0.07086019829271163
CC_1BC1BFC055D7,0.04795319850943721
CC_1BC7927C384D,0.6228516736844744
CC_1BCFD6400922,0.16446292891656084
CC_1BCFDAABBD5A,0.20114885596723645
CC_1BD0D966EABF,0.08931719106455858
CC_1BD1CBB5F6B6,0.42836584709144016
CC_1BD230EEDEE1,0.09419616125976484
CC_1BD29429A8BA,0.34374701219580844
CC_1BD6A6415128,0.638030025744652
CC_1BD8C067AC00,0.07485283572762433
CC_1BE17818B073,0.16615619601943277
CC_1BE9AD4129A7,0.17272634086801117
CC_1BF52E3D356E,0.18583151406099527
CC_1BFA9894914A,0.08586584091670511
CC_1BFCECB55762,0.179586253473766
CC_1BFD67B0F3EB,0.1374579602931348
CC_1C016356ADF8,0.06773492892268582
CC_1C0169FCC6D8,0.1033993482545698
CC_1C04BACB4AA0,0.1458333162896365
CC_1C0E6587E3D0,0.27714391696337176
CC_1C12FAA2B9DE,0.1616001873932693
CC_1C142DF36125,0.10083930450844661
CC_1C14CB6FC1EB,0.06487322077497139
CC_1C150063B6A2,0.14632157734090367
CC_1C1627043062,0.1760469593304504
CC_1C19AEAD7B89,0.19010011964668183
CC_1C232A60EC54,0.7572256115830301
CC_1C29F3B91939,0.048632032085261026
CC_1C2FD2977E7D,0.07740496682588899
CC_1C2FE73AA7C7,0.07844764147624178
CC_1C33E54AB478,0.19350657735024548
CC_1C38241C0879,0.26163498394632734
CC_1C38D5C69825,0.6025880704014335
CC_1C3D0DEB54AE,0.10688973228202425
CC_1C3D3D5E53D5,0.19069298393988166
CC_1C45A75657AC,0.3356860161462275
CC_1C4645874705,0.22780326406298657
CC_1C467B0A856A,0.1217682373807547
CC_1C47CB284724,0.31847443947511733
CC_1C48FAAE9DBA,0.5454981957909113
CC_1C498EEA29A3,0.27828876081878046
CC_1C49DBD4DE22,0.12449871242699795
CC_1C4D52A9781B,0.04901956063952963
CC_1C4E81F63954,0.1822531604008282
CC_1C5201138AB8,0.05935903123735686
CC_1C55455A28E9,0.06740862268233627
CC_1C5D53BA1D5D,0.45652779119040543
CC_1C5DCE83EF8B,0.20068758359713773
CC_1C5E4AB957B1,0.13567567272150907
CC_1C5EF260F105,0.054667593615322085
CC_1C648EB2BDFE,0.0418540452549064
CC_1C693DC59C67,0.34672412795256463
CC_1C699D6061FF,0.2210874162585489
CC_1C6CB44F621F,0.12408618866018853
CC_1C711833A2CE,0.2744540568949037
CC_1C71475ADF47,0.046384021703799
CC_1C71F8A0D7DA,0.43194445260444814
CC_1C726E01A768,0.11320796985309607
CC_1C74128FB540,0.12155552107651416
CC_1C750887B0FA,0.07795673901248751
CC_1C7598ADAC2B,0.06471538890073777
CC_1C77F22D252A,0.12387227030997168
CC_1C785B7D692C,0.4659417525729809
CC_1C7968C9CBF6,0.2504073682647391
CC_1C7A7F35636A,0.1869205434100513
CC_1C7B7D263071,0.4542829227195758
CC_1C7CFB9C25CC,0.0651724185928117
CC_1C7F040309D5,0.1801911606790516
CC_1C803EF71320,0.39629847399290513
CC_1C8788FEAB14,0.09394282981663013
CC_1C923ABC4A40,0.3427460584435855
CC_1C927DBF5664,0.3269369659766293
CC_1C968B940C27,0.39819151722983304
CC_1C97C4D04EE7,0.3764075897855506
CC_1CA75BDAB19B,0.08658991496156643
CC_1CB0F472D3E3,0.12442112355646381
CC_1CB1ABE71447,0.11934374909673988
CC_1CB640F04905,0.6776942993290601
CC_1CB9CC14D541,0.06285031813224658
CC_1CBDA6932297,0.054971204959516115
CC_1CC02E6B2BC0,0.13583916296136656
CC_1CC05ED757CF,0.1528847438013
CC_1CC1688EF86F,0.06618738936341488
CC_1CC24CCD8EA6,0.06173080502080982
CC_1CC31FC9F17E,0.20698079957706464
CC_1CC3724C6A73,0.19334164412859442
CC_1CC6FE2943F5,0.03920141709535157
CC_1CC955DF4261,0.6783954688039155
CC_1CCC6521B703,0.05236109246843318
CC_1CCDB066409A,0.33182814674296646
CC_1CCE5774C4C3,0.06205646952211184
CC_1CD04E1A9A19,0.11573845853185996
CC_1CD1955096B6,0.04828543341173598
CC_1CD484908C24,0.07718185214599306
CC_1CD58E605B6A,0.11312319499889952
CC_1CD782D4E88C,0.6258250224986466
CC_1CDD67E741A8,0.13744082876524596
CC_1CDE2D8DA412,0.08316193788512037
CC_1CE15C1420C9,0.4342182960491698
CC_1CE21D890D14,0.19881942063543823
CC_1CE3018B8C4A,0.06313707418063488
CC_1CE3C07F7287,0.17012447836461458
CC_1CE710C3EDB3,0.22287742008685346
CC_1CE7F1BC2490,0.06315117085304431
CC_1CE94D699AC4,0.1613841406691256
CC_1CE968B29D10,0.1893686570340559
CC_1CED28E9E20C,0.09712504019062439
CC_1CEF5BB9E012,0.10793542547019999
CC_1CF39E31CC06,0.5043640082302172
CC_1CF3D6C5549C,0.6468972634215859
CC_1CFAA25E3CC3,0.6584236788090275
CC_1CFAB816C524,0.0705258099612544
CC_1CFBF4621147,0.1962504805350617
CC_1CFD3C8EAE56,0.2457881878434574
CC_1D036D48AC84,0.14374688394418644
CC_1D0403EB76DE,0.155362117480333
CC_1D0CCCD3B459,0.06343243058451817
CC_1D1004C36A9B,0.7229066557366353
CC_1D105FFF04C6,0.04792956391722977
CC_1D1206457A72,0.04732048954595826
CC_1D14F52EB1D8,0.13035270158922682
CC_1D18C4F1B7E2,0.21581472057007406
CC_1D1A2CB32C58,0.25069557750632027
CC_1D1B1409BFA5,0.050974511301523494
CC_1D1D14F1F3BC,0.2983798805922777
CC_1D1E836A1BAD,0.0965684437168857
CC_1D1EAABD0A63,0.11961742128876969
CC_1D21349FBB77,0.04586468928859329
CC_1D23C697E3C6,0.04304309996066165
CC_1D352DB4EA39,0.3205297721208369
CC_1D373F122292,0.03581654788949553
CC_1D37F7CFF4EC,0.13564198895362928
CC_1D387E4ACF08,0.07423482143082398
CC_1D3F692CD3BC,0.16764692719707153
CC_1D407FE368F7,0.596076602161327
CC_1D43D00A839A,0.045749134816884626
CC_1D44240E3D65,0.08395834062790211
CC_1D46114660FD,0.10653475123240234
CC_1D4616E35636,0.6678852258097707
CC_1D4B5C026CDE,0.8113826935470578
CC_1D4E2B4265A1,0.043752279163250044
CC_1D4EFF51B62E,0.04164837923768773
CC_1D4FE8935550,0.13035447561272812
CC_1D511179C7B8,0.0818702848921672
CC_1D5300A74CDF,0.11308630904024049
CC_1D54348DD64A,0.1456262557877775
CC_1D55F1A20186,0.7141101940434326
CC_1D5A2B7C949A,0.04540669994891811
CC_1D5C4175E1EC,0.07281283648004666
CC_1D634E45B711,0.6541113456002813
CC_1D66C464D3C5,0.6855564682194085
CC_1D6C0CB5A912,0.0402916627243458
CC_1D706DB9372A,0.1457948967352451
CC_1D70D9F366ED,0.06819783202644203
CC_1D748F14D8DC,0.1036808396034569
CC_1D750B7BDBC0,0.7101264525127939
CC_1D7A0254D9BC,0.14465276513364858
CC_1D7BB18CCB0E,0.7214041667616102
CC_1D7C63A1B30B,0.6002267690886626
CC_1D7D2DA61007,0.7299603190490233
CC_1D7D635F85DA,0.20081066271768505
CC_1D7EBDCD6664,0.41110346994612357
CC_1D7F3F0425E5,0.1812247952705511
CC_1D8739DCE2DF,0.06722555347312895
CC_1D8B8D927F9D,0.07086331327373949
CC_1D8CDF8395D9,0.38998183164875433
CC_1D8F0E48DE0F,0.07273382330770636
CC_1D93427FA492,0.105199624449024
CC_1D953F67D7E7,0.1081664379320009
CC_1D95D3BFED21,0.10279584018393013
CC_1D9A5DFA8A67,0.1564379771270211
CC_1D9ADEF0082B,0.2029783217823627
CC_1D9AE24E86D2,0.09103779282686517
CC_1D9DBCE66B8E,0.7646796240290521
CC_1D9DD0D68440,0.045179769854428
CC_1D9FD8410D50,0.11384231409522143
CC_1DA16283D8B8,0.07336276912523339
CC_1DA42218836B,0.05804970538834457
CC_1DA524CA3694,0.22888546266079746
CC_1DA68D6D714C,0.2743224570990736
CC_1DAA787C3141,0.13392937798266596
CC_1DABA317BDC8,0.22292103291952214
CC_1DAC4A52F0DF,0.11207414799748898
CC_1DB039FB4B48,0.0898693647485979
CC_1DB10E053F44,0.17611640340172213
CC_1DB13AECCA12,0.13057921384639046
CC_1DB1848BD5DB,0.09534248228181141
CC_1DB22C2AA2EA,0.08494052749072878
CC_1DB3B9138C36,0.7408886245285046
CC_1DB3F481708F,0.04178688354450856
CC_1DB5708714DC,0.03619785971597745
CC_1DB9E13DC43D,0.19936731642737535
CC_1DC02C3F3709,0.5355530365920753
CC_1DC1F2138AC7,0.07724571216107629
CC_1DC25DB67146,0.08358657271137326
CC_1DC6B579623B,0.08545095975563126
CC_1DC9FC153C88,0.23908071147990828
CC_1DCA2E01452C,0.1657623591800674
CC_1DCD4E3872B1,0.4227272542313738
CC_1DD4D10355DA,0.15996866775408977
CC_1DD99731DC9A,0.08210441236840892
CC_1DD9AB375289,0.13642312651069383
CC_1DDA9C8B0BEB,0.05399206392811791
CC_1DDB1B3F56E5,0.1110323137008951
CC_1DDC5C8B90A1,0.05530336048919908
CC_1DE868463EE2,0.10671960221000028
CC_1DE96AACCA07,0.03914349101651166
CC_1DEC251037C4,0.08064890663849289
CC_1DED2B19B84A,0.2506976406822426
CC_1DF38CFD45EC,0.1597526365328675
CC_1DF43A4F53FA,0.14120415092349273
CC_1DF49A358390,0.22350444864118374
CC_1DF629D5FB45,0.19153177358779672
CC_1DFC79E4B025,0.04369244574456162
CC_1E09EC255525,0.14825798948637556
CC_1E0A10C84B02,0.15039272862503203
CC_1E0BB8D9AEDC,0.059577469660244575
CC_1E0D4B42B5BE,0.04880754865698277
CC_1E0DF34EEB9A,0.26888580445626864
CC_1E0FD8D67C2C,0.1737981913236155
CC_1E1319C33263,0.33525738119864357
CC_1E147AD49AC2,0.7150345193569129
CC_1E1563775447,0.41651172220289656
CC_1E15E789530D,0.06256614360227478
CC_1E193B1E4F73,0.20790048157157587
CC_1E1A7F3990E1,0.11660086627973265
CC_1E25053EA6C0,0.2482501542214235
CC_1E2807FE382F,0.5698077888454798
CC_1E28B8BF4E7D,0.20419372712820455
CC_1E3139CFD4E6,0.053869960095936406
CC_1E3344F5961E,0.10948616445228024
CC_1E37B7DF9AA1,0.4930535112737678
CC_1E38A8428345,0.09624631175259042
CC_1E3D47C998B0,0.6366976154738444
CC_1E3E913D3F6B,0.11121224356278465
CC_1E407FC46083,0.1970276098612294
CC_1E434148148A,0.09421600224547698
CC_1E437F2441EB,0.23936721532582025
CC_1E47AC0BF7A8,0.41205246550610736
CC_1E4CE5C0304F,0.37264470860381993
CC_1E4E51663CEA,0.06675843123233155
CC_1E4FD79B23FD,0.1650137273163852
CC_1E557BAD34EB,0.7975143641631438
CC_1E5AF197EDD2,0.17097461946600986
CC_1E5C9A7E1C5F,0.18085454389922997
CC_1E5F1A391B5E,0.32290999927967384
CC_1E6123D8681F,0.20743678654304581
CC_1E61A3F050D8,0.33548423005979516
CC_1E6295101525,0.09168345421911125
CC_1E65FA977578,0.10370983011012742
CC_1E67D2F178ED,0.1591701234139804
CC_1E689D3FB63A,0.32000578056826534
CC_1E6B983E8BBB,0.06279232515262437
CC_1E6D91C8A738,0.762807861493471
CC_1E6EFDF16442,0.7699546124451857
CC_1E72406B5D4A,0.5167204618691736
CC_1E73573DD99E,0.7272937873573901
CC_1E7DA7CA5D1D,0.1981600678288786
CC_1E7F2BE48184,0.21012059853212328
CC_1E806FAFA344,0.10152130291484103
CC_1E808AD36DB7,0.5993780639207273
CC_1E80B20DC38F,0.04613293379064791
CC_1E813510217F,0.10397401826525324
CC_1E82E6604B6A,0.10931691301190447
CC_1E85811D458A,0.5597622435307528
CC_1E8685B6E519,0.20831018414227648
CC_1E8A54431BE9,0.2410738109002719
CC_1E8AD307DB07,0.291377984645958
CC_1E8D1639DDA6,0.10360464385377335
CC_1E926941D88C,0.2114276730247781
CC_1E9275410F48,0.06402052766751606
CC_1E93645AF89B,0.12195488701960941
CC_1E93B9573B12,0.08227805592947737
CC_1E95FC262FAE,0.09460583432208339
CC_1E9C3AD36E86,0.06623294928341487
CC_1E9F9C201555,0.03727761869454661
CC_1EA93A002EF1,0.3103410358601875
CC_1EAB6A01C7CF,0.13664724541589007
CC_1EAD91974876,0.12777558024492558
CC_1EAFF0DA3CBF,0.7011640920735798
CC_1EB6D069D939,0.13088096032930396
CC_1EBAA8FCC27C,0.09219008223861841
CC_1EBC79B8BEA6,0.1041029348723781
CC_1EC32911B378,0.2050900697263617
CC_1EC418951EBA,0.25384062507366856
CC_1ECCA97D8C88,0.055934842606138416
CC_1ED067600D1D,0.10352707369420666
CC_1ED0B593EBC3,0.08797829997325689
CC_1ED3534362AC,0.12089897659313228
CC_1EDAFDD3ADFF,0.12478838668680237
CC_1EDFD1A3E2F4,0.12641346821540242
CC_1EE243950A56,0.1158655829363769
CC_1EE58509238F,0.17337851514735206
CC_1EE80EBCE992,0.3053131999195574
CC_1EECF367D8A2,0.09238980609656952
CC_1EF278ECBC1E,0.22997605906975238
CC_1EF50597EDDF,0.31408637745467394
CC_1EF65D591A9F,0.3010412144823472
CC_1EF7190D0507,0.11253217758797074
CC_1EF9A1E02505,0.1881846530600649
CC_1EFD12935CAB,0.06443234399100023
CC_1EFF2FE7356F,0.5138819071821304
CC_1F02F0D99D56,0.1034742759706617
CC_1F05008C630B,0.043185525516417744
CC_1F0627CDC5F6,0.663228548709204
CC_1F0E9076D5A1,0.10533702268871822
CC_1F10F2A71CBA,0.4754426766211191
CC_1F125DEF3CA6,0.19423491510447732
CC_1F13A20A085E,0.07846515512637554
CC_1F1409EB933A,0.5338633624978448
CC_1F149F24400D,0.14703255240458632
CC_1F1EA99CDBAD,0.4305859173727932
CC_1F1EEE7C60CC,0.1295507918840994
CC_1F20615C8B10,0.12116077143243617
CC_1F2282F5E1F4,0.20742535443229157
CC_1F29D0D50AC5,0.062246803842984734
CC_1F2CBC0CAB9C,0.05218493551258006
CC_1F2E1F86776A,0.06249925598529129
CC_1F2FCBDF6C9D,0.04259213983048324
CC_1F31B43978DB,0.23894217652027505
CC_1F320C1EA775,0.08724253316067652
CC_1F32803A8234,0.1805932764977139
CC_1F34BC9CECE7,0.07774055744414919
CC_1F3AC04E1E2B,0.081621477903685
CC_1F3BD7D676E0,0.05734841125928776
CC_1F3DABD38A88,0.15769481754138054
CC_1F3DAD24490F,0.07665391154087792
CC_1F3FE5B0C9F4,0.19560178909232678
CC_1F4FE890B9C5,0.12164395548163506
CC_1F5104DDB35A,0.16733978556399276
CC_1F5591A8FA36,0.10226683158002617
CC_1F59C5440ED5,0.10654384104827894
CC_1F5AC0E2FD12,0.14884226967824415
CC_1F5AD1253061,0.12880423577484998
CC_1F5BB3599FBA,0.10402193865086377
CC_1F5CAF3540B2,0.19960941067474186
CC_1F5CE5DD38B6,0.3110950716891644
CC_1F5DD044DE88,0.054977824744832836
CC_1F5FFA5C92EC,0.05676807382932646
CC_1F6D542ED5E8,0.11080018066668613
CC_1F767493A6A2,0.11982604195257482
CC_1F77F9C9362D,0.15951903024598685
CC_1F7B619D5B4F,0.056143578732369824
CC_1F7E78540FFB,0.14897596142657352
CC_1F8217E9944D,0.19553724729034355
CC_1F8476D620F0,0.04425167554744713
CC_1F85F7109574,0.13020944179376395
CC_1F8A1B7DCDFE,0.14160767381257613
CC_1F8D339D00F9,0.04910673875619369
CC_1F8D43E83127,0.04518698904598979
CC_1F8DE772840D,0.06545812670449491
CC_1F8FEC34A35E,0.0727039351841043
CC_1F917CF161A5,0.7544279974868948
CC_1F92C1B2AF36,0.09367747389049334
CC_1F9490050C3D,0.3659586490245384
CC_1F962DF932F6,0.06439543348466095
CC_1F9846333ED9,0.19197787887539086
CC_1F987A174E09,0.05087554897267096
CC_1F99161DD3B3,0.07065054232438969
CC_1F9C08A298EC,0.11159535748213072
CC_1F9F9D8F0DD9,0.19306568802987684
CC_1F9FAD0B9203,0.09362910832530971
CC_1FA2F2F2B3A0,0.4907588352853545
CC_1FA3E8AC2541,0.3440655328668465
CC_1FA8DA3407FC,0.06812610219250953
CC_1FA955880003,0.10955254237221054
CC_1FAB80D863C5,0.08462653484831696
CC_1FABEA2A58D2,0.7089999204181342
CC_1FAFA931DB26,0.10871682822129272
CC_1FAFE3FE0C60,0.1736538269153611
CC_1FB1F1B80F73,0.04276613111896117
CC_1FB3725D2DD8,0.766277622787839
CC_1FB3920ED9D5,0.0881284284397191
CC_1FB797C72F4C,0.2975361316447877
CC_1FB7DC324B94,0.10851050120233971
CC_1FB8192057C2,0.12232675830679847
CC_1FB89F59EDD7,0.22830640508367056
CC_1FB9321E859C,0.07272160062115189
CC_1FBD050A2F39,0.1183281245363013
CC_1FBDF2579162,0.050280192910169705
CC_1FC7125949E2,0.11224341928049004
CC_1FCB0FC5F00A,0.13434071199723427
CC_1FD0368A2FFB,0.20185550871208213
CC_1FD5AC7FC5A5,0.0370423142814917
CC_1FD616389FA1,0.03610165559735741
CC_1FD781CACEC3,0.17007852425193992
CC_1FD7E0D834DD,0.056393922323028464
CC_1FDAC10C295A,0.04876862132840197
CC_1FDB151460FB,0.4347787366449973
CC_1FDE6C0676DC,0.10490445008789546
CC_1FDF20B0FAD4,0.14070052026311203
CC_1FE1E8319E6B,0.16811602449386687
CC_1FE4E5750A66,0.12263187322566979
CC_1FE8C2CADEAC,0.20647563491972581
CC_1FE92B0D645A,0.06615004153211408
CC_1FE968215AEA,0.6389482298102732
CC_1FE99D0E97F5,0.14067920842859777
CC_1FEA6E1495F8,0.11007277576159873
CC_1FEB4570D7F1,0.47042153524267116
CC_1FEF5F2CDEC3,0.08181096535501
CC_1FF076F0467E,0.21345455610529332
CC_1FF292C75CEC,0.8164591194704747
CC_1FF31863DCE1,0.5348415818593308
CC_1FF4FFD4CDBC,0.16391624335593785
CC_1FFBE04350DF,0.1481433705039621
CC_1FFD95DFC8E9,0.17054099358279784
CC_1FFE0E84D36A,0.1763594491280424
CC_1FFE714FBD2C,0.322750703641214
CC_200032C54822,0.15907522450006845
CC_20019BC8FE80,0.08704152635316187
CC_2008DF550109,0.07516963510326205
CC_20099356CE1F,0.0973219824296803
CC_200D84BC64D8,0.050518787085011466
CC_200EF2088D3D,0.18889098216489814
CC_200F3BBE385C,0.1303143947856959
CC_2014DB713299,0.08453127914865696
CC_2017EB7EA158,0.0551550631819139
CC_201DF9E6B716,0.055676475092590216
CC_202271FA045F,0.45326927870350786
CC_2023AF0ABF64,0.23168022352585593
CC_2026A3E3C1BE,0.13298221887085523
CC_2028BCB30486,0.036701387746300614
CC_2028BDCE02E2,0.1328987430865579
CC_2028DD9EC4B2,0.10915264546842866
CC_202C46691B4C,0.1140891744624549
CC_202ECAB5E84B,0.20447036332652035
CC_20303CC1E1F8,0.13873148349065528
CC_2031148E8CA1,0.219836098531433
CC_20378CA3C370,0.11460967525686346
CC_203A83262DDD,0.10269945606316318
CC_20409D70102E,0.04441683276953704
CC_2041C9E487C3,0.11440160316838818
CC_204A49EEC5D9,0.0703639459514462
CC_204B66ECD9A7,0.18440219174242928
CC_204B8B819330,0.10271729039783947
CC_204BE6BFD249,0.08878710183852685
CC_2057AD62988E,0.17900342351291534
CC_205B58F43C8C,0.11066691731350278
CC_205C1A2DE4D8,0.21547954283075757
CC_205DA36FD8D6,0.05614846832298341
CC_205E92D88AAE,0.09111114499968723
CC_205FB9359E63,0.33996760219316785
CC_205FE05E1292,0.7800696657586931
CC_2062A498D749,0.28862578916728726
CC_20630566D53E,0.7542361411944142
CC_2063E0E306C5,0.7022147693417349
CC_2064B7328F7B,0.16315420740046324
CC_206652B1A41C,0.12129020516327797
CC_20669136053A,0.10305964443850198
CC_2068E5F2D8B2,0.11573467370326854
CC_206EBE676C8C,0.5972842892788375
CC_206F97C70905,0.17919190473441307
CC_20721922173C,0.16188342405282533
CC_20764086BF21,0.07972742395525569
CC_20780D975D9A,0.3254740720656983
CC_2079F44E7E55,0.08857306695617702
CC_207B338F0553,0.20054607341672642
CC_207E090B1906,0.0500401873732757
CC_20807031E815,0.06828028099715519
CC_20838473746C,0.11136177283007369
CC_20891E5B3E3D,0.10886837594683549
CC_208955DF9998,0.14512035019614833
CC_2089DCD66FAF,0.06146449930881368
CC_208C54728372,0.1430657346317393
CC_208CC01F03EA,0.05120211065923537
CC_208E10957E07,0.0699209515868766
CC_208ECBDFA861,0.1527363240282343
CC_2094211C837E,0.37504523860900146
CC_209A6A3504F1,0.19713576743711556
CC_209DB4316B07,0.07193359308156363
CC_209DFC9AD1D0,0.10581631804781291
CC_209FBC9C01E3,0.12407926784324408
CC_20A3937D5C27,0.32386977121876115
CC_20A7C39942DD,0.1156062603588556
CC_20A7CEB6C06D,0.11721848773345567
CC_20A81A33F0CE,0.11363411715808953
CC_20A82C27D7CD,0.24821288484814516
CC_20A937AA66AD,0.1359295082531148
CC_20A9DD565105,0.44226440528619626
CC_20AF6B29EB50,0.05172474155593469
CC_20B68F536BCD,0.172683382167774
CC_20B9BBCB44F8,0.3578800124912128
CC_20BB38933A1E,0.28876285200494695
CC_20BC64C53D32,0.04581806838275902
CC_20BD1AB1A5C0,0.09097859393333166
CC_20C5B222E13F,0.15606861277819659
CC_20C6424F9F29,0.10035830285828354
CC_20C81144A8B9,0.12486122842650389
CC_20CC3AC49BAE,0.24527804077425513
CC_20CDF4280350,0.10760266206666243
CC_20D0863B2D98,0.06747340079403327
CC_20D31679748B,0.14792114375827245
CC_20D52A0D8C45,0.12495658428312714
CC_20D55E5D2E23,0.43372918200600796
CC_20DCA7201985,0.08675776678126973
CC_20E9A35E2A3C,0.15907088573398165
CC_20EBDF15BEDC,0.7607783150691735
CC_20EC737AA677,0.3147652923840739
CC_20ED65E842C2,0.7105354176270644
CC_20EEAA6337A9,0.10660277177195784
CC_20EEE4DC1CA3,0.03787181303818932
CC_20F1EF98C18A,0.315314776787366
CC_20F278DD6E93,0.18950831667219412
CC_20F5392A5A43,0.20030510666456897
CC_20F53E719796,0.08722636430881785
CC_20F5A5512CB3,0.06765840219656155
CC_20F8FCCE1271,0.05680334877979761
CC_20FB74800048,0.05959785969964863
CC_20FC0CA55216,0.11116483109488336
CC_20FD5BD6BF94,0.05660583343083532
CC_20FDF7D6ADCD,0.1074082323582048
CC_20FF7A58F2BA,0.12444657825140877
CC_2103EB67FBE1,0.4552605316252135
CC_2107826FF69A,0.10357471614976739
CC_210D680D34D8,0.10574257723218028
CC_210E413FB570,0.2512297903848064
CC_210E61930CEA,0.13519318641561662
CC_210ED3E18ECD,0.0998203451608846
CC_2110C6A03D5B,0.39372481767533185
CC_21180ECF44C8,0.06252268666197565
CC_2118101018F2,0.054781363084714374
CC_2118A787AD98,0.6047735808291039
CC_211D25A5026D,0.13166617958296553
CC_2122AFAAF6BF,0.04820705670816988
CC_21251EACBABC,0.2874431851760713
CC_21264740E8AA,0.15264326876353262
CC_212850705C79,0.18553923631191988
CC_21288F20AB5C,0.08060922417282854
CC_212AC06C4124,0.07238471475421192
CC_212EF0198A98,0.046488781464794716
CC_212F0F692558,0.0998627337427581
CC_212F29739D3A,0.23541470039406906
CC_2131E03A042B,0.04433764092802071
CC_21324F188B33,0.16075447538347445
CC_2137EC819214,0.5868031746054366
CC_213AE4C7862C,0.17492102669323228
CC_213EFAA494B8,0.3664864779518585
CC_214312AE40D7,0.12629782249250346
CC_2143E4A4204E,0.21413225443140788
CC_2144853CCB49,0.194885015579193
CC_21454CC601DF,0.052953337996517004
CC_2148AA887D2A,0.12784291072436216
CC_2149B7281185,0.0658422387294945
CC_214B722F696C,0.05967368922324882
CC_214DB932FE6A,0.318071169663143
CC_214FA8638337,0.2451848369559436
CC_214FE751427E,0.07286851650373065
CC_21500B512B05,0.05048119734006096
CC_2152AACD0C46,0.11092532105065286
CC_2155AF9779AF,0.10948914652328186
CC_2156A617F0CB,0.07246416461488411
CC_2156B4F4B46F,0.0762414525552397
CC_2157678F4B81,0.7345906342849584
CC_2159E74C0CBA,0.17332622616850363
CC_215BD55D5B15,0.11205643482180325
CC_2163123B26E7,0.07464238544382149
CC_2163CC007344,0.32992813587261466
CC_2164687A4160,0.08853409210728037
CC_216B1FCCF4DC,0.5584126929058983
CC_216B785BAD1D,0.06820017788160922
CC_217039EC9749,0.13493551239215726
CC_2170D755211F,0.29537820386738456
CC_21711D263CE9,0.7031061193097113
CC_21726471C375,0.07527015111337323
CC_217282C45B59,0.33982247053003706
CC_21728C314286,0.4327094122940099
CC_21733FBFBDBE,0.08172504210367341
CC_21780BC92080,0.312290274649723
CC_2179A9EDE528,0.715468662940829
CC_217AB78E7236,0.08703417222103886
CC_217B65E406C7,0.18501126051948194
CC_217CC63BAA6C,0.09955426916360766
CC_21838C358A6C,0.042457962250918455
CC_21851636675A,0.05371680148951461
CC_21855559D132,0.13573031592923
CC_218DC9395EF2,0.15432962320724716
CC_219269B49CB3,0.12997450687952347
CC_21926F47C351,0.09290448030452772
CC_2195CE065C66,0.3220187063407668
CC_21965020AD4A,0.06055642242507362
CC_219AC744A11E,0.6012534899261851
CC_219C9D7DF815,0.08289906588880881
CC_219CE7495255,0.08320037076496846
CC_219DED6350D0,0.19849995461074016
CC_21A3351FE1AE,0.19232562851054968
CC_21A546DEC374,0.1630780303077811
CC_21A5D239CDE9,0.0705208055424125
CC_21A6D9D4FDB1,0.0468980864990306
CC_21A89649CCF5,0.3601357670560341
CC_21A896B80CFE,0.05308901025758518
CC_21AA779A5D8A,0.06432030893017071
CC_21ADE6707187,0.14755484137053818
CC_21B13505C938,0.05687429515968865
CC_21B3ED21813C,0.06010455442664656
CC_21B653FB16D2,0.1395873760556905
CC_21B6CCC1C3B6,0.44010915399889405
CC_21B724D175D1,0.2183318733711471
CC_21B7A75D167B,0.12181235208963734
CC_21BD0D18BE4A,0.057218646013916595
CC_21BDD0B68B24,0.13369693548498676
CC_21BEB9EDB6D1,0.1901550776286907
CC_21BF36354D49,0.113119439562547
CC_21C22724E6EA,0.10615989533665356
CC_21C48EB3B38A,0.16275793560980795
CC_21C7131815A0,0.154772436411413
CC_21C767821C93,0.0887990675864587
CC_21CA7422A9CB,0.04914096296153772
CC_21CC7E487903,0.11934450312126806
CC_21CD80E44241,0.7499990148103022
CC_21CDA245627F,0.33597445288996364
CC_21D04C22164F,0.6983658205456703
CC_21D53BB53093,0.047968212015832366
CC_21D6A8F9A98F,0.295484154264831
CC_21D7D9A19BD3,0.7213942761319126
CC_21D86BEBCE33,0.15138025521298473
CC_21DBF7EDC14A,0.7054629519044211
CC_21DE68BCC91E,0.0629217118418974
CC_21DF6366867F,0.09347117229948623
CC_21E28159461B,0.23880889763230412
CC_21E3553C4619,0.26193658925236474
CC_21E494391B02,0.08630528091347932
CC_21E55A40BF1A,0.23026303438757942
CC_21E789155746,0.18864231317181912
CC_21EF1547F241,0.33899487877021334
CC_21F07EC3C95E,0.08285911940742322
CC_21F12179FBA8,0.13043602079832223
CC_21F169EB32E5,0.2653859485230095
CC_21F22478728B,0.07247568447487113
CC_21F3767B8879,0.13274323168210034
CC_21F8B69E946B,0.1592512838870114
CC_21FBB31C726F,0.0731798980284297
CC_2200FB275AA5,0.13631641295748634
CC_220166604357,0.20382144213548908
CC_2201F7C0053D,0.04332270050153532
CC_22039E5A4331,0.14252139972557767
CC_22039F190CE4,0.14877137725052197
CC_22057AE6D549,0.5761843682236869
CC_2206B904EA42,0.19964278357579293
CC_22094EC1E195,0.062380082403381235
CC_220F08B6CFA1,0.10782728342250827
CC_220FC8974CD8,0.15929104733909047
CC_221451FB20F8,0.17479386347213913
CC_221945FD349F,0.26871017047154044
CC_221E25971CA2,0.05218671438800508
CC_221EE654B08B,0.29951421112825355
CC_221F192C6A67,0.6553138592843899
CC_222080658F83,0.44974963896648534
CC_22258C34437A,0.5082107490928319
CC_2226A81576E8,0.10114928457678926
CC_222F384DDFA9,0.4618038985067364
CC_223032E8D58C,0.5036144747729336
CC_22312D15D5FC,0.21672283247946983
CC_2231DAF1F64C,0.13115227905445584
CC_2235DD5D1E61,0.665086726068936
CC_22377A2BB9A7,0.04160501561216649
CC_2238E273688D,0.22615223836606324
CC_2239334B3843,0.07600996974152786
CC_223D0C1DD4A2,0.6299833134195307
CC_2243A27FA050,0.08016692668773089
CC_22447ABE57CF,0.14074901150217697
CC_22455A468DF4,0.16907512391610463
CC_22485F43383E,0.34360987666455184
CC_224DB822807F,0.09572981673631689
CC_22522740EEBE,0.18006909194829127
CC_22545ECFF107,0.051589778799180884
CC_2255D632C667,0.044673161440396895
CC_2255DF88423A,0.1399400538114211
CC_22569309D6AE,0.13861109220581005
CC_22587A871D09,0.15119609053679317
CC_2258F6153975,0.27174605624279363
CC_225B5306EB5E,0.25446382360027897
CC_225DA1D32137,0.4281007229407103
CC_225F77DD5E84,0.6861018222660737
CC_2267E7AA622D,0.17291898103820375
CC_226ED7DD9790,0.5674413950817268
CC_226F71C1F379,0.12196113531028363
CC_226FB5B25B38,0.037906231365137516
CC_22702303A756,0.6286384633875078
CC_227BD0C18004,0.06133535582338699
CC_227D6128B629,0.051578307599993344
CC_227F834492D1,0.1949602767973523
CC_228183FC1BE7,0.2881447222356688
CC_2285EC46E015,0.6787063672954139
CC_2286AEDF1B6D,0.10047398174392112
CC_2287380F42CF,0.7397332755976213
CC_2288AAFC3096,0.6586843678568028
CC_2289B4075197,0.23276862906520054
CC_228C4B27ED4D,0.07254726925029616
CC_228EB8610083,0.2168573009231581
CC_228F0791CEB1,0.12448278119769958
CC_2292F14C75DA,0.07606780471309331
CC_2294C95C99D6,0.24862871988919202
CC_22952E53DFFD,0.3504725725010909
CC_229579AEC296,0.644714985118777
CC_2295BB880A8D,0.08645186313112953
CC_2295DF480BCF,0.08813165375663151
CC_22972964516A,0.6931627583475081
CC_229F13978933,0.11040557081496542
CC_22A07737CC3C,0.3322475590298234
CC_22A2F3AFD164,0.1828234696398343
CC_22A73DC9B70E,0.2352681521631908
CC_22A74FB59C2E,0.15324302303452048
CC_22A793350310,0.04253202325394008
CC_22B0F05E1E38,0.22296579566419222
CC_22B3F65AB5B3,0.776835664978515
CC_22B634E8A380,0.19924099563261677
CC_22B7FC24B4B3,0.17172838690961761
CC_22B8054F4E55,0.2747380164398196
CC_22BA0909A3A9,0.18562438274188223
CC_22BB1AB7E9B6,0.40317642648430824
CC_22BCC469AD43,0.12259280563077837
CC_22C4C82A80DC,0.24828330791947156
CC_22C6EC3F5164,0.25898663886394674
CC_22CBE3DFE89B,0.18058213072328305
CC_22CD3112BA4B,0.09951750028430126
CC_22CD9806D465,0.20517185661924592
CC_22CF572AB801,0.7790491435559467
CC_22D6FD0FE65C,0.07363518436132947
CC_22D78A2DCB9C,0.19431765872423123
CC_22D7F0BD7A9D,0.1361705068305895
CC_22D9BCF6DBDC,0.051837986999885635
CC_22DE8FB43F1B,0.061784173921074416
CC_22E096979926,0.7493824360572391
CC_22E103DE4653,0.08801889467536264
CC_22E7D0AF1793,0.07800704517269694
CC_22EB9A8DFCD4,0.4854776318327404
CC_22ECD701B7BD,0.20428787518714983
CC_22EE3C02A84C,0.12457407117759789
CC_22F5F39C5BFF,0.19368943437537983
CC_22FDA4AFBD8B,0.1487224648146445
CC_22FF3B52F71A,0.5550941844983043
CC_2303286EFEC7,0.05245397721473379
CC_23074E8BA7A5,0.11547061575358515
CC_230796D6D8FF,0.06618862530031866
CC_23099BF68B95,0.09234022712801859
CC_230ACF3C66BB,0.06089852815818224
CC_230C07F49399,0.7031362551168135
CC_230DADC95F8B,0.10635739595187324
CC_230ED3DE71F4,0.0968743918284928
CC_2315CD70BB0B,0.10689453876888214
CC_23160ACBF7CE,0.08688489627020161
CC_23167AB0E834,0.19928562157584756
CC_231AEF78AE77,0.12622823923817855
CC_231EC541BEA4,0.5109116877952988
CC_231F10419507,0.5729396427264878
CC_23207719B212,0.6976731367774999
CC_23208472FFD7,0.08716019316793873
CC_232190AFC280,0.1031265584212147
CC_2322063E811D,0.03666925858108649
CC_23231DE442E6,0.12771316286108741
CC_2323F05618E0,0.2368661078987318
CC_2324A3B4BB33,0.14004883735406343
CC_232A14B55646,0.04954416140239514
CC_232C4B8DA5DD,0.2312186520002734
CC_232D4DBC1C87,0.10077408598565182
CC_232F0B7FE6BC,0.052676945679150045
CC_232F51D4B98E,0.6022724091338527
CC_23363EDEA13E,0.6184230401591174
CC_2336CE0444C2,0.6599866771540492
CC_233D8C13A2AB,0.15707976817631727
CC_234033EF9D06,0.16777758951647362
CC_2341630EEE16,0.10196240197685387
CC_234235C5E9E3,0.44278957588226164
CC_23481C5B5AD9,0.2299102939588878
CC_234ACA103944,0.1499663331889755
CC_234C5F91450F,0.059332957988388904
CC_234E23D3BD3E,0.6374865629119292
CC_23503B15534B,0.11223268997278144
CC_23517518D1CF,0.19163016001281966
CC_2351C0E6FA16,0.6595014746646737
CC_235420E0C400,0.40095474541062337
CC_235428183C15,0.3207520054020765
CC_23574AEE39A0,0.043177574955514046
CC_23582812B8CD,0.489359686421312
CC_235A44F3B4C4,0.10373373690504073
CC_235CAC896DE3,0.05046870832629543
CC_2369F66A804F,0.6512820595199337
CC_236AAA96F10D,0.18777583648009155
CC_236AD1A02F3B,0.13975877762234387
CC_236EC227D94E,0.09652909021158534
CC_23704B843A19,0.0950336187382457
CC_237477620B0D,0.13568760783359193
CC_237E328DFB43,0.11795964087969477
CC_2380E13FCF1B,0.07913638847762058
CC_2380E6106CA6,0.19338246723418726
CC_238473A12FA2,0.2499599835038774
CC_238A9D1733BA,0.71371119717116
CC_238F2A38BE44,0.07605461719465303
CC_23910D522F41,0.09046878581162815
CC_2391F63E2402,0.3850394272821334
CC_23932676B2F2,0.10130300410558388
CC_2394FBD51F98,0.16542544890299016
CC_23954A58109D,0.08966864178520642
CC_23987E3B4FD7,0.11716818773143185
CC_239B9E68E6A2,0.12560491487198663
CC_239BAE0245A8,0.1724126203744997
CC_239C3E46AFC8,0.054528830274624
CC_239D1812C3B7,0.035792205030288037
CC_239D7F14584A,0.5191929403315257
CC_239E825A6233,0.12858451721427752
CC_239EDABF022C,0.23830294510222977
CC_23A078EF09AF,0.10677225289755662
CC_23A586A240D2,0.07292224988350267
CC_23A860CD1553,0.600600628246486
CC_23AB9533EC0D,0.7409129262733346
CC_23AC919CB701,0.049573507012831176
CC_23B000E43E6C,0.19300083250793912
CC_23B8458E9FED,0.06716093306882184
CC_23BA23AE880C,0.24050726970490133
CC_23BA242DC501,0.37356161755310896
CC_23BC9C2CB726,0.16589093078411227
CC_23BCA2CD1321,0.2177163621262212
CC_23C061C22670,0.692878541374836
CC_23C2440218EA,0.11860307671927087
CC_23C2C9F36CBC,0.0933305905514377
CC_23D02AB672CD,0.7790712988029637
CC_23D1A57C962B,0.19067154985972895
CC_23D45AD79089,0.10285500324429445
CC_23D7C30419E4,0.14129395649785312
CC_23DBC4D13066,0.20018705904474818
CC_23DD50CCC11C,0.055501398873000055
CC_23DF58240E37,0.09480010253924906
CC_23E0D80A29EB,0.3334967774719721
CC_23E643B91BA1,0.08005690954402003
CC_23E6DBC652B7,0.3521026384671224
CC_23EC04E60D96,0.0485649234923805
CC_23ED2BE043DE,0.7674504855622823
CC_23EF24F1E915,0.44005737069397177
CC_23F2B4230C8F,0.5434399365708489
CC_23FC360E92BF,0.14145778736824377
CC_2405AA521A50,0.05184381246485924
CC_2405DFDF928A,0.06873412872182186
CC_240FE4CB78F5,0.11007697351379402
CC_2411C3EE7074,0.14658684093209168
CC_241A0A329556,0.14664611158916097
CC_241B3A36F24F,0.06112430053750887
CC_241C29CBF1F6,0.05231677384974126
CC_241C865337DA,0.05758200838068143
CC_241D4B202BBC,0.8163221178135703
CC_241DC555DC1C,0.11585461392108205
CC_24201317B549,0.03983653135897994
CC_2420AA2E5188,0.18884103043594913
CC_2426A336B0C7,0.6678122657291278
CC_2429AFE45C90,0.20216337644336324
CC_242BC6B8BFA2,0.11345533842845872
CC_242E8E5DA418,0.21981039470045521
CC_242F424A6641,0.09458233136889153
CC_243171B8CA10,0.1354450495855486
CC_2434199B743F,0.29348498410494794
CC_24372350AF14,0.21484043908397124
CC_2440B0CCA9D7,0.6655097982295115
CC_2440F3EBF3F7,0.670788026331656
CC_24415EEC9960,0.15233008898389117
CC_2443152C408B,0.7670614592906838
CC_244326C3BB3D,0.17682542076268298
CC_2445B3B8CD90,0.3747225029853689
CC_2447D2F0D8B8,0.18171398195500257
CC_244C07CD329A,0.6341759488467293
CC_244F5414BFE0,0.5965183950702311
CC_245281812288,0.09075911955617003
CC_2456D3FF106F,0.12592293675183075
CC_2459275C3995,0.08333276816183699
CC_246194E6E4B2,0.22366800917556368
CC_24620D54F5E1,0.06640619129789302
CC_2462DF555142,0.20393160032555785
CC_246355004C22,0.14320901316571805
CC_2465A6807AE7,0.31441230869843195
CC_2465BF287730,0.0667264423908806
CC_246BC3A1686D,0.14620627439012918
CC_246E9DF98743,0.04392830916463682
CC_246EA5EBDDF3,0.23674832290212686
CC_247027865CBD,0.09423335447747234
CC_2470BC812A77,0.12242659156109478
CC_2472294A3C3F,0.10532325553396335
CC_247305C5A63A,0.6617244569389714
CC_2474D7707DA4,0.051414540072372485
CC_24751A1FF879,0.07544394760267012
CC_24761C8A8D96,0.540026914170699
CC_2477D8E2BF53,0.07363745593710481
CC_247ADC8711EB,0.17257008836415463
CC_247C26D6601E,0.6698082522792412
CC_247F09EA67BA,0.18605553284512122
CC_248144FC7729,0.699386179560203
CC_24824C8E55A2,0.08983273864165975
CC_2487824C8AA8,0.16633497521249993
CC_2489C59CAD7C,0.12332874586132236
CC_248B621EB245,0.07895653756300378
CC_248FE1579AA8,0.4439550882399512
CC_24911396CD2A,0.1638058452522147
CC_2492C1D817CF,0.0915336470444579
CC_249304369E8B,0.10226512369326216
CC_249544D86645,0.3215653634022463
CC_249D28416011,0.3493776030944856
CC_249D81D98B78,0.17446510924781797
CC_24A4885A0DD4,0.14645182889791591
CC_24A78357A380,0.0711464907978415
CC_24A783E0C176,0.1261345692917015
CC_24A8936F52DA,0.19225401081272558
CC_24AD50D3B4E6,0.6412620296919683
CC_24ADAF9647A0,0.09558273850728118
CC_24B5CE1A12BF,0.10297842537719026
CC_24BACE01E7E7,0.14751456488475329
CC_24BF6CB0149C,0.21380859379403194
CC_24BFD6A61077,0.14122596875718846
CC_24C00AEA6A6D,0.11043031770217741
CC_24C12E85D940,0.13727220112034477
CC_24C1A54376BC,0.15272847236774606
CC_24C2CDDA696C,0.7755949656966001
CC_24C2E7F727DC,0.736684031522891
CC_24C451F2A2C9,0.13875055351374097
CC_24C8006BE3BD,0.30705426705854405
CC_24C93C84D93A,0.26529748439828366
CC_24CBC6245141,0.14042458208525926
CC_24CF07DCCACF,0.7400430540811226
CC_24D06C8F5742,0.09183385739878092
CC_24D1F1104DA7,0.1979321821800565
CC_24D350DCEEBD,0.7965333547716561
CC_24DAC334C20D,0.23995802982380243
CC_24DB3CDE834F,0.18035498757333693
CC_24DCDA3BFE0C,0.45142643148732836
CC_24DDAB6E18AA,0.09037008968735483
CC_24DE4C9FF9B9,0.10941797684856244
CC_24DE5916BD73,0.31776671325308115
CC_24E5E14AF447,0.14122109080025103
CC_24E861B79F40,0.13542316381963312
CC_24EA013F48E3,0.17346407676867354
CC_24EABCE127AC,0.1668917661031611
CC_24EC0F87FEE4,0.32951776807374716
CC_24ED0B7CC71B,0.22049745017036484
CC_24EF95E62485,0.31703827798667833
CC_24F43C3E8C61,0.12696282851944868
CC_24F642E4C202,0.08993747553397778
CC_24F9A43D71B6,0.053305230038025855
CC_24F9BBFA240C,0.06929142794610971
CC_24FCD40E13F3,0.10742178101455954
CC_24FF7B823319,0.44652932691920555
CC_250022644488,0.09901850898966855
CC_25002D753495,0.13901073744089024
CC_250184F64FF9,0.7645181751783193
CC_250EA45294EC,0.13906412088340053
CC_25131F36BA74,0.37187878261072804
CC_251340B2CD2F,0.5306713293162407
CC_2517AEDC9E03,0.06874791179245063
CC_251B6CFDFB19,0.08103307654336882
CC_251C1ADBA18C,0.040881486693332476
CC_25217FA1C70A,0.03967113487772219
CC_252E4F68F117,0.5349689062319138
CC_2532F88B3A5C,0.0645424887628422
CC_25351934E42D,0.3710752129888334
CC_253557711DFF,0.21148788968072454
CC_2537600D3339,0.14249309131521856
CC_253A8F1182EA,0.7085861370214936
CC_253EEEAFB6A9,0.22790276362473652
CC_25415D632E0A,0.18187566320849166
CC_2544207E12F2,0.18064083625790264
CC_2544FD655E88,0.15951300656728745
CC_2546DBD47016,0.18119677145952123
CC_2548F9AEF869,0.08272867316527158
CC_25493C24906A,0.07174554094319854
CC_254AA43FC3D6,0.10513336729496266
CC_254BD69BE0FA,0.0470530570113992
CC_254C91B8C6A9,0.06116925977752711
CC_254E41844345,0.1495574441510448
CC_2550388D1C80,0.08530414645666008
CC_255727D9D0E7,0.049684710766728445
CC_255C44D8BE69,0.0449665570481458
CC_255CB66955D9,0.11852113832672932
CC_255D0DFEE64F,0.2565764175321734
CC_255D6209AE4C,0.723315610211382
CC_2561F3010933,0.14723100172802128
CC_25640F1D8A83,0.19198400472699456
CC_25645EC6975C,0.15440063544734003
CC_256649392B12,0.49727966820721015
CC_2566D2ED2760,0.09196485502536439
CC_256AD0897EF4,0.13262714239836929
CC_256FB3672C22,0.0979596557724431
CC_256FC2A4ABB0,0.11058408945130838
CC_2572DB3B8A63,0.07109087193420614
CC_25775DE989EE,0.22860504079884678
CC_257D6072424B,0.18594460911992866
CC_25813BE16856,0.24290635850215997
CC_2588449FA2B8,0.595221552798032
CC_258E445D9BC6,0.06544115973678494
CC_258E6ADB5A20,0.07839920220828514
CC_258F82EEFACA,0.6692241608321716
CC_258F9C9EAC87,0.14405247320967873
CC_259190FDAF4A,0.1124636688228349
CC_259500EAD8B3,0.12460877331718494
CC_2596B658D7C5,0.089560627372531
CC_25991C4AE162,0.05445585650505006
CC_259A0E353B3C,0.0989921872064104
CC_259BA9D9A9DE,0.13361348401619405
CC_259C94EB066D,0.20906759432000266
CC_259E661E64FD,0.09911778447148398
CC_259EADFA7036,0.6733456042897894
CC_25A0008825C6,0.3309045690498128
CC_25A6A3411DF9,0.31965811331594146
CC_25A6B90A9357,0.17159227866030927
CC_25A6D11AA41D,0.06330525241535202
CC_25A7E4DA2AF6,0.21551610457346623
CC_25AA5DF3D3C2,0.14300587443918358
CC_25AAB97E2EA5,0.10259314194588627
CC_25AE49F72341,0.11529753674694472
CC_25AE9BDA1E19,0.10407636162267211
CC_25AFE73DB693,0.09910977173139424
CC_25B3707689CF,0.09677275078148408
CC_25B37DD22D59,0.09517706281750107
CC_25B529052215,0.5042421601352198
CC_25B7F7C2068F,0.24599226574762634
CC_25BCC488515B,0.22529456173227955
CC_25C6C4D97C56,0.43763713900816514
CC_25C762466658,0.2243313379870632
CC_25CC42473963,0.07836886570261634
CC_25CF12A87690,0.1529512105853862
CC_25CF2D0239E6,0.09860700425414494
CC_25D113F668F5,0.12675451025609424
CC_25D15362D590,0.27503842566372805
CC_25D57FEB0F2F,0.04291550872190415
CC_25D76EA2B29F,0.11905807018691991
CC_25D7B9E9885C,0.7113762531816791
CC_25D88EB4C8AA,0.12388690611180708
CC_25DBA63AAA5B,0.6517242784398356
CC_25E10FA8B099,0.08773491788561141
CC_25E44FAF25DA,0.13051724029093914
CC_25E4B4FDFB8A,0.45762892306422653
CC_25E7FA839FC2,0.1641801921653167
CC_25E8CB067D3E,0.3250139326360793
CC_25EAF510F6DA,0.06185288868323868
CC_25EE7627F924,0.12375143276907126
CC_25F1DAA3C465,0.4770660724231104
CC_25F1EDBB7C3C,0.14001504197721343
CC_25F26315CE74,0.13548794620226254
CC_25F614DBB4DE,0.7165463556691642
CC_25F98117E888,0.06711423791956735
CC_25FDDCE03904,0.07511585739445886
CC_25FE8C033AF1,0.1368799332006307
CC_25FEBF33FEE1,0.0542819251220867
CC_260508E2415D,0.061059689384928784
CC_260971CEA971,0.22110291499336263
CC_2609EFF83144,0.06077489357268414
CC_260A1B46268D,0.3980949262750425
CC_260A435CC403,0.06667407860591609
CC_261843E3F479,0.053700052757066574
CC_262664CCBACA,0.19058697508867636
CC_262873493A56,0.18702941029972758
CC_2629634D6205,0.23641669739216983
CC_262ABEA51FB9,0.06490525257201699
CC_262C3BE518A0,0.12662077520994386
CC_262C5B52AD87,0.10705251716740094
CC_262D5F943DC2,0.08138229750933942
CC_262F44AB1AB8,0.10064461881524371
CC_26317AFBE360,0.04407501077877697
CC_2635B06BCB97,0.2371848490614527
CC_263E14295078,0.7962788442179993
CC_2641E3F9ED73,0.2398340487363489
CC_26431F402A47,0.0472868988436402
CC_2645B22BBB4A,0.06870009100881148
CC_26470A0DD756,0.16951004951923782
CC_2649FAFC1ECE,0.2981868306709498
CC_264A75820DC5,0.27182253515479016
CC_264BD43CE614,0.1206683067748086
CC_264FC78CC1BF,0.0781023444037229
CC_265176F2987F,0.07137617337486271
CC_265B1AFD1871,0.2846410924791373
CC_265BBD6475A4,0.14338617857030594
CC_265BC4CA24C0,0.5455748015191391
CC_265FBF0AA7EA,0.0751554005349422
CC_26606ED11A86,0.04335970516997918
CC_2663083DF59B,0.05139795645660074
CC_266632D6DCC5,0.2142468169191492
CC_2667AF05476E,0.03906669275850544
CC_266C375BFC69,0.20752921341267938
CC_267C2D0CE3EF,0.06066440290921209
CC_267CF0F35438,0.10088484488862264
CC_267F882E4FF2,0.09521016950491175
CC_268164C44FCE,0.4342936482394796
CC_26851F7A8ED9,0.039632565210538234
CC_26879E8DBBB1,0.7055608711646985
CC_2688A091951C,0.3224539981503499
CC_268A135E06EC,0.16221507712737995
CC_268B7494846C,0.1907618253366225
CC_268D4F935B62,0.1168890664009173
CC_2692F5994891,0.13838717422167196
CC_269A40E2F3F5,0.2132767913360168
CC_269B1CA95C11,0.6119255513920651
CC_269C78037059,0.6368294016448324
CC_269F0058DBF3,0.08680126401549612
CC_269FD7098A14,0.5836916852741315
CC_26A0AC608FF7,0.15589250256737497
CC_26A4B4AEA702,0.11834963082178232
CC_26A53AB6C0F5,0.16708862747918102
CC_26A68D7B85AC,0.16558434620708126
CC_26A7B4AB0E61,0.5867943517682171
CC_26A9653F1759,0.0726595833449564
CC_26A9D9B69FB2,0.10008072942094379
CC_26AEB67016FA,0.04888014733340207
CC_26B89123A046,0.14864220611251483
CC_26B8E37D5FAC,0.042153590959617196
CC_26BB5D895CE0,0.24346308149090562
CC_26BC5E32FC20,0.7358886403811528
CC_26BE48011CBC,0.10351383611862552
CC_26C2F56C4E4F,0.07918194229008223
CC_26C6083D9D67,0.16084781352925917
CC_26C688EAC8EE,0.04466666333575256
CC_26CAD1D36578,0.09499104087245029
CC_26CCB959397C,0.3440237481414397
CC_26D4E0E92AD4,0.28561131571248083
CC_26D622C9583B,0.07589552814586258
CC_26D7CC90C7EE,0.2232694405171154
CC_26DA6ADAB53F,0.09332411528707947
CC_26DD97E5AACE,0.15609541204825247
CC_26DDEA0F16E4,0.45123028485045885
CC_26DFAF7D55B8,0.7499419147670141
CC_26DFF52B691B,0.050161178506448426
CC_26E20C5B6A59,0.19275867278223724
CC_26E2E0658796,0.12626307949616702
CC_26E48B59C43D,0.14296130384984038
CC_26EEB5FA7528,0.0824092251680733
CC_26F3A74B395D,0.7534628110954313
CC_26F99A250980,0.07923182799164222
CC_26FA474EFCDF,0.4332326954405213
CC_26FA66267312,0.18304530269406535
CC_2706959C1E6D,0.1355985440278654
CC_270E4B8CEFB2,0.16404147070488279
CC_270FDCD01F2B,0.12721435611093906
CC_2712E1C5BCC0,0.11310570540621581
CC_27144D024E0C,0.26183302305875933
CC_2715AE012E87,0.05380036355497886
CC_27168AD20682,0.11979194355139425
CC_271E52EFD5C0,0.05247036725171138
CC_271EED977A70,0.09509645024250318
CC_27249783B3E2,0.09563302206287101
CC_2725497CB4AA,0.30742761992129636
CC_2725D3835F43,0.7102017979143954
CC_2736F03D457F,0.0965392253411271
CC_27373EAEF18F,0.1364880852772173
CC_2737E652D90E,0.07140737214932447
CC_27398FBE2809,0.047584998554116895
CC_273A8EB252C4,0.20119988344037948
CC_273AFEE3BCC0,0.13565060814462487
CC_2740AF040C73,0.23699477313843106
CC_27416EFC26CD,0.050529006119245545
CC_2741D320B710,0.5858502120692576
CC_2745C5B004FA,0.04515411798226267
CC_27488BD2F2A3,0.15809616331883666
CC_2748ACEDC7D6,0.2046660055443848
CC_274BCF287A05,0.38126802207993726
CC_2751C9271F85,0.10739540380468426
CC_2751D21A3664,0.6603049207778708
CC_2759AC503722,0.6826922081231783
CC_275D3EDBA097,0.15501360711025733
CC_275D7134AA6B,0.58441565640192
CC_276397972BAF,0.055711645607833336
CC_276549BEEEEE,0.2478792120363756
CC_27655D2C1F35,0.09761025283867167
CC_276877DF04BC,0.15653097942802865
CC_2768A7F8F64E,0.11579129350523751
CC_276D54F1088E,0.08372415812636388
CC_276E2C36EE65,0.09946607760773532
CC_276E422F8C69,0.04371128748825776
CC_277DCA03127A,0.6768281143157167
CC_277FDB7E9FB9,0.12244935307249998
CC_27816BBA5FB6,0.046640858496215715
CC_2783EBF53FBE,0.46382747110995054
CC_27843FCEE075,0.12128697894126375
CC_2784452D6444,0.3172877690401552
CC_2785077093B2,0.13277939439105166
CC_2786CDF745E8,0.08598311263478477
CC_27880025857D,0.1956456180144694
CC_278C315D46A2,0.6545027954682234
CC_278D57EA6344,0.10833209893047493
CC_278FB9A2D73D,0.7210366548992323
CC_279023D4C55E,0.34269076644691965
CC_279526A36388,0.036048253371171644
CC_279593FCBC44,0.14069426061013923
CC_27965D4BF8D9,0.7429995848520818
CC_2797CA3CF8E8,0.13207615416318003
CC_27A08A464BE5,0.7064877774301168
CC_27A0D2D86806,0.23525219490789198
CC_27A0DE21A512,0.11451871880973545
CC_27A24A4B1185,0.19558469196833383
CC_27A27A6E9710,0.42456753584512164
CC_27A55EA9AA83,0.10423293523061447
CC_27A649094AAE,0.06795855434003667
CC_27A65A7D35DF,0.09948012211883864
CC_27A665E21AAE,0.17992586520696047
CC_27A78CFDAFA9,0.4647721914901043
CC_27AA29C2B801,0.24493660016612745
CC_27AA4CE95E47,0.03531957927250938
CC_27AAC8B90899,0.08285213457904848
CC_27ABA049E280,0.07549850566384923
CC_27ADB39C623C,0.2148327267502193
CC_27AE7E10B0F2,0.19997314376906644
CC_27B00AFD127A,0.10901914117916711
CC_27B2F2221599,0.10986413444333969
CC_27B47340F365,0.6016582489553074
CC_27B51BFEED0B,0.1894439093592612
CC_27B5857AD88C,0.26623220290664024
CC_27B5ECF51511,0.17946600528597112
CC_27BC632C6373,0.2844707717977566
CC_27BDBBE807A0,0.7773413078707682
CC_27BE231F2777,0.714949973644823
CC_27BF3CC22A01,0.0541450948881395
CC_27C338A424B6,0.0919126034630616
CC_27C8F82AD07E,0.16393748400950628
CC_27CA9C00B086,0.5467233451778066
CC_27D183B7D889,0.09281504817644216
CC_27D46D52D216,0.4533875469653876
CC_27D894C0B778,0.1378594432737811
CC_27D97971F0BE,0.08370728692229687
CC_27DAF169C570,0.1615160719686796
CC_27DC3B03953C,0.13283197873305258
CC_27DCFD4C9FD2,0.18155377158687874
CC_27DE17F2A9AA,0.17612794093043255
CC_27E518EF96B1,0.6367273301626826
CC_27EA0EBFDDCD,0.1627742883624636
CC_27EBC627DA22,0.14518636170786048
CC_27ECD477FFC1,0.4382155192194756
CC_27ED88AE957E,0.10880583564079105
CC_27F04D85BECD,0.0909780883690588
CC_27F27BF25387,0.4497623144332475
CC_27F3BE1E24E0,0.5128455269400939
CC_27F46228EB9E,0.5656822493640046
CC_27F631626BD2,0.05524888313989684
CC_27FA03BC5112,0.10858055072404567
CC_27FAAEB5B7DD,0.743278933529273
CC_27FAAFFC9D88,0.16471586527901175
CC_27FB3ED776B6,0.655917568087995
CC_27FBEF28EE45,0.15270019200917026
CC_2800392A8378,0.24389389583800142
CC_280284A68FFB,0.13408043772202416
CC_2805DE68EB5E,0.11688249276698692
CC_280943D9885C,0.2086160785720698
CC_2809C1DA11E2,0.10581936659396023
CC_280AB68CEAD6,0.4547783011319221
CC_280B2A6E1AD7,0.0835573481935
CC_281721BFB157,0.1561224634196226
CC_2818C730302A,0.626985827150211
CC_281DD777BC18,0.21034074883237444
CC_281F787B39C5,0.4526397219590332
CC_2821E90ACC01,0.09993178411215979
CC_2823416BF0BC,0.11547586707564099
CC_282A59DE1AF1,0.41786457141120803
CC_282B9175D6B1,0.33803447935301295
CC_282E2DF79107,0.16325003676957073
CC_2833D46839B4,0.20965336537474996
CC_2834A54D0B02,0.043595294215630055
CC_2838B4E6B966,0.08706034251112846
CC_283A94432CF0,0.2967725344727539
CC_283BA45ADF3C,0.2960168566722088
CC_283C392D27E0,0.10589303039127262
CC_283C3C3EBBFE,0.11293973201953848
CC_2844F3CF42C5,0.3075738646292928
CC_2847BEE7F4B9,0.06835049607793939
CC_284C150896BA,0.04747977254736296
CC_284F3BAAB976,0.10645250287666026
CC_285193B111B0,0.09032979199103701
CC_28521203F353,0.20115161880504204
CC_2853E28AE934,0.19699290550160348
CC_2855C18DBEBB,0.2690406270974477
CC_28575DC94F82,0.10380338830885127
CC_285859E54F67,0.19997779769552806
CC_2859F04C8E65,0.20111963275002168
CC_285F209295EE,0.0599511700362934
CC_2860779D97A8,0.2253057459445126
CC_28624F3D6EF7,0.07216860098307118
CC_28631537AC52,0.1488235311393975
CC_2863D77DCFE1,0.1077174272343662
CC_2863F7A52315,0.11173408847786055
CC_2866BBB90661,0.10278948388567603
CC_286895E77FB9,0.08814522574218264
CC_286D6B8C9083,0.11960467795381921
CC_287244BC488E,0.6894289860003099
CC_2873101D7192,0.04392984079034575
CC_2874F0DC4D7D,0.25483061040944593
CC_287551153953,0.0733880943913072
CC_287733447491,0.19519113408967878
CC_2878FF79B9C8,0.1492223159106229
CC_287A9769DF92,0.08204282190624962
CC_287C3D10DEF2,0.15245638329971975
CC_287C8319EB5F,0.11420005912876208
CC_287E902BE928,0.04331385623181463
CC_2880552F82AF,0.1562124153063283
CC_28834A41C6DE,0.08603161688446667
CC_2885F9D1587E,0.10716180467564036
CC_2886B690B68A,0.7189728924135266
CC_2887E7740417,0.7842455316841828
CC_28881EAB7C09,0.14889711974759318
CC_288CA8A9812D,0.2308385734884185
CC_2890F108707C,0.05133654640045977
CC_28959EFABFDC,0.18892256659966558
CC_2895B51171E1,0.07618421722732677
CC_2898B6717D99,0.2899059022347566
CC_289D3386F0F8,0.08126308377562638
CC_28A1E16E0787,0.33919729743207494
CC_28A262ED7293,0.24197266452428207
CC_28A3A92F7552,0.12452050976948044
CC_28A4EFFBDB21,0.1740333462680957
CC_28AA976D4E37,0.10789452672285393
CC_28AC1CD6DDD5,0.765878716389251
CC_28AE987CC735,0.041916729915197654
CC_28B2F8CE6206,0.5882864786042574
CC_28B9E40CBB3B,0.09302512606981758
CC_28BD2FDADAE2,0.13650071548654558
CC_28C89400F65F,0.20907361421135134
CC_28C911BFEEE4,0.13940830352718822
CC_28C9D0F9A822,0.25927912572388256
CC_28CAA5AA3D1F,0.7130811998092008
CC_28CE51596854,0.08763371353302558
CC_28CE7500A36F,0.11889568092545111
CC_28D1131A8126,0.0829151928258384
CC_28D3468513FF,0.12190019493692747
CC_28D59C007565,0.21623360414738318
CC_28D670E009B8,0.06007265032901188
CC_28D7C0A16C5D,0.11015628565870936
CC_28D8465EF9B8,0.2651730778960604
CC_28D96898DD7C,0.5495073587185005
CC_28DDDB55194D,0.1313576827836554
CC_28DF4C790FA5,0.23576303926379594
CC_28DFE4C388A5,0.08578759658431137
CC_28E2C0DB9053,0.7741788486086836
CC_28E309937534,0.28703168080744745
CC_28E79CA12E21,0.1677114916423964
CC_28E9002758D3,0.30518571760200386
CC_28EA1D1569FA,0.05121768060758884
CC_28EC96234D7C,0.035616313648684506
CC_28F0AB4FF66E,0.3387986281125793
CC_28F2D31E6C85,0.10679038763068596
CC_2902EF54D1BD,0.042379310431067525
CC_29034C7D28E5,0.22203604675684963
CC_2903DFBBCA9C,0.3194491522618843
CC_2904F14B3B45,0.08323573576538022
CC_290EFC6D4EEE,0.07472599825085431
CC_2911F1519AC8,0.10809490815259246
CC_29177831DB6E,0.09463648895991578
CC_291E77A71FB3,0.1933583405858372
CC_2921BF2E5BD7,0.2579700875956222
CC_29242C5DC98E,0.1834790020714247
CC_292439121B3E,0.6538736322356986
CC_2924456550CA,0.7270909162562589
CC_2925424FAED2,0.1621396256969078
CC_2926D0CC6B59,0.06832100811688108
CC_2928502B9D84,0.4243507986236782
CC_292A8332B3B4,0.10725918269600462
CC_292C2469F236,0.2604930991319178
CC_2933973E9543,0.14067823108049515
CC_293631E5B94B,0.09126137358378997
CC_293ACE94E3CC,0.15964555701069677
CC_293C63EF41C4,0.19420089166813556
CC_293DCC4D34F1,0.3188776520922204
CC_294376A4D551,0.5238474403322791
CC_2944104CF3AB,0.16020507813628831
CC_2946800D4BA2,0.13891185972494252
CC_294887238A8B,0.10575283900344912
CC_294C7F3DC408,0.14663886947349564
CC_2950C846438D,0.08763470258937481
CC_2951E44AB150,0.2098186788249218
CC_29520EBE1CFF,0.17024223401981872
CC_2953B46D273D,0.1647719474915167
CC_2954176D8F57,0.08328603613995249
CC_295510BA794C,0.7640824665316674
CC_29565C29B6C1,0.3156596520866234
CC_29569DE20A6F,0.037246036384034974
CC_2959D82CED73,0.12173854463297303
CC_29604A66FFA4,0.05605761759051551
CC_2961AEA57F1A,0.19144863274859322
CC_296219087AA1,0.7978546021646615
CC_296624804C6B,0.19177967343388388
CC_2967515E6028,0.7330364075818621
CC_296991EF2832,0.17888827676444882
CC_296A886A90CC,0.13793448397332797
CC_296BDAEC0767,0.218364294628058
CC_296F434DEB38,0.6835574290139591
CC_2970E945B28C,0.0609611493798944
CC_2971205B902D,0.10993232862277284
CC_29726C8E17DB,0.2680325176340487
CC_2972E3CEF4E2,0.039786736854381534
CC_2973CCADB58E,0.11540041907079508
CC_29749A751086,0.0723611527599434
CC_297B666C549A,0.2371781177213718
CC_297EA395A7F1,0.05816804777863429
CC_29820193702A,0.6872990481746952
CC_2982D29BA454,0.0744489969804568
CC_29834F49345D,0.05392667511676667
CC_2983D55F8422,0.17459951378586322
CC_298A42330387,0.5238052331505016
CC_298AD8036450,0.05135582623496039
CC_298B1C2272A9,0.7554844411711664
CC_298C0A512CF1,0.07800086329726766
CC_298DFDB169C5,0.06852987152177259
CC_29975F8F91D8,0.24388202586777902
CC_29979CE2F84A,0.07034219472290068
CC_299C16AAF113,0.13509739481705269
CC_299E1E208417,0.76354929731225
CC_299F2A753428,0.1397740352833212
CC_29A02132A6FD,0.273654880916979
CC_29A1193B65F9,0.11560622841633779
CC_29A2C2C00A6C,0.11677444797610056
CC_29A43861ADDF,0.5199941506757368
CC_29AA5329D4A0,0.23664199644851477
CC_29AAB71BB1C6,0.14633756283596014
CC_29AB90CE5B30,0.2060632652533286
CC_29AC45B524E1,0.39968035215439635
CC_29B091A8EFA0,0.07129410690077384
CC_29B11C7842DA,0.13626424168361023
CC_29B40C57A130,0.6485132320202063
CC_29C6CC9D8CF5,0.28077648784331644
CC_29C79BC89D90,0.041556524476082324
CC_29C9D2EB99C6,0.05965514107961482
CC_29C9FD8B602D,0.25628131223943035
CC_29CA68112288,0.6441971418209393
CC_29CB20E13233,0.7230536819481878
CC_29CD169D916F,0.09146885028777489
CC_29CF1BCD71E1,0.045322484108628665
CC_29D0BB5EF4D2,0.16048486760409492
CC_29D373479472,0.09297380664081015
CC_29D5802F496B,0.5422067789748797
CC_29D6BDB00C7A,0.16165823635375473
CC_29D9CB57F6B0,0.17258894697656288
CC_29DE21A6FC9F,0.25470012831086025
CC_29E5F288E93E,0.11622708874649443
CC_29E711C865BD,0.10069424759022316
CC_29E8F05E2B59,0.1837608730396263
CC_29EB899B37F3,0.3394240255598068
CC_29ED0A5E3E13,0.1963156772260067
CC_29F03ECC443A,0.15786015125795108
CC_29F1148B0EED,0.049891961512057006
CC_29F38227B892,0.09514286568646718
CC_29F4C5219C3C,0.431903931914473
CC_29F5B0A53C5A,0.27338899943390127
CC_29F75BEA3946,0.16243549513790712
CC_29F8DB4BE5C0,0.08450037907647182
CC_29FB4FC1D79A,0.1766677906969505
CC_29FB59DF9C07,0.22577550817971953
CC_29FBB9696C88,0.617353333660482
CC_29FDC6A55710,0.1590439368726792
CC_29FE8EE71963,0.1103743544337393
CC_2A02A0A606AE,0.05143873256292699
CC_2A039240D4E3,0.1093983088049876
CC_2A03B58FDDA0,0.07230182682494697
CC_2A0D799BFBFD,0.12450970686519447
CC_2A0F72511E22,0.7849348284942075
CC_2A0FD8A3496D,0.1795044925240689
CC_2A1177FEA430,0.3492374260931518
CC_2A1CC5FA111A,0.4295577477356322
CC_2A1E8AFB91CF,0.6089415181855049
CC_2A254722539F,0.12674995812696138
CC_2A267FA0640A,0.1712446765460903
CC_2A28EF6D5D84,0.06646062784641327
CC_2A2A97E7D56E,0.057025194856232066
CC_2A2C094C4268,0.36324406607194426
CC_2A2CBD2C567A,0.13575343032661383
CC_2A2CD0D96AB1,0.04983911080587639
CC_2A303A56D1CC,0.09205024733827752
CC_2A313BB31B2F,0.044830560117626775
CC_2A38A0BE8583,0.14095577764015757
CC_2A3BF83AB527,0.40818406670418855
CC_2A3C2BE242CC,0.13555020205387847
CC_2A3C37B5B39C,0.14371814779639053
CC_2A3FBF96DD69,0.13145984542106906
CC_2A42CB52F4F9,0.09788217750489817
CC_2A45D831A164,0.09880864595245768
CC_2A4E97A33CE5,0.055094767953987565
CC_2A50AFE9BA32,0.12207812561591343
CC_2A5167A7CCCA,0.4741712992921337
CC_2A51DCAE4696,0.049264354842959726
CC_2A538403F615,0.442839158691147
CC_2A560F71D097,0.09395913526342045
CC_2A57F88AE818,0.669549069398664
CC_2A5CE61FA136,0.7572507316573321
CC_2A654BF906E0,0.08274736369741252
CC_2A6A707EF4A2,0.05353951615999551
CC_2A72E9041E81,0.04263005019380831
CC_2A731C595152,0.1391281199398476
CC_2A73922A4400,0.09540397843852891
CC_2A74C68A1CF4,0.10091628745180328
CC_2A7763A6787D,0.15668572790632124
CC_2A7777F076EE,0.056631727423638756
CC_2A7C9930E014,0.05754924884094803
CC_2A7DD7369456,0.09324382868142295
CC_2A83CA0F0646,0.20200959433147886
CC_2A876959D356,0.15257910159045024
CC_2A8950AD15D7,0.49442755342196465
CC_2A89A35F7A44,0.059410190747368974
CC_2A95DFCE15F7,0.14468750380029652
CC_2A9643ED1382,0.21945644856816854
CC_2A975CE1D524,0.06326758794724666
CC_2A9A912052FF,0.08471235935788872
CC_2A9BE99EA5E3,0.11485539699219807
CC_2AA6A8DDE95A,0.1522274478624011
CC_2AAF05225FB8,0.16126270985192537
CC_2AAF2C2FD22A,0.12268466395099047
CC_2AB2241F2CAD,0.058871202658902236
CC_2AB6B69A0ECE,0.03818313779158779
CC_2ABACDBD3827,0.12011326178345556
CC_2ABB40267501,0.0879217865940232
CC_2ABF9AA2D592,0.12219190159916848
CC_2AC3799FCFEB,0.1651263663853461
CC_2AC719441ACA,0.07700432466031434
CC_2AC7DAE5ED2F,0.03619678805630158
CC_2ACA7F2D1019,0.07491617180428424
CC_2ACE1B486881,0.040308390287735286
CC_2AD0FBA3469F,0.4392797602252802
CC_2AD34B286844,0.17281546197806844
CC_2AD60A48D754,0.09790391177916588
CC_2AD76D74964D,0.080084548745974
CC_2AD89E30E1E1,0.5490188084317512
CC_2ADC0B906BEF,0.08273210576337484
CC_2ADCC4958A5A,0.2574331973906817
CC_2AE64394EF90,0.05110518042425334
CC_2AE869E4AF2F,0.10726932189155991
CC_2AE9C48382C3,0.4153425532266469
CC_2AE9DCEDC1F1,0.13195660945954288
CC_2AEC30611714,0.09668592087622199
CC_2AECEFA29418,0.21200437805159922
CC_2AEDCC681885,0.6462905761842908
CC_2AEE3C14AB9B,0.14759868751863325
CC_2AEF1AE45867,0.09537488874929581
CC_2AF36CDFA976,0.2582912846904401
CC_2AF70D647453,0.041174888371924526
CC_2AF895772C90,0.06765664611628505
CC_2AFCA9A98CDA,0.16308480889468607
CC_2AFD4544E906,0.10611099370181895
CC_2AFD8599EFD1,0.1768214259421459
CC_2B006C78812B,0.14227169932965536
CC_2B008880B8CC,0.1283230029580696
CC_2B062D7EFC1B,0.052926380170271424
CC_2B07457F780B,0.2181496112149195
CC_2B09FC675AFD,0.18446592785301416
CC_2B0CD83EE733,0.2935599936960669
CC_2B0D910A416B,0.26159010676701666
CC_2B0EB1791D06,0.06798894013781968
CC_2B0FEDAF5086,0.10959487667184072
CC_2B12A7CAF74D,0.6196666267829136
CC_2B1564E55E41,0.11654857159448648
CC_2B169D3FA0AB,0.05423986394315626
CC_2B17D7D12E93,0.03177765491581497
CC_2B1B104B4537,0.25819772218631865
CC_2B1C432924A8,0.05436761072410612
CC_2B1CDE2F1DB2,0.18634899526588677
CC_2B1D0DD22B7D,0.22031390121114586
CC_2B1E0A25113D,0.05920649242730576
CC_2B2B1590F745,0.07806009603662348
CC_2B2B9F8C29FC,0.08791117696562566
CC_2B31DC826A70,0.048495023748654185
CC_2B329A7C0AC3,0.14805323495314432
CC_2B34AE1A2C3C,0.055749940695051736
CC_2B34D037FDAC,0.2131041459123096
CC_2B3863C31087,0.3681335297424307
CC_2B3BF2A06513,0.27064085701754037
CC_2B41C98380A0,0.4416503253150702
CC_2B4729A53736,0.07641469680794363
CC_2B491BC8CE50,0.2193384741942427
CC_2B4A4B15FBFE,0.33366481123498803
CC_2B4AC212FED3,0.09589292726754854
CC_2B51623F0566,0.27519576998858
CC_2B55FD658701,0.7231994064733086
CC_2B57BB750099,0.042472565185365664
CC_2B59FC475AAE,0.03999149522124183
CC_2B5AC32E9319,0.13860725835111276
CC_2B5B01FBE986,0.1770350219354353
CC_2B5BB2E4C8D7,0.2914387608669628
CC_2B5F21C5D7C4,0.267233078515656
CC_2B675F4C3A7A,0.4751348327801897
CC_2B6995D9C76C,0.13171572521106095
CC_2B6C301DFA50,0.10203467180174777
CC_2B6C6E185E28,0.14802938664520512
CC_2B7362B36C7E,0.052066170646832534
CC_2B737DD404E5,0.06132429007541159
CC_2B745B858036,0.2181612813018709
CC_2B746474BE2E,0.06008743733826584
CC_2B779915861F,0.05301574249123096
CC_2B7E7517A714,0.302698415367008
CC_2B808CA5D672,0.03974178894638572
CC_2B813DACF5BA,0.0519743322389999
CC_2B82A4B9598F,0.20583666032273978
CC_2B855F0679C4,0.11616060120404112
CC_2B8AB678FB2F,0.04607584201183974
CC_2B9323F514DE,0.7079650350559502
CC_2B95530025EA,0.08387975921327262
CC_2B982EF342D7,0.12909423031038947
CC_2B9D37CCC4A6,0.13837445131532738
CC_2B9E78B781FF,0.16206577811688536
CC_2B9FD0393AE7,0.05947115295893336
CC_2BA1F3132F60,0.7689824105587493
CC_2BA28074A216,0.11941544994689175
CC_2BA37A841F0D,0.11770225844510256
CC_2BA4E43FF0A9,0.1028981328429868
CC_2BAC77456C47,0.4181372745204362
CC_2BAC838269F8,0.11808160258461979
CC_2BAE9FEF5B33,0.2738349107219168
CC_2BAEC4A0FB49,0.13152887621894963
CC_2BB79F6D76CC,0.139277523286717
CC_2BB949053BE3,0.18013497070128343
CC_2BB95B546AF6,0.09047142602430128
CC_2BBFB2C48799,0.062010239528631494
CC_2BC1B37107E9,0.2091651292568823
CC_2BC310967765,0.09523704087492532
CC_2BC6EC8D4F9E,0.2352234722899719
CC_2BC8C9C298A2,0.04474128497132888
CC_2BCD6FF59BE2,0.3121088576894141
CC_2BCF9E8C997E,0.15796628195143667
CC_2BD75023B1A6,0.12926312355933692
CC_2BDC0842BA07,0.09699533356870746
CC_2BDCDBD851D6,0.6963781207510596
CC_2BE021580D7C,0.2768910145719851
CC_2BE33278E984,0.06126540120567636
CC_2BE5F40E628D,0.1329065365504036
CC_2BEA8C342901,0.05106993007195584
CC_2BEDDE6600E5,0.09067313298510779
CC_2BEE24B3ACDC,0.19534739044817334
CC_2BF47ADAAF9A,0.06783318963161768
CC_2BF47CB84E8B,0.13514358994228576
CC_2BF511C3C8EF,0.6101655690000563
CC_2BFA01F25CEC,0.09781139471261938
CC_2BFAD18C1064,0.7863316450067448
CC_2BFBBC8761BC,0.04833685217944417
CC_2BFC09551190,0.1791009870540892
CC_2C0004622D2C,0.506496799961114
CC_2C01C91DB4E6,0.06147084966969718
CC_2C01D2143635,0.6920984373314066
CC_2C03757A27C5,0.10635720537530051
CC_2C0678C593CA,0.06343919044189153
CC_2C0D37AD3EEE,0.7549142013132573
CC_2C11E7778DD6,0.6753757395305114
CC_2C16E8264E5A,0.24676413271294234
CC_2C190797A685,0.1716344528059203
CC_2C1EE4B879D6,0.5339139550999272
CC_2C20168D9109,0.1107659912035996
CC_2C242724B1A0,0.21171265950218737
CC_2C258C82AC92,0.0906042553564341
CC_2C278D596D65,0.1527617934557703
CC_2C2942E423D5,0.21139223955388667
CC_2C2D3613EF03,0.11614064346164947
CC_2C2E54C2D7E2,0.03060731708558433
CC_2C2EE8D82A22,0.09448459312336627
CC_2C30D4DD1254,0.19273241007965597
CC_2C328DE998E0,0.055306751467953455
CC_2C3314A9D4CE,0.07398354766662668
CC_2C3683BF63A5,0.032253143143625915
CC_2C38E6E12236,0.12543145978569972
CC_2C3BFEC0645F,0.31150563262378594
CC_2C3C8308D986,0.4049114079887408
CC_2C3DA51EB238,0.07781960319128689
CC_2C45C58CE822,0.20054242555484056
CC_2C49C3A27A57,0.21769664622721846
CC_2C4D184AB761,0.05363283130750405
CC_2C4ED13A4801,0.0645072679154477
CC_2C51344B19A3,0.1646581645218797
CC_2C527F461F50,0.2922613474815089
CC_2C5D797C03EA,0.22163156944233164
CC_2C5FB4EEF945,0.16406893088274138
CC_2C612363DC5F,0.056452948666319926
CC_2C657F02A545,0.18312919632492367
CC_2C67021F9D88,0.4035667279985676
CC_2C693F3A3023,0.0401913648700204
CC_2C6A83979DC4,0.18348036025496198
CC_2C6E37C011A1,0.7753315556834173
CC_2C7403D8B7E1,0.12555147557591897
CC_2C746C074609,0.04756950960548948
CC_2C7825D7B256,0.3057821926368717
CC_2C79E82452E9,0.1101901122186304
CC_2C7C20162846,0.2219494993385291
CC_2C7ECAA06932,0.08327922858562443
CC_2C7EFDC81D44,0.6915560799124818
CC_2C80938DFA7B,0.05962874663848612
CC_2C84F4B234A4,0.11981941548506243
CC_2C86D0B6EA06,0.10308251877798133
CC_2C87C4F6BAA7,0.08216786772363968
CC_2C87E31CA8C3,0.1295666539627163
CC_2C8A9A111BC4,0.047362984815761316
CC_2C8DFB421006,0.055918494953313434
CC_2C90F790C84D,0.06484656814117176
CC_2C921CEC3EA9,0.08488899104384659
CC_2C93FA55D33A,0.05577314870498564
CC_2C954FCC0FC1,0.09343525799906159
CC_2C9717AF64CD,0.12383812697281878
CC_2CA1CDBD64F6,0.08112397986604818
CC_2CA4C59676BE,0.19280134845871713
CC_2CAF1C83A38B,0.07779176034748284
CC_2CB73602991A,0.23988338046587007
CC_2CB975354F27,0.07173474414278258
CC_2CBA80629B52,0.23045841542183726
CC_2CC03BFD4452,0.06564902440591085
CC_2CC108594B96,0.04904276962087491
CC_2CC173384605,0.4814631231003121
CC_2CC225D6E637,0.4494370832755263
CC_2CC79A01F56A,0.12167221054776331
CC_2CC9859F761E,0.05983963834042884
CC_2CC99D3623BC,0.24138580568907758
CC_2CCAF30EB2E0,0.5825436795133104
CC_2CCBE8D58D76,0.0663506887349816
CC_2CD064F79DE7,0.0800839093886247
CC_2CD127564FB3,0.277509934368367
CC_2CD309BF0597,0.16305994066869284
CC_2CD38B95592C,0.5784177905224647
CC_2CD3B74CA144,0.13850436749911127
CC_2CD499505A0A,0.18652353174694342
CC_2CD4E0713EB4,0.13732392169607027
CC_2CD92C78B5C0,0.6625580986897655
CC_2CDD4C16C8CE,0.29537494938316317
CC_2CDD9EB83A8C,0.09438202036600313
CC_2CDEE415E376,0.1566386584766127
CC_2CE6BA5339F4,0.7771143370861744
CC_2CE6C1908ECD,0.18460808025574266
CC_2CE8371BAD6A,0.1656996521931767
CC_2CEBA10E5F5A,0.13785714369139643
CC_2CF098FCC43C,0.14482358652726682
CC_2CF16590D2B3,0.08255401961863071
CC_2CF239B06EF8,0.3796965116328488
CC_2CF2D65C5644,0.7496888483184379
CC_2CF75D4AF06E,0.22958407071307724
CC_2CF92625649F,0.3224884971691037
CC_2CFA418D4DD9,0.2349610100262154
CC_2D00DD444AD5,0.08867467596194331
CC_2D08C5363AAF,0.13978282675089865
CC_2D0B32B5B569,0.20717663708941103
CC_2D0BE664E7D3,0.15999215518772453
CC_2D0D8B6F5D11,0.1749040098342164
CC_2D12B08BE908,0.6435682324180456
CC_2D13224B403C,0.08408896606652462
CC_2D1815393DBF,0.07553622935026981
CC_2D1B85E04FB8,0.6814421982950588
CC_2D1BCA2CA783,0.3840361071587282
CC_2D20FA0A7B3A,0.11450910641128129
CC_2D21ECF5FF2A,0.08355939400136862
CC_2D25FD8EB5A8,0.7443073909868876
CC_2D3017E5AEBD,0.19018391484715094
CC_2D306C4C9E00,0.09277638593267243
CC_2D3396DF4087,0.0334117243095737
CC_2D38C6E7B1C3,0.2506039141572097
CC_2D38E94C3590,0.11858981588964448
CC_2D3BCF7FBBC0,0.17047981635676984
CC_2D444F8B975E,0.069367815716908
CC_2D4546FD4087,0.0945838584224411
CC_2D46153D829A,0.06488388989010399
CC_2D4BD54A487E,0.09346837519515996
CC_2D4D6B898329,0.6448864247624051
CC_2D5295025C74,0.31887967262175276
CC_2D58565A81EE,0.12432615656849752
CC_2D5BFAC25208,0.0830065885854396
CC_2D5C35DDCE45,0.06368639854927234
CC_2D5D7012994C,0.13168268442071637
CC_2D5FA21AE5AB,0.23847206778983746
CC_2D5FAF78541A,0.09376668756520885
CC_2D632944D6DF,0.1204090570750354
CC_2D642E3BF053,0.16649131522287822
CC_2D6540B99C53,0.1750899929960043
CC_2D66878D5798,0.11186024075430008
CC_2D67F294405C,0.6613389823331375
CC_2D691B073531,0.17920278764766684
CC_2D6AEEF9F3E9,0.19659598901906528
CC_2D6B98DB8DE6,0.1085427365403916
CC_2D6B9A5F8987,0.12151308126140441
CC_2D6DF1670672,0.17508542842817465
CC_2D6F273914FD,0.05250987403459968
CC_2D721F717432,0.18374963318099682
CC_2D7242991DFC,0.04928598100420232
CC_2D73932FD82C,0.15897110286475863
CC_2D778357ED85,0.08033454730351314
CC_2D78791260A4,0.18412371145183237
CC_2D78D2DA287A,0.17141364149650845
CC_2D79A857E244,0.16413196730195379
CC_2D7BAA42E57D,0.08785805990022853
CC_2D7C9538050D,0.08068957094506304
CC_2D82D146A401,0.14254393477887395
CC_2D831386A5C5,0.20117486889274394
CC_2D84D93901B6,0.27699560016505387
CC_2D854C4C03D7,0.16387056860799198
CC_2D88250B2326,0.12078062678606269
CC_2D8A9FD65361,0.14940185395707584
CC_2D8E33263E8E,0.13091687988342096
CC_2D91333BB7BF,0.2508640077695869
CC_2D93D7400BF8,0.05651074820366673
CC_2D946EF3791D,0.08307729674159184
CC_2D94930029D7,0.04039714501793416
CC_2D955026F1F4,0.1387268499882952
CC_2D9746485999,0.18838571773887156
CC_2D998CFCABDE,0.10963680508601181
CC_2D99C6598072,0.3277755960273879
CC_2D9F1235E061,0.054250550701410674
CC_2D9F28BE8674,0.11313479081010724
CC_2DA6193DE53C,0.2077572185302059
CC_2DA6BA71F10D,0.16913805293258574
CC_2DA88800EB36,0.08011087788172018
CC_2DAE7AA7097B,0.13292221395526943
CC_2DAECF779A51,0.44055365345049563
CC_2DB0391E428E,0.16857325336570012
CC_2DB05C999570,0.15521519881329185
CC_2DB2993E34EF,0.06030785966255142
CC_2DB2C026EEEF,0.14907143112199198
CC_2DB90BDBAABD,0.16880008488286113
CC_2DBAC547CBC3,0.12030354916071577
CC_2DBF419A09C0,0.062230138395165335
CC_2DC3C76969E7,0.6724987787304135
CC_2DC6BDC4890C,0.06785570173147033
CC_2DC9FE08E704,0.08151549154404245
CC_2DCDF3560118,0.29219185030193884
CC_2DCFB2A4246D,0.4702797845891468
CC_2DD1F2CC3007,0.1304402765426333
CC_2DD1FCB21212,0.7284513397255779
CC_2DD33FA725DB,0.18919387464488624
CC_2DD4DB088467,0.14364549909020094
CC_2DD5EEC161CC,0.35951894744802754
CC_2DD63D92892E,0.17901173507048523
CC_2DE1DDDC4CBB,0.1515405814632414
CC_2DE503EC1CC4,0.33894699762309755
CC_2DE61872456D,0.17560129966263158
CC_2DE872EE7506,0.6114040807226253
CC_2DEBC2A150C5,0.06655887759514797
CC_2DF1342EE3E9,0.08858537250147272
CC_2DF2C9888F88,0.05171093609627182
CC_2DF47E34AE28,0.17795750787086698
CC_2DF9AF8A8B95,0.2287344692619655
CC_2E000E335FD8,0.12967639567457948
CC_2E04253A48F0,0.22060775647740036
CC_2E04B760DF9B,0.07385495391926387
CC_2E13711D67BC,0.08598547973806013
CC_2E1D3CF2DB08,0.07663862436834692
CC_2E1D5964770D,0.2833825961918226
CC_2E1F6982F0CC,0.060972492880414716
CC_2E208C8F8870,0.7544481536270199
CC_2E20DC8464C8,0.12314436332252758
CC_2E22BEBE78F8,0.2735604628078506
CC_2E256D5D842A,0.1517040506412506
CC_2E2657109B1F,0.049772962238772984
CC_2E290095B659,0.05374899126796062
CC_2E31CC93F4A8,0.15599629696707673
CC_2E33C61B82A3,0.10582700017708493
CC_2E39578A665F,0.04434647094635763
CC_2E3A0FA9E38C,0.5520397882029153
CC_2E3AA4971393,0.21922430255546135
CC_2E3C191DB6AF,0.1751937990939876
CC_2E3DDB548FFD,0.6220937458855349
CC_2E3EC93FF914,0.2731129431422847
CC_2E431B24495D,0.08592492962628154
CC_2E44F6F08938,0.19706509162177394
CC_2E4539A9B744,0.07565680550574765
CC_2E5262054502,0.17335395154635053
CC_2E54A8C4A3B6,0.08103301319552321
CC_2E57CC3E159D,0.1300801001254355
CC_2E593C08CB03,0.2145302626653543
CC_2E59A8E296AD,0.4237637624412554
CC_2E5B360FB5F8,0.1150646029057795
CC_2E5E4933EDA4,0.051927409573423254
CC_2E6547232192,0.0401627638557501
CC_2E68006F8F9B,0.22477218832163817
CC_2E69A6CFEB80,0.3261756459194928
CC_2E6B214CEFD7,0.058827480754216975
CC_2E6E6B420C77,0.18499800015640602
CC_2E730952591A,0.04147605401142744
CC_2E7449607209,0.041935952056855734
CC_2E74535AD4D2,0.19073917723276387
CC_2E79EA5C6D58,0.1346336165194893
CC_2E7A347ABE12,0.05445965769805822
CC_2E7E38443246,0.12402617830695187
CC_2E7E6B6FFA13,0.23496480248246326
CC_2E84171801AF,0.3152401005655384
CC_2E8A3D1E1897,0.07916562652983498
CC_2E8E2E271A67,0.6927239086143724
CC_2E8F5B64ED91,0.05015998536177797
CC_2E90EA86D135,0.11586419239506848
CC_2E9918F1C76B,0.19110591317537615
CC_2E9933664A13,0.13724293014488548
CC_2E99361595B1,0.07119082138167851
CC_2E99D48B372A,0.14407878622840464
CC_2E9CF4AAAF99,0.1434079579058716
CC_2EA87F09556B,0.08862146648584567
CC_2EB290D7FF89,0.10884573367335319
CC_2EB906496266,0.03892699348842008
CC_2EBE85F769CD,0.1622811727126089
CC_2EBE98029D3E,0.04922271194705687
CC_2EC8FAE6E3A2,0.2982431642487865
CC_2EC94019CFFB,0.2753865903130535
CC_2ECA0DD5038B,0.059054224283563495
CC_2ECE3EAC2E6C,0.08780801334415339
CC_2ECF6AB075B5,0.73198186174736
CC_2ED03C9CB409,0.048737072109091485
CC_2ED22778FC7E,0.7349461926559263
CC_2ED6A45A1D69,0.2225028581489608
CC_2ED6F5F99ED3,0.04666262803389704
CC_2ED845AFF0D2,0.07138798291016016
CC_2ED9D02F8E87,0.07091806980512495
CC_2EDAA5ECF6A4,0.11654149402484326
CC_2EDC42887989,0.2668338879227131
CC_2EDD75E45FAF,0.1713862204824494
CC_2EDE398239A0,0.09852106676539482
CC_2EE08F42D91F,0.5009408746778836
CC_2EE1972ED27F,0.10218673887441831
CC_2EE583D3EF44,0.28238768353674953
CC_2EE5C3B85AA5,0.10616420965000524
CC_2EE87E5B7E2F,0.172524668944991
CC_2EEB916E20CA,0.12292134409755914
CC_2EF30C1CEB91,0.20855902745799063
CC_2EF7182E2BF9,0.07965690351159799
CC_2EF95A9978C3,0.1122039320832147
CC_2EFAB98EDE2B,0.14163477094432328
CC_2EFB42294929,0.11911519228642745
CC_2EFD90CE7B0E,0.20774776834808706
CC_2EFDCB6FC7ED,0.072964182763268
CC_2EFF75420010,0.06618767018421394
CC_2F02BEEB9775,0.37217369907365216
CC_2F043E78A406,0.12723489662841567
CC_2F089640D83E,0.14118246486389718
CC_2F08AD35C4FB,0.12121310083507815
CC_2F099FBB60F8,0.18306247505480916
CC_2F113A04B642,0.1513631519590806
CC_2F1176C371C9,0.16346834775046298
CC_2F144FCB5E23,0.16512462558310262
CC_2F18DD78E5BA,0.1741489086391054
CC_2F25812A06EA,0.14100913190514994
CC_2F2B15F192C3,0.24917028488539814
CC_2F2D0C450F85,0.05986598113269509
CC_2F2E6C2D77A7,0.1315939433768648
CC_2F2FAE950154,0.16423334076298257
CC_2F31C111DB2E,0.07315777472043188
CC_2F3A2BB45E66,0.08438614966179561
CC_2F3C75196B8D,0.07101758345308079
CC_2F40BC5DB112,0.09836185539791663
CC_2F44A9B2379C,0.6187198902636515
CC_2F4B10D3427B,0.5071309369227632
CC_2F504B6DFD32,0.6193105621307489
CC_2F53C9AD59E2,0.7449629121089487
CC_2F555E4BA882,0.05580576289991046
CC_2F5B18CDF78A,0.12538714948623214
CC_2F5C97404761,0.29145303532511646
CC_2F5EAA49FD38,0.3050962272905464
CC_2F602EF38556,0.7525490885224001
CC_2F612BAC4F08,0.05851708779652896
CC_2F69A306B58E,0.0905745265650452
CC_2F6C3939ED89,0.033183371992591804
CC_2F6DECFB8D76,0.16564763065042404
CC_2F79ABE6BC6B,0.47756401174725116
CC_2F7BC3D82FD1,0.13518106322855333
CC_2F7D8E78302D,0.08976887022802411
CC_2F89396E862E,0.11821839504424154
CC_2F8C373C6081,0.10234929084568227
CC_2F8DF69B5B6F,0.09966990046697057
CC_2F9037DDD23F,0.1384022468575325
CC_2F97DCA53BF3,0.2649823287529609
CC_2F9968E03D54,0.618582134295383
CC_2F99B69B3F49,0.4551021116211033
CC_2FA4167ABC19,0.4374802489366882
CC_2FA486737C14,0.055578607577437544
CC_2FA7FA864E38,0.13916508665151578
CC_2FA80E799A66,0.1010073269523899
CC_2FA86C317391,0.10686532444928716
CC_2FAA444CE574,0.24517903164114987
CC_2FAAEAD1E33B,0.21113510487928525
CC_2FAB1F780BC7,0.05764886284918129
CC_2FABB6EE39C9,0.21754515129597643
CC_2FAF4A7467D9,0.06443138963546735
CC_2FB290AE55E0,0.3720496212476238
CC_2FB312DAFC44,0.7542723602031857
CC_2FB32A3743B1,0.05659754999700325
CC_2FB69C916E38,0.1177329446704731
CC_2FB88553E208,0.13700763776869812
CC_2FB98FF179AC,0.08617848627105602
CC_2FB9F42747D2,0.20309761425274747
CC_2FBB635A2D87,0.168454982691884
CC_2FBD6BF2D95D,0.6313286157453464
CC_2FBFA0666C04,0.1339535700542512
CC_2FC59A5CF27D,0.06487320599532345
CC_2FC842A9C2AB,0.12415111750066617
CC_2FC8449DDFD0,0.050041967701372966
CC_2FC984759B8D,0.14379168749351262
CC_2FCAC10C92F2,0.037865168636976566
CC_2FCE1A5D8D59,0.3591950908573583
CC_2FD0DF441175,0.1967108209350671
CC_2FD3A335F753,0.6620919295020842
CC_2FD88A851C60,0.4348753972938888
CC_2FD8F3461DF0,0.05897080164695835
CC_2FDC0028F67F,0.17339109543604878
CC_2FE151CFE170,0.11637127774201357
CC_2FE1B3B96CFC,0.39805236262255167
CC_2FE3F5290050,0.20792139115508546
CC_2FE86034B4B0,0.09727300440105643
CC_2FF14670F36F,0.0491019485819535
CC_2FF5C17609E3,0.19010264644642527
CC_2FF93B142970,0.056775041522056466
CC_2FF9933D2EC9,0.07936720247811149
CC_3002D186CF64,0.4454933852765735
CC_30089430A812,0.4010215129151559
CC_300C90D79FDE,0.7736590166930097
CC_300D3D4EAE5B,0.23153231565985535
CC_3011A49D8F46,0.17919366540717957
CC_301558E72CC8,0.15048524738299465
CC_3015E8E8502C,0.1733701451458884
CC_30187B6CBBFB,0.06526737224540174
CC_301AF08C6D6D,0.6723333624582015
CC_301B934F5063,0.7160416664076049
CC_301E9FBF5EE7,0.04246204574714563
CC_3021DAAD0406,0.05577404074543864
CC_30225D5A1283,0.1159546510968088
CC_30250C44C9E9,0.06398817039215549
CC_3026D0E47D6B,0.43613656905007314
CC_30276B4736B1,0.057872288232961235
CC_302C74EC1CCB,0.06673991383378741
CC_302EDCDB3AB5,0.4201075284711324
CC_3036511C57F9,0.20309960835285867
CC_303683C15916,0.08013491602434888
CC_3038119DF154,0.2237956666896171
CC_303960822BB4,0.7689191738624997
CC_3039996D5E01,0.3068941572353974
CC_303D03F16949,0.15145880371391005
CC_303DCE7967DB,0.7155557851371632
CC_30427F5A6323,0.15545817432662457
CC_3048ECC6A1D8,0.09065301048950417
CC_3049B6510798,0.05750000998227097
CC_304A38A7F24D,0.0918377020065538
CC_304B1B877282,0.21468113275838632
CC_304D2E6B41DB,0.036836203242654145
CC_304FE609229B,0.4717189118731013
CC_3050B810A807,0.16497894437761532
CC_305316671265,0.3818155974831946
CC_3053A571FF7E,0.11580559056538435
CC_305E70BA7C13,0.11437274097450163
CC_305F6A86F1B2,0.16435734797963372
CC_305F6EE0CF51,0.13508367750080363
CC_30601EE5A5D8,0.14859747173742893
CC_3062DF827DC0,0.19723842001996228
CC_30664214960C,0.38117263866015116
CC_30686A756335,0.12531141838687457
CC_3068DE4E9268,0.08636676557556397
CC_306929E45492,0.3045245644530365
CC_3069852D1966,0.5552013103023637
CC_3072DCBA094E,0.1917296164249948
CC_30767547CE99,0.04778568765642432
CC_3078FBC5B6A8,0.13942404047189638
CC_307B0C37BFA1,0.22841539211723458
CC_30851ED6085D,0.3739705138690977
CC_3085785DB82B,0.11413972366739103
CC_3085E2603C30,0.12739716554082733
CC_3085F968D52D,0.09464184646221296
CC_308797A88E47,0.13440301994779874
CC_308DF23FAD21,0.0840888329859874
CC_308E030D193D,0.09046481922235478
CC_3091A2176290,0.1319224677589246
CC_3093DE4E4D56,0.175075763574883
CC_3094529729A8,0.11623850389520951
CC_30962431A610,0.1372168072287142
CC_3098644FA268,0.04597575760963181
CC_30A211030FDF,0.0771440067836876
CC_30A444AD767F,0.205211660953111
CC_30B0B774B8AA,0.0750776796927551
CC_30B2E0270E37,0.239168620741063
CC_30B770F35DAC,0.1348553384231055
CC_30B7ECDE07D0,0.13737996017766455
CC_30B97F22AAE7,0.6562107902218998
CC_30BD9FD0C87D,0.06496983848839753
CC_30C15194B7AE,0.04635894376160358
CC_30C6EA27CDAC,0.17258060921851862
CC_30C9E92A25F0,0.07609493414224126
CC_30CB8ABEE42C,0.16297553762235095
CC_30CD1B9D0C7E,0.0754702137682485
CC_30CDA9CB4D05,0.04141064496231499
CC_30D5BE9E8652,0.5413590670818038
CC_30D67095E918,0.3236561259711078
CC_30DA11D35043,0.061486029517475616
CC_30E0338EC333,0.05156486349447292
CC_30E6D12BE19B,0.18053566741520322
CC_30E6E919AEC5,0.11504014085832684
CC_30EA871F367B,0.11907686789804554
CC_30EB9878FB4C,0.30971646291287697
CC_30ECCAEE0F0D,0.05715915176735231
CC_30ECE8892C31,0.08432458462163098
CC_30EDDEBA2BD2,0.0430700221696673
CC_30EFC45102AB,0.07099466606002204
CC_30F12BBB0452,0.568779981458275
CC_30FB470CC524,0.16638964879642415
CC_30FBDB04821A,0.2204795776423254
CC_30FF1A8EA15A,0.11356206047401537
CC_30FFE264A690,0.12541397015773487
CC_31031864F9C4,0.15206730349601244
CC_3109BD787651,0.18772917650409998
CC_3109D06DD185,0.12725805584604222
CC_310ADD4EFBDA,0.277780940551654
CC_310D869C6696,0.07347796382088358
CC_310F76745BC3,0.7849006833954562
CC_31105C8BD1C8,0.08361564244760229
CC_3111BCA7BCEE,0.1991593757231629
CC_31148413CF8F,0.07967753335546557
CC_311DA4368876,0.11113206301080807
CC_3123CF015F76,0.10535326026441402
CC_3124941A45C4,0.725702797546408
CC_31252D578834,0.6145084595286212
CC_31283EF4480C,0.45000359041499227
CC_312DD976F63E,0.45400664446933253
CC_31329ED18379,0.29127451745429933
CC_31370C746AC4,0.10338419785262758
CC_31421F6B91F1,0.1303707691485011
CC_31422EF66BDD,0.1576155112778574
CC_31427A1343A5,0.6695591649497598
CC_31431C911EE5,0.40982771164210974
CC_3144BECD6CBC,0.6840646325269031
CC_3146B3A91B9B,0.08753229617692711
CC_314EE2A14721,0.07261658907769394
CC_31518250CB98,0.07443538576117167
CC_31530486F0F3,0.500646781315966
CC_31596CFB1EC2,0.382794756369015
CC_315A944CF632,0.6974446486225392
CC_315C315CAD62,0.13679750356929427
CC_3167FE241E1D,0.11871896170096952
CC_3171E08D6616,0.07359511185417841
CC_3172629C6277,0.07245572439707036
CC_317423FE101D,0.42670943916979037
CC_31750349421C,0.09289479929413727
CC_3175920B9AA6,0.18781872756779733
CC_3176195B68F7,0.06019881339991785
CC_31771B6CA092,0.37080027407112365
CC_317D9897E502,0.09918002497273681
CC_317ED8B5B0F4,0.14206024390817878
CC_3180003CE691,0.115663099714108
CC_3181B58BAB86,0.4439883799139698
CC_31820568B5E4,0.1656998370527129
CC_31885F01F804,0.10303056458566173
CC_31903AB7A058,0.1031463026185249
CC_3195D8A9F7E7,0.7394905671657925
CC_319646E9BF1A,0.299922380947414
CC_3196B140C845,0.2378239884952847
CC_3197630E0190,0.19497406990654434
CC_319765D38893,0.17696270810396636
CC_319C4619E111,0.1925065214572486
CC_31A0F4D11C1E,0.6637111350375628
CC_31A521803204,0.06499922592499816
CC_31A796219C5C,0.08124076714292258
CC_31A84FAD3326,0.21450210824578045
CC_31AC3F7F532C,0.37391106669938357
CC_31AE73EAA21B,0.08791736718712721
CC_31B22CBBB5D9,0.19976209698412434
CC_31B31D66D6B5,0.17556173464938069
CC_31BC0F05669D,0.11012292782752905
CC_31BF0630D0F6,0.19749568768899564
CC_31C73750529D,0.15364327750476112
CC_31C74DB3E553,0.1587765889516212
CC_31C8A5FE5ABF,0.7212267441435543
CC_31C936FA6F7C,0.15022672725891478
CC_31C9894FDA7E,0.37543917495419205
CC_31D4B3CD9CE5,0.06938697832512171
CC_31DB286EED01,0.06558352924444288
CC_31DBCF532798,0.1746571119624908
CC_31DCB58CF8EB,0.6286548047473992
CC_31DE284B7633,0.1529504448977647
CC_31E04C7A5782,0.04448047371196086
CC_31E84D4BF5C6,0.20106842774216216
CC_31EBB193B68A,0.14007361632288512
CC_31EF82DB48FD,0.552326368490972
CC_31F30D9DB99A,0.08144985288855977
CC_31F37B08A5C2,0.13522571927394986
CC_31F4949195C2,0.0820897173238068
CC_31F546795669,0.09098202977922613
CC_31F70041B654,0.03646465071225097
CC_31F73F35EFBE,0.09474657496756875
CC_31F9234BEAC3,0.12988335120429098
CC_31FA9D656547,0.057605067399673346
CC_31FC6FA913CD,0.050477577349715017
CC_31FD0A0F8E47,0.08004387710244489
CC_3202CFACD598,0.7500899157976122
CC_3206E1AA4187,0.04409672307157003
CC_32078AF802C7,0.1625003210820976
CC_320828540413,0.16335582897431966
CC_3208CAA07C8C,0.06494727406698564
CC_3208E72F7AFC,0.09841351711695703
CC_320B7D8A811D,0.037680019317354575
CC_320F5AFC26D3,0.6198495746730626
CC_320FF6099EEC,0.13502758892367636
CC_3218D98BE40E,0.13962280635586158
CC_32199B877A9B,0.0832138407839148
CC_321AB2B57ACC,0.1415462999493003
CC_3222E26640A7,0.19720742490414603
CC_3223669816E1,0.5202193869295874
CC_3223A9333DE8,0.4157679478493204
CC_3228457876FA,0.21831328285632856
CC_322D9FB78146,0.3647069415326521
CC_322EF0BBDA71,0.2210125299393911
CC_322F15DE53FD,0.1123611091983979
CC_32311E094DDC,0.07102902124192997
CC_32397691C738,0.0728459655158982
CC_3241CCF65635,0.11961002488035337
CC_32448B202D73,0.23263585900006545
CC_32467BC53843,0.34007272208068484
CC_3246FE4CC4B2,0.09486759446557828
CC_3248DED1F983,0.20755535401811262
CC_324B2ACE8374,0.13266600756447888
CC_32518CC25E28,0.07778029524613077
CC_325311FE672A,0.17551444055897056
CC_3254AF1B2FC6,0.19275435656884188
CC_325556272813,0.22811811721936387
CC_325D18BBB733,0.07580507832482511
CC_325D8695FB1C,0.18987892228721961
CC_32621AD8E195,0.09345836073020632
CC_3263026C57E3,0.08280307780650756
CC_32645ACD28D9,0.06081008239445225
CC_326B49BE3BA0,0.20193270631685717
CC_326BC9BCEABD,0.08160886309031674
CC_326C0F7A5060,0.5727297636083172
CC_326EA5883D87,0.10477723200423761
CC_326F0018D707,0.4902632236086327
CC_327384EAB544,0.05711461769473434
CC_327475DF847E,0.17150812375348662
CC_327518E6508B,0.10502370510321554
CC_327B9345E789,0.2301088160955977
CC_327DA000919A,0.08101248650486956
CC_327F80D4EB5B,0.44586366550386947
CC_327FB9CAB049,0.1635905809785834
CC_32803827EEF8,0.2542390879440286
CC_3284B0538C9B,0.12680414677055668
CC_3286FA567F95,0.7250304958304982
CC_328714732378,0.29247955849723734
CC_32876202CFD9,0.13022059644428083
CC_32876FE63F58,0.1157459053630459
CC_32899868EFFD,0.13049702333206928
CC_3289C0E69AE5,0.2395312596155919
CC_328DCADAA10C,0.0774756454798998
CC_328E23F443F6,0.08892178323450722
CC_32925B204FD4,0.6133405600028877
CC_32955270159F,0.7356931735921236
CC_32959DE9762F,0.36360928691535954
CC_3295D854CD34,0.05156215544711558
CC_329993E9196E,0.08693860759451329
CC_329AE0372642,0.27292428102569855
CC_329AE0C2EAC7,0.4648526241561246
CC_329DDD379D8F,0.13448547396781496
CC_32A53BC0E9D9,0.14572720800262026
CC_32A55EB660DA,0.19464616817163338
CC_32A66A08A4F3,0.0752640473770959
CC_32A79E0765C0,0.4323469403063247
CC_32A7F9F5D94A,0.37309463656279523
CC_32ABBEC0E349,0.5696508906091834
CC_32B30963B9BE,0.5253363241176355
CC_32B39527ABFC,0.36049660230557323
CC_32B7BBBFF3D3,0.6219511188261445
CC_32C2CDAE2FBC,0.17601681894738205
CC_32C38C068A1C,0.12004192408592232
CC_32C53C15599B,0.273596273361766
CC_32C814285D57,0.3576071734967505
CC_32C86F8262EE,0.18805414343537602
CC_32CB14D852D3,0.12533280947264225
CC_32CBF79A0BCF,0.15355658121780635
CC_32CC81EDA9CE,0.24035128074279705
CC_32D05B93B952,0.2417343899671769
CC_32D4B2BB94B2,0.08767205814998007
CC_32DC6577BC04,0.08210041093705363
CC_32DE6036FB04,0.1707517295438988
CC_32DF6D3FE6C9,0.5733106167785652
CC_32E2858F9CE9,0.15094466064853243
CC_32E31418F328,0.61198074280836
CC_32E78ECF8FBE,0.10934456158116668
CC_32E872638DFE,0.16267876812144938
CC_32E898C00242,0.18161309342538196
CC_32EE045C403F,0.10191131373323467
CC_32EEAB665612,0.05340078084369064
CC_32F7B2C11C99,0.30062305807339224
CC_32F9EB31A8BB,0.16691025715979874
CC_32FD250F5D76,0.04883290542937417
CC_32FDACA4D56C,0.2045425026140732
CC_33023075B02B,0.04508212987998308
CC_330876B820DA,0.12748602260688252
CC_3308F59BA9EB,0.08799594741718618
CC_331094A6CDE1,0.1422562487080732
CC_3313F092D5B6,0.1159283798520935
CC_3315085EBF37,0.7211887876747387
CC_331AADDFDE06,0.2637454290062794
CC_332540747C9D,0.04161037145075948
CC_3328934D3ED0,0.0957076771869861
CC_332B4AA5CEF4,0.7673797215959253
CC_332BF19A2D71,0.1692304754410751
CC_332C450218E9,0.11479085250867194
CC_332E266FDDA0,0.27424127760577194
CC_33332E49E1BB,0.06165074499393493
CC_33391B5FBF24,0.3943089423987133
CC_334A47399A2D,0.06411035851885954
CC_334D608B90DA,0.21926407031597656
CC_334DE0E39314,0.1000137731687257
CC_3352898DE878,0.09758364025771707
CC_33542B16C504,0.5571686896732247
CC_335C040063B1,0.07108289445785637
CC_335CC6AC1E43,0.14884915767509
CC_3367F590A328,0.16148534931097347
CC_3368E5622465,0.052357124016308196
CC_336DA9E5F038,0.05471662041081682
CC_337087C31962,0.17498659815825532
CC_3370940BE984,0.07385654087177099
CC_3375753645FF,0.18487300126115774
CC_337830C6EDC6,0.19356414382045323
CC_337857EAD5CC,0.0882511150935945
CC_337863E76B3F,0.1143944482194333
CC_3378A03A24A8,0.2108067763945102
CC_33799F9A52C1,0.16979004194742525
CC_3379E92DDAE6,0.2061901090404418
CC_337AAE7EA967,0.10133400816679032
CC_337BD3903520,0.04956650108301107
CC_337D8A86F4B9,0.23049803107665062
CC_337E2F6C623A,0.2206600050561102
CC_33808A09956C,0.20957889447404718
CC_3383C4B36D42,0.7012908351125178
CC_338506A3E9D6,0.22523960821937025
CC_338700DDFCB2,0.21994646464681528
CC_338F0AB84D2C,0.6202454073617446
CC_3397C647F272,0.7559879025169902
CC_3398286DB808,0.3549928193552933
CC_339E87F9EE65,0.10885265979081267
CC_33A25484EF15,0.19715327217018058
CC_33A28D6AFB13,0.22580808235595112
CC_33A2FB867172,0.23739067236082895
CC_33A7B5F7B93C,0.1118157312051042
CC_33AA441C619D,0.26850887196015816
CC_33AA5AA7FCDA,0.1045641609394216
CC_33ACCB17E845,0.21317215295132116
CC_33B51FB8628F,0.11802866660059368
CC_33BA99AC904D,0.15650416526917638
CC_33BE34E6D6EF,0.7358281618987614
CC_33BFD8084A11,0.05453650242016002
CC_33C500CFCFCF,0.0983164894983271
CC_33C8F03530AD,0.19866255845930886
CC_33C8F2B61422,0.2931876440632324
CC_33CB15D7AE6A,0.10492751289629834
CC_33D0AE884AEB,0.2070163905574766
CC_33D2656A7D64,0.16031806129199527
CC_33D6966EADEE,0.08825488065044422
CC_33D840D2BB45,0.13555957144387026
CC_33DA3463ACB6,0.14446706449030516
CC_33DBBD8AA5CF,0.12386138271240583
CC_33E06E659CF6,0.10854610741298767
CC_33E2AB2276B7,0.49114354368762936
CC_33E31B37CD5D,0.3018495668932045
CC_33E353C45163,0.04086213588532106
CC_33E7BFDE8896,0.11572301614114915
CC_33E8E53E6653,0.06220944540962807
CC_33ECAE64AE33,0.12102696145650822
CC_33F0B7C3B50B,0.15026191765750807
CC_33F34CD65799,0.1652638875317456
CC_33F8D6A9FE77,0.18833300863815383
CC_34029724A049,0.06542997262110253
CC_340299EFBF98,0.1538286769928658
CC_3406EA201ADB,0.12621935597650996
CC_340BB9F39956,0.711537350348682
CC_340F2209AD41,0.1038182653343079
CC_340F48C1FBB4,0.14689926663844777
CC_3414176F6060,0.17112855007544212
CC_3417E5ED6747,0.14483981398046994
CC_341AC28E1BB4,0.12318944814583573
CC_341CC8C960F6,0.7795677197490868
CC_3420AB0104B2,0.13627080239058859
CC_3420AC653C11,0.23268980081538976
CC_34270E2857B2,0.16652510920594696
CC_3428A4DDA006,0.1176636519526314
CC_342C2DF98DCC,0.1789316601430943
CC_342CA890711C,0.10472837516121161
CC_342CF45CFCBA,0.09559429891308983
CC_342DC03163FF,0.6876419597660368
CC_342E047D9240,0.1282975202997896
CC_342F51753436,0.2641750945723815
CC_343111D676AE,0.11037538826768926
CC_3435ABF83867,0.18291975239201966
CC_3438BA8308A0,0.5564834770431693
CC_343A710815B0,0.6494028001657105
CC_343D2EFE4852,0.0729298981580329
CC_3442F95FACA8,0.10516720896888772
CC_34454ADAB50C,0.09650637032960951
CC_344776D2C24C,0.13672251195419366
CC_344BA6BC1E86,0.14187750245623085
CC_344E2F829C3B,0.14377674318252756
CC_344F3695920C,0.17350938375112407
CC_3450AB7DF352,0.11801868926518932
CC_3454BA11979A,0.048141380707936714
CC_34566836A067,0.15949278869453165
CC_3458964E10A9,0.05464187871209155
CC_345B5EF04127,0.19182403981756427
CC_345C692DE002,0.5931170281397451
CC_346089F4455D,0.1119884101997846
CC_3464A2A1D353,0.06248690840064247
CC_346FE80329BA,0.13512360501098633
CC_3475D933E003,0.25029292968258154
CC_347F97D35539,0.1111608241454658
CC_34835A300DDD,0.1473268564292741
CC_348E17972F0C,0.24283599234692477
CC_34921386E00A,0.061734257765719794
CC_3493F8EC0771,0.18239930015167355
CC_34A1CF339FF8,0.14612314435442178
CC_34A2FE23BCDC,0.055335742569872705
CC_34A342D8194C,0.31464417013103185
CC_34A519961DE5,0.7039093442321465
CC_34A663701169,0.17029370183008152
CC_34AC414A6721,0.07158565381502538
CC_34AD788F537D,0.7157053775736675
CC_34AE2E59FEB7,0.1266970397591669
CC_34B449B04CF0,0.715156522381182
CC_34B4D80F670E,0.20464554952633404
CC_34B5DD9E5BAF,0.21916275939187332
CC_34BA7C3617A4,0.7646132988125471
CC_34C017698A96,0.26630895143604855
CC_34C0AB20D32D,0.38281747442969116
CC_34C2962C77C2,0.21418574156550002
CC_34C6BA8BEF62,0.09259182091430095
CC_34C79226EFE2,0.12150512144930208
CC_34CBBD792EF8,0.07705931036534341
CC_34CBE262ED45,0.20600800820209395
CC_34CE7677B7AA,0.1450122350954572
CC_34D1BA35290E,0.06952316155417311
CC_34D47BFC3585,0.31775075478862963
CC_34DB5DAC39CA,0.06540152317218528
CC_34DD16EDC0C9,0.38980227024135544
CC_34E3D4D4A7B4,0.19004953846168887
CC_34E7B5F2D2D5,0.6529671924392509
CC_34E7BEF1CB10,0.5494168951285315
CC_34E82F236AC8,0.41490356398399336
CC_34EBE420D07F,0.16824307890461843
CC_34F1B3C54B32,0.17853605862991614
CC_34F94F840893,0.1460533977872427
CC_34FE8BACF725,0.15672988680650474
CC_34FE90DF910D,0.10308512782921739
CC_34FFECF388D6,0.722086597793415
CC_3500519E2522,0.05351570354377455
CC_35009A2C8786,0.07464868116592892
CC_3508EA37227A,0.14981721200520715
CC_350A49A0CCE7,0.2335681241822944
CC_350AFDB3E4A4,0.07830152649729538
CC_350D75A96ED2,0.06863001361070065
CC_350E7FF8EBE7,0.6324295437985593
CC_350F3B6E5EE7,0.0844767126018076
CC_35108FFDF38F,0.4730491648633997
CC_3512CF52CA97,0.05949935430096517
CC_351329975577,0.5411863402823636
CC_351783D185D5,0.24679197668896777
CC_3517BB418592,0.09330166524893349
CC_352101D49FA3,0.17312038206793628
CC_352348332285,0.05980140037103354
CC_3524B5FE500C,0.1354594215049173
CC_352B14E96C32,0.056314399966204
CC_352D1F645A53,0.12849749492478252
CC_353169CA9A17,0.03348264618086495
CC_3531880AF405,0.53637548258965
CC_353200CCB698,0.07392144141634802
CC_3535B47DBEAA,0.3685023082530981
CC_353816E7D9E2,0.17592109805803804
CC_353985FE06D4,0.07143783789367938
CC_353D51AE7F22,0.11248887290194072
CC_353D5DEB25F0,0.052457401746270046
CC_353EF85D5356,0.11788627929666637
CC_354D93B51452,0.0778873610714263
CC_3552FA56C730,0.33809477315082187
CC_3555A8B600CC,0.22675211263609193
CC_35574F651B0C,0.23622155413215515
CC_35577D0EFCA3,0.09661404302967276
CC_3557E8A59F9A,0.18725352340293702
CC_3557F469E5E1,0.18125345526076558
CC_355BEFEA0F51,0.11437370330755406
CC_355C31BC86BA,0.18638236851780474
CC_355E2F99F167,0.738794086101864
CC_355EC5CEE281,0.3062327303348181
CC_3562B902ED01,0.2600935603022455
CC_356456DC01EF,0.07044471182804009
CC_35663E7412DA,0.3828267358829419
CC_356999CCA605,0.08567882118567097
CC_356C7FCD01DC,0.22011116468488173
CC_356CBE9A1547,0.0907687810633857
CC_356D13587AC8,0.08157061902490922
CC_357386140C1C,0.7558954355265012
CC_3573F8851211,0.19910455639034458
CC_3576D2B9250A,0.5056663042899088
CC_357B92E8140E,0.52470213177109
CC_357CAF9CA0FA,0.6644781237035822
CC_357D7F2B3302,0.09873919461857042
CC_35800751E14C,0.18513145168217757
CC_35855FF36F34,0.5402917568133812
CC_35869AA38991,0.6967361784622571
CC_358C78688BD6,0.20130544751595464
CC_358D1F733AFB,0.6029114178972387
CC_3590FF05862E,0.166546840444806
CC_359662924B7E,0.16250461870489746
CC_359A0F5E139F,0.04282207341938861
CC_35AC38003B44,0.07650907225946206
CC_35AEAD4B6A34,0.04625367149093337
CC_35B421A476C4,0.13552883735120563
CC_35B4912CD6D4,0.2719661832602921
CC_35BA3D319A09,0.21408190248552442
CC_35BB8B2EE990,0.7384658035972114
CC_35BBD88A6D7F,0.14916139637092546
CC_35BC16ADAFF4,0.10232801242632417
CC_35C021D92589,0.0401600709689721
CC_35C2BDC8ACED,0.7792954592620387
CC_35C6D9E254F6,0.2575901645223027
CC_35D121A08242,0.14406051882090803
CC_35D6106E8E97,0.053374705479795524
CC_35D722A16A46,0.04215579231001921
CC_35DB2119FAC9,0.11211773774977371
CC_35E1B85105D0,0.08176633033792931
CC_35E3227EFA16,0.22441366136019375
CC_35E3E4C4ECF2,0.2727166615507504
CC_35E58EF02126,0.061789032691359456
CC_35EB917133A5,0.16219056033394957
CC_35F4BBD71FDD,0.20958404299249125
CC_35F61E1B8898,0.07851196500883416
CC_35F6F2A80F70,0.17427339472408
CC_35FE42A77B08,0.23979766325645308
CC_3601B4F9A89D,0.2398295901545946
CC_360823DCCD45,0.08135874386730939
CC_361621ACEAB6,0.16421925316450198
CC_36175EFD218F,0.23486953415874337
CC_3617C8435722,0.24385730936379937
CC_361861C3C63C,0.07385124796458388
CC_361BEAE735FD,0.08194807628340928
CC_361CD397896F,0.36998512596589644
CC_361CE8DFB8F2,0.09798070221562762
CC_361E9CEE844E,0.1253065112215853
CC_3623208152AF,0.04318194800423366
CC_3629729C93EE,0.24052704684083723
CC_362B922B63D4,0.09074471059958687
CC_3632CF9A9FC7,0.5314112170930045
CC_3637709B8467,0.21832708374269094
CC_363B528ACE26,0.07009733255664206
CC_363BEA2F53BF,0.749674335861655
CC_363E30C490EF,0.4718216411430748
CC_3640106494AF,0.3191843722491853
CC_3640A2DB9AF8,0.04938916388584604
CC_3641B3E9DD92,0.2109407394918627
CC_3644D19BE162,0.07988874723796094
CC_364A8036A1D9,0.7160206549411895
CC_364F837E4154,0.09094590803061622
CC_365306B2E2FB,0.13964642964461485
CC_3653C392691F,0.34209934390513563
CC_3654C8CF49F8,0.1542669047464918
CC_36569AC99717,0.5484206531788625
CC_365789E96DA6,0.12911489437297333
CC_365977F1908B,0.13942988096689019
CC_365A8E1A2AE8,0.05432518063398306
CC_365B28C61768,0.36707423157305663
CC_366165139784,0.06153497031616141
CC_366312F32D5E,0.16440868121613558
CC_3664A1C47C7D,0.12512763973838997
CC_36658978DF48,0.06575363767681697
CC_3667A2750871,0.34629980135461436
CC_36688B1EF976,0.06438847624817189
CC_3669155DC607,0.21655055966329692
CC_366BD3E346F5,0.06689007395631284
CC_366CFB3521AD,0.3801643534967688
CC_366D9E4A33E0,0.33289534619874483
CC_366F2212A730,0.05384416124658847
CC_36723AB4299F,0.18428043696289415
CC_3679F2799D53,0.124735951073827
CC_367D3A611951,0.1313765478458811
CC_367EC8786186,0.7436584262403064
CC_36822E370AAE,0.5324354209631721
CC_36824A274886,0.05229529309568259
CC_36832B6653E7,0.18434338765172814
CC_3683D62EB70A,0.12861754876535492
CC_36844EA3868D,0.6766393605908471
CC_3684966D4A76,0.2234497076026604
CC_36856EF07C34,0.42340666291075496
CC_368C76E78D3A,0.5681056157584122
CC_368E147BEAFB,0.6524803748390613
CC_368EC61A3BD5,0.19157332777996974
CC_368F0DA6E3C7,0.10570658382394563
CC_368F4FB6DC33,0.546166965734904
CC_3690724B9F42,0.6501668846678992
CC_36940D7F7E8F,0.056253875594809155
CC_3699F2C372E4,0.26058739978331463
CC_369D619165B0,0.7612007114214094
CC_36A391452CA1,0.048596817166530894
CC_36A92E638415,0.08811799016884561
CC_36AAFC0BDA2F,0.19689357696645
CC_36AF942D1617,0.06945179082939916
CC_36B3AAB98DBE,0.1539511272099892
CC_36B834261002,0.6161062296207721
CC_36BADE5D5F77,0.7220209649425214
CC_36BB14731B86,0.13821592306995156
CC_36BBF85BB423,0.16479273209447567
CC_36BD8BF45150,0.7163781795734112
CC_36BDF839C97A,0.07087941402959166
CC_36BF8517FFA0,0.155020864543803
CC_36BFEA0A349F,0.4316611005589017
CC_36C148E678C7,0.11454050388043294
CC_36C25F6E64CC,0.1638403006881119
CC_36C3A88E39E6,0.5438990871144107
CC_36C580A99CA3,0.354662425957691
CC_36C64D34F51E,0.19957732144409263
CC_36CD868E6B56,0.07610386863356404
CC_36CE0D376B2F,0.05443631575837173
CC_36D318E5AC0E,0.6229990453524114
CC_36D3A05B0CE7,0.11834829483159179
CC_36D558EA171C,0.04658485468511676
CC_36D9AC453BC2,0.05516722346434374
CC_36DD23FFA04C,0.20567765297865653
CC_36DFE7B297BE,0.1208764693086047
CC_36E11C3B7C40,0.2002576627127167
CC_36E236CA43E0,0.08635969875400507
CC_36E5A7F57F32,0.19893985730750494
CC_36E907FC2C5F,0.32795109804137956
CC_36E956F2B879,0.30690003354650375
CC_36EA972A994F,0.29275318589688537
CC_36ECAD497115,0.05986925054748097
CC_36EE8B3712E2,0.16336163091223863
CC_36EF3CB9D558,0.047257304662089716
CC_36F03DDC7EAC,0.07993219924763767
CC_36F0667A6FDE,0.13575021024068973
CC_36F48FD278D5,0.14390712037716913
CC_36FF34ECB262,0.06212920442943243
CC_370111102209,0.7422056934929027
CC_3701598458C8,0.38629839299189483
CC_370F42DA1D53,0.11070645074239374
CC_371280C119F1,0.1911464024462151
CC_37178822CCA3,0.3368879449648783
CC_3718FEABD892,0.6533360551446619
CC_371D57969C23,0.14028627102075253
CC_371F3AB7A077,0.19602304021912648
CC_371F5C0F693A,0.3444353484719548
CC_372324064B14,0.0857899393299499
CC_3723AD008C9B,0.11965628676191316
CC_3727794DD8B6,0.050619900286796395
CC_372DA829DDB5,0.7470151035252501
CC_372EAF4554E7,0.06345432137771743
CC_3731475350E1,0.6437967976669745
CC_3734A2975C24,0.08417975628925958
CC_373A58E3B60B,0.138139769334881
CC_373B5F29ADCE,0.27507921898147336
CC_373B652D08FD,0.2224202133820472
CC_373C67E639DC,0.10627205683830247
CC_373CBA62B6BC,0.09321421412499904
CC_373CFE6D075A,0.3807574614011159
CC_374440C69DE7,0.09643650947231565
CC_3744500021F4,0.6044712968971955
CC_3744FDA30D56,0.06800994189570822
CC_374621359005,0.22742209346881848
CC_3749054688F9,0.17507692437058692
CC_374A3DBF546F,0.691777233015505
CC_374D1158BF5A,0.08002626861661785
CC_374F2567B96C,0.07045426766928554
CC_37502F0871FC,0.14700881882592423
CC_37505D4BBC5D,0.627701564155458
CC_37543CBC6452,0.06658054674029272
CC_375554505BD6,0.7739882689962725
CC_375A1A65F74F,0.062307238104087115
CC_375A75D73FD8,0.6085775694330098
CC_375BB868D7AE,0.3819274307642176
CC_375CFD34507B,0.6845063485657809
CC_375E4DAA38E1,0.12064573398113473
CC_375EDD794E17,0.7612442119284886
CC_376348B568EB,0.26421175146272197
CC_376505F333C1,0.14184188123155125
CC_37684FC3D9E4,0.5840142191249592
CC_376CEB00C1BC,0.17293201826641522
CC_376D949399AA,0.054777152148585764
CC_376DEFB0A3EA,0.19423873017200802
CC_3772713D2B7B,0.12224611345482768
CC_377411AF4E68,0.062823770131382
CC_377B30E92007,0.07458075962900157
CC_377D723D01D9,0.1789228930528579
CC_37833BA5191A,0.7315935061205341
CC_3784C09C70E0,0.07631519928577576
CC_3789812B3416,0.11862487863544768
CC_378BB2746900,0.07229513449819137
CC_378EB18643BB,0.11212096718066752
CC_37933E52C71F,0.5309605113864744
CC_37936DF180B9,0.0823095209649014
CC_37942F4E7B8F,0.12756139081226867
CC_379892085817,0.13619191925743143
CC_37A4B3F97F69,0.19725459048714225
CC_37A52199A176,0.05656397872303148
CC_37AA8228356E,0.07468258238267436
CC_37AA9C80C01F,0.07263629578063374
CC_37AB566399EC,0.04832728568780935
CC_37AE39620FAD,0.05360470922929186
CC_37AF76639F75,0.045049588706514175
CC_37AFA6A57226,0.3948910220917926
CC_37B27405710A,0.047590081582040276
CC_37B28F8573EC,0.20540469988786197
CC_37B463F68BEF,0.1882745757138649
CC_37B8653E92E0,0.19951990663630972
CC_37B94B4DA8E3,0.2539947619969938
CC_37B9A2C6D054,0.15999918152248255
CC_37BA87388D17,0.09630285942134206
CC_37C40AA2E44F,0.16472999057805762
CC_37CCBC27A220,0.19902123354927045
CC_37D0C55CE9CE,0.06245508204606034
CC_37D28222E186,0.5044442131923269
CC_37D46977FDCB,0.4937564119721555
CC_37DBB31C2D42,0.43973869142772
CC_37DBC68F0DC6,0.8475958261578811
CC_37DE4FA7C35E,0.1569037750108245
CC_37E3AD9E30DA,0.5978459509628766
CC_37E3D7E057E4,0.06945733714030498
CC_37E4EFF37AFA,0.19470349583155244
CC_37E5DA525091,0.12384458708700115
CC_37E6B35D0FB8,0.32597040560471985
CC_37E8496A58E8,0.1282496944431955
CC_37E8BF89E4FC,0.22115298494633548
CC_37F97709F300,0.21729019817745326
CC_37F97C4ED049,0.3790678414963001
CC_37F9D963E601,0.6848673478042167
CC_37FCFC4DEBBF,0.21575303671349114
CC_37FE1D7DEA3B,0.11321183467750026
CC_37FE82C4635B,0.11714936734583312
CC_37FEB765EEC2,0.14526865312269996
CC_37FF7D5890E1,0.06431254731016003
CC_3801CE554CFF,0.27956821314047314
CC_38030720DE1F,0.18207389434748575
CC_3804795A8851,0.23717314434684642
CC_380AC07ADC0E,0.10188109023831526
CC_380AC17591E9,0.4101787500136737
CC_380C2437052E,0.39986250126472317
CC_380C47FAB6EA,0.06777219757512398
CC_380E21C16482,0.3483680693518311
CC_380E63F572DD,0.06268483603383523
CC_38112B255ED3,0.07888645407841324
CC_3812F4714301,0.6927373404535604
CC_3813013D85D3,0.07045403537929865
CC_381955360877,0.2096928754515738
CC_381A391C2B60,0.15389531181631325
CC_381B7721B351,0.10328980927188167
CC_381CC09CBB48,0.16712215443908005
CC_381D194F3E28,0.24738573640348277
CC_381D9A6889BA,0.18651055418091647
CC_38226179F35B,0.09340394923926587
CC_3824A9AF5157,0.11257821532935297
CC_382AEA92217D,0.13358686640572626
CC_382E641B71EC,0.04399726661855129
CC_382EFE89D791,0.13791297081931994
CC_3830E4804B48,0.2750392573154131
CC_38312AD4CA81,0.41884592771411294
CC_38318320185A,0.07931104442446721
CC_3836DFAC7C05,0.17930878306564915
CC_383AED574A68,0.06919607541411725
CC_383C27DFCA70,0.10744385441960842
CC_383D85EC9DC2,0.17593193231747975
CC_384057120EF3,0.34126000912662613
CC_38450F29704A,0.32551311315488124
CC_38499E07965A,0.13065876877141258
CC_384AB9E97F0E,0.1612626446307322
CC_384BAE6D0E87,0.27595094012090693
CC_384CBC18C024,0.464187882790075
CC_384F88173FE5,0.05385828320852174
CC_38530AF3F11D,0.21938817053594462
CC_38587F8E7AED,0.7907244150875266
CC_386242547F54,0.12082460154728866
CC_38665E0BB297,0.15444970353109727
CC_386A2052BB00,0.24909375696649644
CC_386C975C5E8B,0.4656047366756873
CC_386FAA775389,0.16729581263987076
CC_3877AE156174,0.23447448435727458
CC_387B9CC8A094,0.2112930207771953
CC_387E2CD94281,0.244722008640738
CC_387EEF294D89,0.09822581818748735
CC_388092B0E9E3,0.7364342016176733
CC_3883852FF0FC,0.6753677306516955
CC_388FA220F01D,0.5385013313260285
CC_389108557C51,0.2155412717109899
CC_3893A9AA36A5,0.0783829049672141
CC_3895C013F0D7,0.2111712761429474
CC_38994CFF3345,0.2434975637508708
CC_38A2E5262229,0.33054903895632204
CC_38AA438C3FC0,0.22020257275650607
CC_38AF5D65E5E3,0.08151462916564639
CC_38AFE3099E27,0.23353665734391948
CC_38B0F2F5AED9,0.07578783447526692
CC_38B39B0A0BEE,0.5235983337498002
CC_38B56ADED1D4,0.4318275268740564
CC_38B7082105F4,0.08528230610463895
CC_38B7C4A6E73B,0.10086253388860729
CC_38BDE40E5AF3,0.2327568912581571
CC_38BEE9574343,0.08058538578764127
CC_38C4D123E7EB,0.2584039538035955
CC_38C7C2052E46,0.32388266398484744
CC_38CAF23EA967,0.11913648222357173
CC_38CD59D6A932,0.05817543312169239
CC_38CF80C20655,0.07277206539400878
CC_38D06E8B710B,0.11355284822518277
CC_38D093163E63,0.08449785809034183
CC_38D39CA4586C,0.7411735356539826
CC_38D5DC355118,0.08631882735339921
CC_38D82840DEFB,0.06299742911186723
CC_38D95970543D,0.06910449917974394
CC_38DCADD16036,0.14503337983591585
CC_38DD0C3EC26D,0.1676285771346434
CC_38E6624B3690,0.09707289627465691
CC_38EB2594A8C1,0.06911885058992381
CC_38EE03D11848,0.2235162086614432
CC_38F590F035E4,0.18988317194154342
CC_38F637ADB5CC,0.07983169865576342
CC_38F90E72A334,0.10658278973788637
CC_38FB3BDEC0D7,0.6452375943368063
CC_38FB690EA814,0.0735665319783693
CC_38FFDF3361D1,0.1560783632332921
CC_39032ED5E227,0.07230424969942123
CC_390482931835,0.06407668353127628
CC_3905F365FAA2,0.04884143765678863
CC_390A3CC45F91,0.21155671038332682
CC_390FE015C71C,0.1116285932329262
CC_3911C15C97A8,0.1533160029673392
CC_39124F06ED4C,0.4094920669852553
CC_3913D50C654D,0.1891647903787929
CC_3917FC1C9CC9,0.46361761281156044
CC_3919CB7DFDE9,0.17675752771857228
CC_391B1F8B2575,0.1692319069913279
CC_391BA47C054E,0.04055238667395975
CC_391D435D4213,0.25817990133913876
CC_391DBBBE225E,0.17877043116193914
CC_391F8BED0FF5,0.12677163369266486
CC_392EC945C913,0.05252810641968397
CC_3931855BC454,0.062616735275431
CC_3931CCD872AE,0.13816799251259834
CC_393775287417,0.062401205165525706
CC_393A3771824D,0.14631134327985756
CC_393AEC792433,0.062303177317003244
CC_393E438698C9,0.5970906547921713
CC_393EC39B07E4,0.1966383379902589
CC_3942421E954A,0.2895049342284349
CC_3943378D25D1,0.09848587758368904
CC_3944995A3EEA,0.22782180706890695
CC_3946FF1B423E,0.17444825910757794
CC_39470FAC35B2,0.41142635184676957
CC_39482BFA0146,0.11523740847835151
CC_394831222419,0.14268740713233258
CC_3949832275E0,0.09046956631126371
CC_394C5B8E299E,0.17619408002187115
CC_394C7688168B,0.11898045876308945
CC_394DB4929B70,0.183927979831598
CC_3950B81E32DD,0.6010198565713144
CC_395169B6D2F0,0.10950637744371276
CC_395174A791E8,0.0932037243727731
CC_3954B69A9886,0.09935393926476052
CC_395B67DB2BDF,0.21087593378419434
CC_395E5683CCAD,0.1120623508717328
CC_395FA3E9216F,0.060634242644397165
CC_39607517BE45,0.6778657016581651
CC_3961AA5CBCC0,0.767055085438051
CC_3963EFED24C4,0.04315195781276639
CC_3965B6388138,0.08333497862654768
CC_3965DC0CB4B0,0.19635071568848347
CC_3965DEE671E3,0.1519169984471901
CC_39665357E830,0.6531148369889395
CC_39665D503C35,0.12453718993346433
CC_3969B6445BC9,0.08907227002471282
CC_396B4DCE1577,0.12731637401331816
CC_396BA76854B5,0.3149916917505254
CC_396E96D06BD8,0.15275130473351564
CC_397D1EFF9804,0.1326710176810842
CC_398239227C73,0.12569052398519162
CC_398540817B9A,0.06404251284930498
CC_3988538496D6,0.05032424947229723
CC_3989D0A8E6F6,0.11783968095219241
CC_398D9B42AE19,0.04849377004097011
CC_399091019354,0.4944175702404333
CC_3994E0F42B4F,0.08044459915287641
CC_3996C59A2DB1,0.11858344149850904
CC_39973DFA8F5D,0.05216763786506799
CC_399810409346,0.5232559961310289
CC_399CBD33439C,0.04511148353935186
CC_399FF2373B07,0.7220472210659045
CC_39A30431BAE1,0.08425981739714365
CC_39AD84441A5E,0.16466076978854288
CC_39AF2F877FE8,0.152243507948337
CC_39AFE5418356,0.3635473947835485
CC_39B4E84B09C6,0.25892935482368007
CC_39B53110B5D6,0.11129361805954621
CC_39B6A3F8BAF1,0.14776872239357583
CC_39B6EA65CAC1,0.14645350786739447
CC_39B97E6CFAAB,0.12216927300779264
CC_39BC0068E1DF,0.20729757666459897
CC_39BDE49F8A63,0.5507765167720832
CC_39BE6AC6CDA2,0.17272678007313141
CC_39BEE5B965BD,0.16163285441547817
CC_39BFE88F03EE,0.06295115852099328
CC_39C01F52CA23,0.23710172098225418
CC_39C88627D75F,0.6673379765259995
CC_39CF45DC0860,0.3597378759068467
CC_39CF5A27992E,0.30594865482213474
CC_39D0E9D3E36F,0.15278820844276358
CC_39D2F98E76B9,0.12630781672046087
CC_39D3648DFDFE,0.44223748820885467
CC_39D8A88723F9,0.19000354343914422
CC_39D978A902B9,0.10585632997045444
CC_39DD7C53658B,0.13800632517259298
CC_39DFD06C13BD,0.07826589051310474
CC_39E02E046BC4,0.4912434158080818
CC_39E3014D7D6D,0.11300577366478308
CC_39E48ACD32B0,0.11750967747665197
CC_39E78B84B31B,0.03241733980091754
CC_39ED3D82BE30,0.26652894487129186
CC_39EEB4B03E86,0.2257685223575264
CC_39EEB9FD81D4,0.22885967850016237
CC_39EFCD51C268,0.12887539832617298
CC_39F0BC56EDA3,0.14788131114638753
CC_39F1B8F85E6C,0.6794995234387903
CC_39F8359009EE,0.107528453145358
CC_39FD2DEC44B6,0.08245781614329696
CC_39FF9B8BBD3E,0.0365464041439216
CC_3A0031EF4290,0.06703659237380402
CC_3A01BD085BD6,0.6848834649098835
CC_3A0339C1C30A,0.3502865440922393
CC_3A0396483842,0.0446582704498559
CC_3A052490B5EE,0.4935897270975089
CC_3A094D444EDA,0.050612359526005346
CC_3A0E47EBA31C,0.1681520523053151
CC_3A0E5951A686,0.5526239413318106
CC_3A0EEADC58C2,0.06363350561197866
CC_3A10C883241B,0.04478600089924896
CC_3A15FC4ADAF5,0.2461900398714579
CC_3A17BFE96EC0,0.6621234351195582
CC_3A1E504A4C97,0.6586372730854597
CC_3A209949ABAB,0.22280860174792783
CC_3A26344D077A,0.1559033382815275
CC_3A26BAC21E9F,0.05505458020053609
CC_3A272053424C,0.11745517863334762
CC_3A2A8378C27C,0.06998031378126007
CC_3A2B5B2C795D,0.6416706400364685
CC_3A2C14A237EC,0.0800058433815124
CC_3A2C60976B89,0.14922714706245827
CC_3A352EDA79E3,0.5065366765389333
CC_3A363A56493B,0.04351684521926618
CC_3A399F4B6157,0.3292484409485445
CC_3A3C61774326,0.2067431708982777
CC_3A3E56C12C87,0.27524557462272864
CC_3A448D9775D3,0.07254003294308281
CC_3A452172BD13,0.10724824784688905
CC_3A46C9968938,0.707449319628195
CC_3A48DA420C0C,0.3367159368427805
CC_3A496644E274,0.3930888527452573
CC_3A4DA98DB4A7,0.13181057390177348
CC_3A514B84B21B,0.0814607871417655
CC_3A5D5DF5EBC2,0.07982427919105309
CC_3A60EC89C95D,0.06312298637868463
CC_3A64223C2B4D,0.15179188340014035
CC_3A69224B84DA,0.19853416104437288
CC_3A6E66153D6D,0.15219912127719545
CC_3A6F7E9C4913,0.11111406433750695
CC_3A70E33B7EFD,0.10693881415801225
CC_3A711EC5834E,0.2506543652143604
CC_3A728F367626,0.059498340222916314
CC_3A7420292840,0.04813807662724196
CC_3A7500FBCC7A,0.08875741912240094
CC_3A766DFF6D01,0.17211462217508341
CC_3A77AF851B98,0.15920977175061177
CC_3A792195D7F8,0.17842023910688545
CC_3A7A31B08B92,0.09454751294127102
CC_3A7A45326813,0.4593817473618726
CC_3A7C6780ED15,0.6154277667103017
CC_3A8252B32B02,0.5777978659251501
CC_3A82F8560045,0.09454342388330829
CC_3A84484140CD,0.05940437245411393
CC_3A85C6F8E65C,0.265496679988556
CC_3A8811EDF7D3,0.14187465440081576
CC_3A895891F84A,0.11449955823485218
CC_3A899667C894,0.11883945938721838
CC_3A8C6A4DA416,0.18317452337926626
CC_3A8CB749FD94,0.08958247734928801
CC_3A8E03CA0A81,0.06252300137862415
CC_3A8E3105F0C7,0.41425172907673363
CC_3A8FFA15D825,0.19504351018966046
CC_3A9639918B6A,0.17404171738933205
CC_3A97C989CBDB,0.12959968686539916
CC_3A9C81F3A9B0,0.062020391011584
CC_3A9DEB791779,0.15845403811400907
CC_3AA19E5B364C,0.14132311367923572
CC_3AA310152CA0,0.06916713575916247
CC_3AA69825CF08,0.31422967504308386
CC_3AA71E080F15,0.755900305378571
CC_3AA7F321BF3C,0.08891143752920633
CC_3AA8543C99B9,0.6251638587960401
CC_3AA8AFC5BA87,0.17267856639286205
CC_3AAA6E3CB4C6,0.17519917034032628
CC_3AAA8A83AD7E,0.07561687070966408
CC_3AAB228BB75B,0.05450553973226392
CC_3AAB2424DC88,0.3943540400536758
CC_3AABC112FDC8,0.16070134840786662
CC_3AAEF36B940E,0.7704569997230325
CC_3AB49A2F3A48,0.04434719171875494
CC_3AB5EA0F869A,0.14935712466541276
CC_3AB63696C18A,0.06465044819468903
CC_3AB665FA5173,0.1537393747648623
CC_3AB906FC8660,0.09897280373689521
CC_3ABAEC188E9F,0.15613608280366773
CC_3ABBBDBB6E24,0.1930904190497339
CC_3ABEAE73EB5A,0.18298732099671322
CC_3ABEDE89961B,0.10268831166294216
CC_3ABF4843B284,0.052618786278703734
CC_3AC29347F53D,0.39244939394575623
CC_3AC6A5798481,0.05200012622499629
CC_3AC9C0DCFF29,0.037705379006287607
CC_3AD360C982BE,0.06352238586443895
CC_3AD9C3DDD439,0.6572031206119139
CC_3AD9EA670652,0.5820222337880807
CC_3ADA3448916E,0.24313881305596516
CC_3ADD1661A452,0.045991430730634
CC_3ADD8637F104,0.14964259106949296
CC_3AE31ABD98D8,0.6661162205043508
CC_3AE92A94EAC6,0.14138108911723918
CC_3AEA6ADD617F,0.12880116378841902
CC_3AEE1E864BD0,0.15645396425463756
CC_3AEE73094665,0.22278124921345613
CC_3AF6CD41B043,0.29856397006117597
CC_3AF6F980B0F6,0.7926405397619077
CC_3AF75CC04B07,0.7133235794874675
CC_3AF7E268C1AA,0.04776347936449445
CC_3AFA187FA76B,0.12428883637275893
CC_3AFE1D2FB01E,0.7131714081427506
CC_3B073523C9CA,0.16829176047193486
CC_3B087F12BD5D,0.04123447571652585
CC_3B181C2E831D,0.3316932310059403
CC_3B1A3CBE1F8B,0.09159509209192486
CC_3B1B9CD8CA89,0.5937422822007753
CC_3B1CDB11CB01,0.20292919795027542
CC_3B1D37C1329D,0.062351215897593716
CC_3B1D3E73EC31,0.7564754000049829
CC_3B207C78BAAC,0.2779007968961872
CC_3B29B4B1D51C,0.1610921876890014
CC_3B2B3BFAE147,0.0717064456235127
CC_3B2B71CABBD7,0.24155829057161413
CC_3B2E07982ADB,0.21432374641671575
CC_3B2E5175CC91,0.05017195484689818
CC_3B2F64263D1E,0.05791531167524848
CC_3B32111D0238,0.21324821728053434
CC_3B34044FE7B6,0.21058408746776677
CC_3B357875AE56,0.18846887322116565
CC_3B3A61379FE7,0.7187410808180861
CC_3B3A74344AB4,0.18937892427644984
CC_3B3C18BD33F2,0.19472415462646758
CC_3B3C5F749881,0.09204277437984695
CC_3B3D4FE715C9,0.344724677878858
CC_3B3F48549E9B,0.14687438610786258
CC_3B4112EBDA80,0.6293125318024365
CC_3B41C1DF6A39,0.7539882997542533
CC_3B445784457C,0.10651722206249788
CC_3B4684DFE291,0.2914088368182604
CC_3B4C9EF6EA1D,0.08928354209371454
CC_3B504D47E2DF,0.11203259833940431
CC_3B54707CECFE,0.09977932692095412
CC_3B54E84B3C2F,0.1018074200407321
CC_3B55363A622A,0.15697445569378435
CC_3B56A6F5BD61,0.5698825550932498
CC_3B58C15A2F8D,0.51707607505774
CC_3B5AF70E7CB8,0.39181882589059425
CC_3B5C94EDF75A,0.08379434629264007
CC_3B60D6A443E2,0.7327361872433903
CC_3B63C655D10F,0.6264778338771819
CC_3B642FC35B3D,0.1628462242958863
CC_3B6465826490,0.05489314343741194
CC_3B68E280D3A2,0.06520608376006091
CC_3B6919AC98AC,0.729206353681999
CC_3B692A655479,0.059379862088321425
CC_3B6C741E805D,0.10874335422235859
CC_3B6C7E38569F,0.04259365825045992
CC_3B6C9A793A30,0.03559287229730658
CC_3B6E964DBAF5,0.07811113927047003
CC_3B740C8D1A2A,0.43664742535601003
CC_3B74E60A19FD,0.19473929929234512
CC_3B78458A6F65,0.07402734554877957
CC_3B7BFDA01197,0.10250317320556832
CC_3B7C142C76B0,0.1918730811725948
CC_3B822CA7187C,0.07291524415215313
CC_3B84C66F2015,0.12762362955096923
CC_3B8574246B84,0.15678328197569164
CC_3B8B52DE5677,0.14918958691483988
CC_3B8D37228FC7,0.09436345821190041
CC_3B8E8B6801D7,0.05195590968886764
CC_3B8FA79E4D52,0.05265690570065991
CC_3B942A285C50,0.2123513137037437
CC_3B94EBA9E759,0.10337491509518167
CC_3B962D19ABA1,0.17324059629373847
CC_3B9653D1AA15,0.1618798732631021
CC_3B99C72A3D6A,0.14964565943446537
CC_3B9B190783B6,0.18885933691413098
CC_3B9C0704B2D1,0.1233669627507489
CC_3B9EE9713354,0.4692019401075388
CC_3BA700BE1C83,0.20111022856375232
CC_3BAA9003C5F7,0.3733707063421189
CC_3BABC7EF1741,0.5909043687076252
CC_3BABD4B5D3E1,0.6547728431247963
CC_3BB12EAD40FD,0.10463761143254668
CC_3BB1FF844347,0.19831394655823065
CC_3BB2C2215780,0.31747588355986317
CC_3BB60BFDD79D,0.08745246572482898
CC_3BB732424FBA,0.0993672744481366
CC_3BB7ECAD8586,0.12071869813881313
CC_3BC403BAF7DD,0.6572750796920941
CC_3BC51C5CCEE3,0.09588422581352571
CC_3BC592F9C7DA,0.1489446519601074
CC_3BC67758C64E,0.05146441191592775
CC_3BC881196FDB,0.2172921124348605
CC_3BCC88B79918,0.09984335979787637
CC_3BD01511D073,0.14926436470599577
CC_3BD2C1C1F04A,0.5800515614988002
CC_3BD5B08D4144,0.4013741667596755
CC_3BD8EABC4AE7,0.06421287845394412
CC_3BDD99872776,0.3435105069640622
CC_3BDFBE0B6338,0.10965715633630535
CC_3BE0295484C8,0.16059863190713936
CC_3BE132F19245,0.06350179157199858
CC_3BE284D2CA82,0.0564277386047788
CC_3BE82CAC967E,0.2413297921454952
CC_3BEB7D682C01,0.05467282567918924
CC_3BED7335FA27,0.21696808849746402
CC_3BF014CADA6E,0.06391298924417703
CC_3BF2422DB97A,0.09734504238536465
CC_3BF2EE361611,0.07708495357718102
CC_3BF3C403F586,0.24996065181779117
CC_3C010566DC3A,0.28450171304947103
CC_3C0427B48CF1,0.5384305755367077
CC_3C056CEDAE4A,0.04561502520836561
CC_3C060F80B680,0.12290534193093443
CC_3C06219D6E24,0.06830172056666148
CC_3C0C0B93B903,0.5561956634390496
CC_3C0C4B25A7BC,0.1259565978591259
CC_3C0CFDF70B8D,0.17111030226794072
CC_3C1005EE2A85,0.20809493993054437
CC_3C16937A5013,0.12444835825958818
CC_3C18B4010A3D,0.1377901715212772
CC_3C20F0767923,0.3413720497562297
CC_3C22AC75AB68,0.1941800607411819
CC_3C24A574EE64,0.2547258027693462
CC_3C26C857EF41,0.12077526950649242
CC_3C27CC8D53EE,0.1655060130283436
CC_3C2861BFF1C6,0.12864049782555853
CC_3C29787E94F8,0.2204171538898358
CC_3C2AB6F95649,0.21710945566245074
CC_3C2C43DB375A,0.0919306391518256
CC_3C2D820E6949,0.6054775877868748
CC_3C30903FBF8E,0.07734825898079278
CC_3C310A33218F,0.10000909679135087
CC_3C3633839213,0.1921261269805116
CC_3C36BE6B6DAA,0.20285983176692785
CC_3C38098D8A60,0.17198254684393224
CC_3C3E98477CD3,0.07956522003981835
CC_3C42640A5119,0.08975428897222654
CC_3C44EEBACEA5,0.06423507625993986
CC_3C474F8244AA,0.6446892668269864
CC_3C4D53C6CF39,0.08368912953914218
CC_3C4D65771E4E,0.07388158434396015
CC_3C5020076EA6,0.13751933085180806
CC_3C523AC6B930,0.09424540481224467
CC_3C5286050B40,0.778390149096653
CC_3C534B13F32A,0.10312181171837971
CC_3C53B6F4705C,0.10526923064760356
CC_3C53CDEE3807,0.13834795218254317
CC_3C546182B16B,0.17613621122130424
CC_3C54B0946163,0.06657654855282066
CC_3C55B6CEF2AE,0.10484493546909876
CC_3C5B0C8C49AB,0.6911647281551304
CC_3C5DE6B1A96C,0.0740348810708555
CC_3C60E514A8FC,0.07716608832109602
CC_3C6280FDE8C1,0.7875458653967533
CC_3C696AA50DB7,0.07440107522374931
CC_3C6B946BABCC,0.25772236214933664
CC_3C6DC47C6498,0.21457907405884574
CC_3C6E538A9ACA,0.09164913380018155
CC_3C708DCBE0F1,0.041152426243916636
CC_3C75962E9701,0.12729926370123104
CC_3C7597143E27,0.14465374236519685
CC_3C79F7501356,0.1491452859336556
CC_3C7E24463383,0.0786769152117536
CC_3C7FC2969633,0.4674342099486249
CC_3C8088390BAF,0.1490423549448647
CC_3C81FE6D0007,0.05517487523192806
CC_3C840CEDAD97,0.08067499744814316
CC_3C890C376EF1,0.21041908328275322
CC_3C899D2279F3,0.045210439865965214
CC_3C8B30469B57,0.27344678398781647
CC_3C90A2DA38C8,0.07375232062230448
CC_3C9C3136D06D,0.08175982639840676
CC_3C9D32C59A0C,0.11316054509227409
CC_3CA02FE99C15,0.158167391311684
CC_3CA06864D933,0.7471610872526695
CC_3CA2C557E464,0.2560963645385915
CC_3CB84D9CAA6C,0.1915364535012348
CC_3CBD15C385A4,0.06814404975154197
CC_3CC1B87C85C3,0.10021716546772778
CC_3CCCBEA5E377,0.22499828314343806
CC_3CD0869B655A,0.14042632920242676
CC_3CD4FDD7BDAD,0.12261468217703646
CC_3CD84B850BCB,0.15004417449897295
CC_3CDCF20B097F,0.10546280108772225
CC_3CE1CBA88910,0.12256937355245853
CC_3CE4365CD2DD,0.09258249312570273
CC_3CE47E406710,0.7697319755593882
CC_3CE4A01492F7,0.11541189121355296
CC_3CE596B7A5AD,0.09643551223660381
CC_3CE64EA7491E,0.1956077687144485
CC_3CEBC183D074,0.26305856298699976
CC_3CF5D6F9A23B,0.1813784627488908
CC_3CF9A43AC0A8,0.048393584030028955
CC_3CFCF1205340,0.16490418586036037
CC_3CFEA7F22BF9,0.07782095528598207
CC_3CFF111B7CB6,0.350980560445112
CC_3CFFAD5AEBBE,0.13501943489793083
CC_3D0B5F4670F4,0.36702431771638727
CC_3D0CEED1B216,0.10258918659434904
CC_3D1B2ECDBAD8,0.07306117731987696
CC_3D2129E6FD3E,0.23374764275793689
CC_3D2405185DD0,0.09141864793766953
CC_3D2438152C87,0.05729394028508258
CC_3D29125DF048,0.04514130728825709
CC_3D2962D5D88E,0.1123115029804187
CC_3D2DBCF8B9DA,0.10019553895631175
CC_3D2F359615F1,0.13670796500355697
CC_3D302D6A88FA,0.21800976342758416
CC_3D342BF9643D,0.1027406164709324
CC_3D3883F0BE25,0.16295172133615998
CC_3D3BD2C60F4A,0.07701385810058917
CC_3D3BF61CC289,0.17097629354213584
CC_3D3F56B369CF,0.12526656100836994
CC_3D40CA123D5C,0.07563423787443455
CC_3D46245C3DF7,0.11698482061046149
CC_3D4897F8F8AC,0.0879083893100651
CC_3D48D0F32F6E,0.4077778085806319
CC_3D499758BB25,0.05424858962229436
CC_3D4A90158C9D,0.22487557688902715
CC_3D5120D9BE27,0.29167557881041456
CC_3D51B1ED0D7B,0.11764667029329208
CC_3D537478DA21,0.10136184111799373
CC_3D5A279700AC,0.757169633833829
CC_3D5BCA76331D,0.0890338301620611
CC_3D5C422D60FF,0.6561834554491541
CC_3D5E654E556F,0.13063505299320158
CC_3D60DE266E24,0.096728936497394
CC_3D6787A48841,0.04768273410383524
CC_3D681452408F,0.12245660719891269
CC_3D69277C64D4,0.11386606746140752
CC_3D701F464FA4,0.12255074513818547
CC_3D77CE8D4582,0.14165668287060523
CC_3D78E201F0FE,0.32181769191912574
CC_3D79338EDF65,0.0451343919640424
CC_3D7A5C1DD937,0.2321182939660737
CC_3D7B531A7B5E,0.19783355020453544
CC_3D7B615F5ABF,0.07287974450486304
CC_3D7CB19276A8,0.24702430708565998
CC_3D7E8F3AD41B,0.6023578396448789
CC_3D8071473E97,0.3269178040082884
CC_3D828DA55CFE,0.13411017731514213
CC_3D84947B2DE1,0.14103809289254438
CC_3D8529C65CC3,0.07212479392508599
CC_3D8765A64ADD,0.05709430913218427
CC_3D87C20F655B,0.3244540806616329
CC_3D8AF9A80D39,0.11771821475602864
CC_3D8D2700831C,0.5597829071740101
CC_3D90FB465A2A,0.04166254459836995
CC_3D92C820F074,0.09062097029236289
CC_3D92F98F3CF7,0.13841797596829747
CC_3D94EF283AE0,0.2504480481489681
CC_3D94F6CBF514,0.0788982921139646
CC_3DA0218FCD5A,0.037298146203192176
CC_3DA461704105,0.12947747430020512
CC_3DA5189D28E3,0.0806265706914828
CC_3DA96EBC7F68,0.10807267850107553
CC_3DAE730039C5,0.07188730276664974
CC_3DAF250821B6,0.08168024175098507
CC_3DB0D7527A9B,0.17147087704801373
CC_3DB1BEB70942,0.6180427184716429
CC_3DB81711067D,0.09208952838675885
CC_3DBA2BC5D75D,0.6789280080234319
CC_3DBE204CDCDB,0.17413787034288805
CC_3DC1E33F23A7,0.07469504612205562
CC_3DC29FC60E03,0.2995536668895435
CC_3DC3590C4A89,0.0817534356244261
CC_3DC5FC13E35A,0.04779995287811722
CC_3DC966CEC8C3,0.14205159508224335
CC_3DC9C2B9A96B,0.061281875985506384
CC_3DCAEBDDE96F,0.0775500104934573
CC_3DCCCEE778D7,0.1470609515690115
CC_3DCCF69AF014,0.08353319153677034
CC_3DD17FD406B5,0.09820465323645035
CC_3DD63B15603E,0.10965790602282846
CC_3DD775128F1F,0.06360369894085961
CC_3DD8B0EE27FE,0.12095054163267856
CC_3DDCE5D30A45,0.10378611777457528
CC_3DDD0E9E4F2E,0.47665797577054886
CC_3DDD84F1F87A,0.05641093611142051
CC_3DE094D40FB9,0.11080793958165494
CC_3DE099D96A3B,0.04949342401287302
CC_3DE2717A7A9C,0.08057728424001108
CC_3DE6BBCDBF64,0.09399570965560375
CC_3DEA1F5EA5C5,0.07355399821841972
CC_3DEB2F5772B3,0.1507491561516315
CC_3DEBC84983B7,0.10396736630110519
CC_3DEC8E2C7816,0.14964683614488922
CC_3DED20632960,0.31538215674955306
CC_3DF0ACC88BE7,0.5085703620220443
CC_3DF9BE9A3D2F,0.09408210447453522
CC_3E01906BACFE,0.1564391436184817
CC_3E020EC73C89,0.24003874292276187
CC_3E0481E07EC5,0.1129971001891786
CC_3E04E62A383E,0.27125196462286694
CC_3E05132424DA,0.05410071037121047
CC_3E05C4E3EB77,0.18654642210303068
CC_3E091008047A,0.6331632090639642
CC_3E0A4A91DADE,0.22696427214146966
CC_3E0A83C46C8A,0.1394560536687829
CC_3E0B4A133FB3,0.3519035063522259
CC_3E111946922F,0.19304307076407934
CC_3E177AAE4663,0.09165059951622694
CC_3E185FC131A3,0.14638591523798622
CC_3E1860AAA22C,0.3527152443165321
CC_3E207B4FEA4B,0.34030049921903316
CC_3E20D62A610D,0.17645868568623876
CC_3E20E37C9856,0.09123412433286845
CC_3E222D5DC74B,0.6205576963453111
CC_3E25BFDF0BAE,0.7893159476211439
CC_3E271D5108AD,0.5633132648549813
CC_3E2B0F9975BD,0.09489155919999233
CC_3E2C0F6176A5,0.32467444405997387
CC_3E331091F306,0.07464967232877959
CC_3E3781FDC886,0.22077789516048935
CC_3E39D227ACFD,0.05400391142327667
CC_3E3BA44CE4B8,0.12065460983751111
CC_3E40E3D021CA,0.09789008374614702
CC_3E41002AFB2D,0.10444110895853147
CC_3E430D2DF335,0.1953804501080693
CC_3E4BD48BD904,0.044505062131885785
CC_3E4EAF3857B3,0.05781252324028217
CC_3E527EAA0EF6,0.061021697987448574
CC_3E5702613DFC,0.30859141452933514
CC_3E571E8D904E,0.07271048716922965
CC_3E5B7FFD9D60,0.19084122232354991
CC_3E5E0D5F4AB0,0.7308419958663898
CC_3E63C2D05E82,0.292103340359218
CC_3E64CFD46480,0.14355148138421517
CC_3E68EE37773C,0.6598927778120569
CC_3E6BDB18F2E6,0.047194270919706634
CC_3E6BFACD9B83,0.290920656441873
CC_3E7294AAF75B,0.12372909249197317
CC_3E72B0424BFB,0.38823626030314956
CC_3E72B8E72CB5,0.051833318192752144
CC_3E72EDFC9423,0.08228110726161307
CC_3E74592E779B,0.20313694462434798
CC_3E7839C32D07,0.31692095924984287
CC_3E7BE9F3B972,0.1417143940936302
CC_3E841A80542A,0.1202301669437369
CC_3E89360ADF4A,0.0806900896971923
CC_3E8BEDB8B21C,0.20150859658371872
CC_3E90A4A329A2,0.13702800581272984
CC_3E9C0DF411F8,0.15645638020588917
CC_3EA298FFEDC0,0.1251879700135458
CC_3EA6D8D4103E,0.33715417386649754
CC_3EA740C732FB,0.4755513061168589
CC_3EA9B61341BA,0.11307081411621041
CC_3EAD27D084DF,0.13921707458125573
CC_3EB121261FA3,0.062069226269146946
CC_3EB2DAAEF167,0.13198221938913499
CC_3EB3BB604B74,0.11001706454504614
CC_3EB4077895F4,0.15592348492809432
CC_3EB514DECC39,0.1641314807866523
CC_3EB7C1406423,0.15957829722305863
CC_3EBBF5A17EC9,0.13342630737170735
CC_3EC5D9E0190B,0.054832615602114776
CC_3EC99DA4EDAB,0.3321129150521942
CC_3ECA364B6839,0.3622858132495309
CC_3ECA4C07FB2E,0.08522477573407164
CC_3ECB993A1B9F,0.06228678601996525
CC_3ECBE13A570E,0.08436470073716602
CC_3ECBEA7B9724,0.10689274144778085
CC_3ECD9D611263,0.06834248541020428
CC_3ECE79F884F2,0.13544496679739365
CC_3ED62061FD0A,0.06451745043189794
CC_3EDB5A009919,0.132212813572052
CC_3EDCCB52DAD1,0.15837841058314192
CC_3EDDD8FD77D5,0.0478559905943514
CC_3EDF3F850072,0.17514218555168048
CC_3EDF7C0D88FA,0.12527130412183077
CC_3EE0259C796C,0.233210820157176
CC_3EE6590D1DCF,0.05952412396475733
CC_3EE72F6A6B14,0.20601541140546703
CC_3EE7E5AED7CC,0.06042437949019493
CC_3EEBAE854322,0.05179414462767864
CC_3EECAB624618,0.6292238045179168
CC_3EEF909B9A5F,0.07894973475424025
CC_3EF3B72149E9,0.04698684576736697
CC_3EF60003FFDC,0.13836579761955325
CC_3EF717E79E1C,0.17956873718690367
CC_3EF7B37C86B9,0.06985240924813352
CC_3EF8E4918310,0.05477327571735511
CC_3EF99E8C672A,0.04511043694636837
CC_3EFA7EC29967,0.5499771081062967
CC_3EFBAFF547DB,0.19838546823119355
CC_3EFDA7C0739D,0.3713627246905994
CC_3EFDC455D933,0.2817195118668148
CC_3F00B30478CD,0.16890973309223478
CC_3F0105511ADF,0.2694386485528653
CC_3F0922D8C363,0.08553334730785442
CC_3F0A0F0EBE8E,0.05580501605150647
CC_3F0BDD02DA88,0.2191847979201333
CC_3F0E2DDF03D0,0.783452388527033
CC_3F0E99D90143,0.12149178571892541
CC_3F0EFC657C35,0.1942401642666915
CC_3F122D86D6D0,0.1955072084344572
CC_3F13D7C1238E,0.09110615109587028
CC_3F1429DD9A7A,0.07150858391061757
CC_3F1648D44D30,0.4760184955926081
CC_3F167B4C0A82,0.21977932417989576
CC_3F1989C1D543,0.11729554734047287
CC_3F1CA5CEE668,0.07310653614374524
CC_3F22C802852B,0.3498742629682178
CC_3F235ED79F96,0.2633242226489215
CC_3F2408F723F3,0.6737312272735905
CC_3F252215B39B,0.74002784704395
CC_3F2659DACD6C,0.15538210666781826
CC_3F2BE334EA31,0.2610857946875059
CC_3F2C8271AEE2,0.0915955059166762
CC_3F2F6C4ABCF5,0.09639460576766662
CC_3F2FB28666EB,0.1908547298617472
CC_3F35F5F4C2FA,0.6879943860472586
CC_3F3988E27EC2,0.1022754376165214
CC_3F3ED329D5DB,0.09664934072195328
CC_3F401EB14F80,0.09761196926568891
CC_3F408F04181B,0.24218731390160508
CC_3F41ECC9F1C2,0.04184994055757205
CC_3F44CC2DFD78,0.07648356231374451
CC_3F450331B6CF,0.07122706611966836
CC_3F5192293092,0.040306584792819705
CC_3F55C40132A8,0.05227047886839488
CC_3F5DBD4D4A47,0.6829203445590329
CC_3F621093E2F1,0.16623722190989487
CC_3F68E5D775AA,0.6156133264778952
CC_3F699ED6F7B9,0.12215337057370823
CC_3F6EA74A594E,0.15810067037106704
CC_3F6FA882CC59,0.164120564485909
CC_3F750097A7A0,0.06742456512165507
CC_3F779B84D1F1,0.2196843517512072
CC_3F77F1635867,0.26908918300479334
CC_3F79D1436DFD,0.12244941203642568
CC_3F8AB71C93A9,0.7660525965520829
CC_3F8C7F71E278,0.29958258593409565
CC_3F8D2797E48C,0.18152866612623444
CC_3F8F5AD00087,0.2481377590999824
CC_3F8FC3D942D6,0.14473854203258557
CC_3F93F1B198A1,0.08751873344437287
CC_3F94A908F900,0.11736943290662798
CC_3F962652602B,0.35879501059769625
CC_3F9F6FB54861,0.09941065331949214
CC_3FA28488BAAB,0.05263623238207934
CC_3FAB6C114FCA,0.21255938683842218
CC_3FAB70F3A36F,0.17547958708035166
CC_3FB1234DD833,0.3187175364441647
CC_3FBC317AAC6B,0.21769467086107624
CC_3FBE14FE6576,0.3651506599543859
CC_3FC25B02D868,0.316246947140287
CC_3FC60086C0F4,0.07691680411707329
CC_3FC6DCBECCF1,0.20640491229472482
CC_3FC868F74AC4,0.051087847025926655
CC_3FCA7A15E705,0.09002309462806186
CC_3FCB58D3AD76,0.20570896447261372
CC_3FD1B51CA1B6,0.26887677123633424
CC_3FD283315901,0.09136120853365833
CC_3FD343BD0077,0.28381184198642845
CC_3FD46020B97C,0.0849324107008887
CC_3FD6AFE77B65,0.18808229473462046
CC_3FD93D017BA0,0.1613426519980037
CC_3FD95A689331,0.3006190388076774
CC_3FDAEBE5E784,0.055845815674105646
CC_3FDB19879CDF,0.3036347167440251
CC_3FDB90C44C99,0.17105641973234917
CC_3FDC4474DCF5,0.05699600999107959
CC_3FDEDACF74C7,0.062272255406806164
CC_3FE2E4038FD2,0.26821076422661466
CC_3FE546EC4525,0.04538015653778976
CC_3FE8D2D0E78F,0.06578317928517322
CC_3FEAA7F8C881,0.13866334334278943
CC_3FEC509A601D,0.12865033467155665
CC_3FF0FABCF28D,0.0649273569629071
CC_3FF4E22691BE,0.09273529110879572
CC_3FF553948C36,0.33632459406794923
CC_3FFA49A60C69,0.7812592079910147
CC_3FFAC6AB3AD4,0.09608722721897656
CC_3FFAC9ED48F9,0.7490166032309147
CC_40015F2081F7,0.053713200675950014
CC_400229F22A15,0.7679143561963119
CC_4003B02C578A,0.13436259056438188
CC_4003B9378085,0.15033491986626205
CC_40053F6E98EC,0.7634957044093041
CC_40077BEDA8E4,0.044417223398802615
CC_400BEF434359,0.16955354181353635
CC_401177227A56,0.4361385457189174
CC_4012FCCBCC30,0.18458388544713486
CC_401739F10247,0.08710654631054307
CC_40185096F055,0.0529266858428911
CC_401F0B39B640,0.0823057433630169
CC_4022717DF84B,0.03818463373346154
CC_4027B5DB02A3,0.05053336036450616
CC_4029B2C0E56A,0.19159377281920223
CC_402B3A294DE7,0.04089300601662141
CC_402C49460BAB,0.11169494508370774
CC_402DB4CCECC7,0.3542131792444087
CC_403192450938,0.7766256937407001
CC_4031C0E0B5BB,0.1559714454575144
CC_40339FFF01E6,0.11550123718656255
CC_4033DA65DB79,0.14596076686470885
CC_403960EDEB6C,0.03636610367833059
CC_403C5A79090D,0.035512926650960244
CC_403FBEE7D76B,0.05286267415748484
CC_404071DCC85C,0.36623914948600006
CC_404421E85F2A,0.18752587416139055
CC_4049E18FAE5A,0.20495858941035044
CC_404B499235B9,0.2829272546478283
CC_404E2B3BDC8B,0.28505653033789435
CC_405445038DD9,0.17734544339377728
CC_405817BD633B,0.22444201991205728
CC_405842AD24CD,0.05130716324362642
CC_405AD30D0D9D,0.11273086974903204
CC_405E9C93AF56,0.1976229075903971
CC_405F8F9903C8,0.12052718731131036
CC_405FB682CEB5,0.10004208102141203
CC_406274429092,0.15686549789270293
CC_406E1D48AE7B,0.07386646485897894
CC_40700426109B,0.11844782145502993
CC_4070CEB09033,0.4310151582476429
CC_4073752BF49D,0.171873101841525
CC_4073E6AC0746,0.12801542786710787
CC_4074323420AA,0.5310568887452934
CC_4074FE6E32F0,0.11657892582447424
CC_407F2185317B,0.3614258972327251
CC_4081B4648A8E,0.35152566252241013
CC_4083D696E2E9,0.16913497595867139
CC_4087FBC11DD7,0.10751541411243289
CC_40908139F23E,0.12960911271409412
CC_4090BA93E481,0.07162220832269964
CC_4092C5315210,0.20277394568557527
CC_409630D3CBF8,0.24159787011906841
CC_409CB4179908,0.07971234577229054
CC_409CDD53DAD7,0.06375675867097369
CC_40A07239F028,0.11509737359541028
CC_40A077379511,0.15721291705616808
CC_40A4BCDBAF23,0.16864040720517015
CC_40A795285E9B,0.15357632706336197
CC_40A93E7AC1BD,0.04555804865363035
CC_40A984160A63,0.23359729234627125
CC_40AC31452BE3,0.1889020820121728
CC_40ACBAF19765,0.11267398918073226
CC_40B0A64A55B0,0.11275039400205675
CC_40B52C13B1F1,0.1762537698155688
CC_40B65F5F4F82,0.29226793095515347
CC_40B685374EDB,0.1993551078988154
CC_40BFC5E1AA64,0.13022710444160937
CC_40C14D4F9BCC,0.16102200630999278
CC_40C45F950125,0.1274846373796682
CC_40C57936EC38,0.07083448806894485
CC_40C62D092C58,0.17740394520871672
CC_40D1F44D96F6,0.423138964812642
CC_40D39739DF41,0.13221852885048374
CC_40D7D9CE4151,0.6169280145248838
CC_40E08DDA223F,0.36773921649065355
CC_40E150EB586F,0.13096151609823745
CC_40E1D8F1C712,0.05001104196782604
CC_40E2DAF2A327,0.3529056338321428
CC_40E577F029AF,0.08793144156430019
CC_40E75C02AA11,0.06409542924669341
CC_40E9173DE04A,0.09491831106328018
CC_40E9985F7DAA,0.08740637812726114
CC_40F194D93E19,0.13458124441321467
CC_40F3CF82792B,0.16660398242211125
CC_40F43FB24806,0.22885779831207226
CC_40F6E7575287,0.23216575437954567
CC_40FBAA6A07D2,0.10038495361534745
CC_40FC6940345C,0.09186971435637968
CC_41029997614F,0.06612537815571748
CC_41037BFBED54,0.10781379477904211
CC_410BFA181D19,0.2713332497632829
CC_410FAE4AE488,0.07243397901065035
CC_41124066FC71,0.2568483538118154
CC_4113A2BEBA44,0.6535519408208481
CC_4115783708CF,0.7722742872738196
CC_4117A188C359,0.11897985038260295
CC_4119A9BA6373,0.7006326428535762
CC_411E266DB07E,0.1721398254500415
CC_4126806BA789,0.6487860185190769
CC_4127E4624989,0.6305682795371562
CC_41284414C225,0.1985479584375722
CC_4129C6306A6D,0.16399186290424578
CC_41321DCDCCB2,0.5231081795411318
CC_4133AB0BEEED,0.07722140170671735
CC_4134E1AB2AC5,0.6635235974258504
CC_413708D7FE91,0.07427611099440531
CC_413A1B273EB7,0.19476465475920363
CC_413D09A6C2F2,0.06339164060073854
CC_413D8D82F470,0.0529971060698584
CC_413EC0C28442,0.5365928720729022
CC_414302BEE57F,0.20539753148502476
CC_41438B5CE3B3,0.09152574248941034
CC_4146ED5F8A23,0.12375071387130439
CC_414896AD4734,0.2652730753568351
CC_414911941DD4,0.16568292059656342
CC_414D2097D93D,0.5020251161816318
CC_414E2B2BFC88,0.17379371860133497
CC_414F030D3BE8,0.07749753491085483
CC_41569A7A2B7F,0.09273754310431206
CC_4156D68D39A7,0.0710753129252265
CC_415935002A0D,0.35844097362789634
CC_415AF4AE7BEF,0.10140516541163795
CC_415D703F3871,0.25039326386748
CC_4165D5A66698,0.18027870865636603
CC_416747FA0552,0.3737198987732016
CC_41698C5605BA,0.04680079074978092
CC_416C9273E5BD,0.17850529874435525
CC_416CB705CF9D,0.09469768372175949
CC_416EDC157A29,0.7567270486238507
CC_416FB64C901C,0.14864896130921573
CC_41737E7E2518,0.10157255216752858
CC_41796D6483A6,0.07922537288449537
CC_417CA4DA42ED,0.08751129144460104
CC_417E5EB96C92,0.7589994086265196
CC_418128C77562,0.7155306443509906
CC_41868F81B8F8,0.11991896379876343
CC_418EC2AA03E1,0.13310088709288226
CC_41919E23C3C2,0.2172974614179814
CC_41927D16734F,0.0584559861440449
CC_419441371154,0.14329171051168885
CC_4195037D0008,0.5254943986836577
CC_4199B489CA9B,0.05099853175830253
CC_419AE1FCE1B2,0.041592900743410495
CC_419D767E5D68,0.6094681805798089
CC_419ED6D73D10,0.15947596082385912
CC_41A06A20F7A5,0.09395842959579376
CC_41A37E7DA567,0.06669170680864814
CC_41A3C3BC05E5,0.08968474166672388
CC_41A465212303,0.1388869552731447
CC_41A57CBE2790,0.16781659563627188
CC_41A85461647F,0.1945820063195435
CC_41AC7D608BA1,0.24349625990674553
CC_41AEFB73599F,0.1227125493681404
CC_41B1C7743C55,0.29544157950995736
CC_41B2EB8E2659,0.3127559505585586
CC_41B340FF98D6,0.4594236286133489
CC_41B61081F593,0.04583733184679537
CC_41BF0265C091,0.08632475913490824
CC_41C0EFD1789E,0.2639426545014478
CC_41C4FDFFD933,0.6118444330153741
CC_41C54F7F9250,0.17352250205064684
CC_41CB8C4BF3A4,0.06937848457157211
CC_41CC41C6A2B2,0.2328599595127689
CC_41CFB483DF9D,0.09792847391097197
CC_41D2C0067563,0.14036358183891287
CC_41D37C661042,0.06728661568167739
CC_41D3AA2FE538,0.09104232862882142
CC_41D6466213EB,0.1500970531443923
CC_41D6FDB0F7FE,0.13651073729601482
CC_41D794AA3A35,0.07826086129223332
CC_41D8D3CCD5F1,0.4012323357081121
CC_41DA2F798E72,0.11064041598815873
CC_41DB0F437DAA,0.06386329212337158
CC_41DB77A9CEFD,0.17255582217455354
CC_41DBFD8C8341,0.046929335991020296
CC_41DDB3612367,0.07650675943840711
CC_41E0ABF1D19C,0.19914694769451738
CC_41E0E26BD8AB,0.3241613160240586
CC_41EE7557C963,0.08369484033286276
CC_41F0587DAEA5,0.12566272050640007
CC_41F1843BBFCE,0.15701307312292384
CC_41FA3C9B98C5,0.6577547510208098
CC_41FA97A64F7D,0.1083540876226774
CC_41FB8258BE6A,0.3322002055722993
CC_41FE0D9DF961,0.2280186979149653
CC_41FFB8C07A2B,0.35134515411171074
CC_41FFE972E3BC,0.14736024695150812
CC_4200DD12E32C,0.16139949832535494
CC_4207A5BBB7AD,0.08014979506748837
CC_4208A63558BD,0.11906003790751618
CC_420914CCEDC6,0.19845145181938492
CC_420A182EDB4B,0.09923028094013639
CC_420AB659CCB5,0.18991507944010622
CC_420B2553A531,0.5250816363878927
CC_420C95626165,0.09232395667602378
CC_4211999A0BB1,0.07397862709988592
CC_4211E70ABD07,0.18841332050747622
CC_42123CF7B916,0.1874142551112925
CC_421A5FE4ED02,0.20558321484571357
CC_421C6A0D76DF,0.16061400456159422
CC_421EE95E8E36,0.38017079039165724
CC_4220768354B8,0.04520561107483836
CC_4222C36D9742,0.20852177340901967
CC_422396E4107E,0.12491199334480967
CC_4223D9C3318D,0.1272850828713101
CC_4225094B713D,0.1845161430738612
CC_422546AC2B7B,0.0720194516697526
CC_4227147D1773,0.08105060779425373
CC_422852B18B83,0.08639460040688653
CC_422A6CA5BC01,0.7749175025952877
CC_422D0668EE0D,0.218684547982891
CC_422FA64DE48D,0.6482107537391795
CC_423211849F73,0.09855746433010808
CC_423384940EBE,0.7317714618064646
CC_42365DAA4781,0.04468299241070998
CC_42377923897B,0.7617927827813314
CC_4237EC62AF7B,0.6566731185030948
CC_4241EBB6BBD2,0.07538198981711333
CC_4242B327BF96,0.5698661920309565
CC_4242DC81AA5B,0.2649362863517965
CC_424B146EA560,0.36688937988297016
CC_424CD3500BB5,0.10492344560308695
CC_4250627A58BE,0.2065736568212138
CC_4251D73CE4FF,0.30966722892592236
CC_4251E058B136,0.5146340176985471
CC_425261A65BD4,0.1829858937001609
CC_4253A4007C54,0.31513330047280885
CC_42542BBE02F6,0.2110982532897804
CC_42557B3BC851,0.12628428853710777
CC_425A30333FDC,0.26441324858505844
CC_425A9848790B,0.26296177967297407
CC_425EAA7394BD,0.15752605967701755
CC_425F037A860D,0.13649126989090418
CC_42658453D6F9,0.08226341414682373
CC_426B6C5D5400,0.03876606187960295
CC_426CB4C16C1D,0.17911075380792618
CC_426E721B947C,0.4136077866503295
CC_42746FA0B436,0.0480640477068372
CC_4274E29A7693,0.1543716307626857
CC_427718F12DE0,0.1555197002966366
CC_427C32633329,0.30218939443488285
CC_427C635A1630,0.4193797618100623
CC_428186D7EEF6,0.13981499836605074
CC_4285ECE790FB,0.09246783913728132
CC_42930B4AC70A,0.7146438252373929
CC_42936DB52A2C,0.2291086928630262
CC_4294615CB2AE,0.1001927001573166
CC_429610FC7676,0.043725532708377146
CC_4296E9F938BA,0.629962528112275
CC_4297B63957C4,0.15738805620516821
CC_4298BD38B748,0.17752423806425846
CC_4299118E1554,0.11553745795532946
CC_429967589DE5,0.1678166454080093
CC_429D7F13D2DE,0.18883602873864447
CC_42A3E4D79AAC,0.20366496883488305
CC_42A46CA1B89F,0.18200178682248608
CC_42A766D4CBF4,0.48698793172171684
CC_42A8DDC1412B,0.10786646455626803
CC_42AAC0B5EF9F,0.17087145435052759
CC_42ABA8713C64,0.6834232145759287
CC_42AD69133E5E,0.07427846893300578
CC_42B56C4B2A3B,0.06460699366640792
CC_42BBF05C0C6F,0.11556502149972107
CC_42BE7FE5BA43,0.24178257708344136
CC_42C0A73944DC,0.05112439635984271
CC_42C580E5A3D6,0.4770910102919803
CC_42C7617C94BA,0.6773071506888622
CC_42C88CDF019C,0.22416111802225447
CC_42CB516FA52C,0.22857357582339013
CC_42CBA5FB2D31,0.04385603153054545
CC_42CE1628F9AF,0.11188853772511129
CC_42D0D89EBD20,0.07038869104955885
CC_42DAC7E0F8C1,0.12871056144618995
CC_42DADBB83589,0.18719068873170203
CC_42DB8056722A,0.21204901850726418
CC_42DBE71A9E27,0.08274113602559374
CC_42E0FF38FD75,0.5382205485385954
CC_42E1FC3BC7DD,0.27629229700013286
CC_42E7276F6427,0.04623460073082252
CC_42E72956B6E1,0.15619109573151962
CC_42E7421EF8C5,0.12917024726788434
CC_42F64F0CC224,0.08513046876932423
CC_42F8E79B025D,0.12281742202191011
CC_42F9B3D1A244,0.06439430636370419
CC_42FF488FAF29,0.04479874105081993
CC_42FF8A489F18,0.17853084917329115
CC_430126E7F09C,0.16873159196917512
CC_430572814667,0.12827847324811376
CC_4305D108204E,0.06844538860370251
CC_430699446954,0.07801396887978376
CC_4306D0CB4769,0.21489920477067156
CC_430B2C05AD09,0.04011514570018271
CC_430F8196C9E0,0.06096330581324675
CC_431043B15B67,0.4739796811327596
CC_431071FBEFE7,0.21133217231148743
CC_431784865E89,0.26742731624759564
CC_431920BBB8C2,0.2037862247139382
CC_431BFF248C14,0.24649402866001563
CC_4323EF537C39,0.11480458422983586
CC_432426452B61,0.1022921833656764
CC_4324AF0F53BC,0.17163083203980467
CC_43285A005349,0.06279547251854788
CC_432AEDB49044,0.06782956213689721
CC_432E94102B9E,0.5668377752791571
CC_4337C856CD50,0.6064272060408061
CC_43380333E564,0.0877485035030621
CC_4338106E1CA0,0.09303294385110959
CC_433878E446B4,0.14573360278336983
CC_433B8AA2DE86,0.17755926253064153
CC_433CE18515CE,0.192113081470852
CC_43409889229C,0.2227949448988613
CC_434145FD6ABB,0.30785384997846027
CC_43424C9F7EAF,0.3140733339930764
CC_43458BCF6B0E,0.052201040653323184
CC_434B173E601D,0.7818113150260259
CC_434BC18464CD,0.05146789523241905
CC_434E0B7B4EB1,0.3424387656310747
CC_43545C27256A,0.7973574589609539
CC_43558B2937A8,0.17418784803975285
CC_4357077327D0,0.058440887062768065
CC_43582DFAB81B,0.2968904401828222
CC_435A2989D1D5,0.29246546584986416
CC_435B9BBD1AD7,0.2533604589491836
CC_435C9BE05E1B,0.1238894097172362
CC_435D1AC5A912,0.16608527144112967
CC_43636ED1C143,0.650293440854801
CC_4366614DB803,0.08317297308828481
CC_43675D2A7A1D,0.2204566727388547
CC_43688AD78EFD,0.34065913857330754
CC_43689A7B08C6,0.2930658633147612
CC_43699B5B88C5,0.19427736262294096
CC_436B59428846,0.12491973483815295
CC_436C69DB0207,0.14563989582675055
CC_436DEE989E83,0.0681445487808067
CC_436E34099BAC,0.14927209561755814
CC_436E988E229E,0.1719644943681199
CC_436EE336B5DA,0.13838147919977586
CC_436F60CDF958,0.11901481048032445
CC_4370F7BCBC45,0.08502204262339229
CC_43736FCA06B7,0.056582878908751744
CC_43744B763A28,0.2920554567661094
CC_4375E68D1E98,0.10737748699215102
CC_43777902E478,0.0628968356951647
CC_437B19ED157C,0.1537264734066096
CC_437BB2879F51,0.1731104695137487
CC_437C44C456A4,0.27762053691058924
CC_4380FFA10D97,0.3304230119137233
CC_4382FB7AA68F,0.0899496860835535
CC_4387A867941F,0.11956312133987808
CC_43895D559E3D,0.08206889664688802
CC_4389643298BD,0.13641938615087787
CC_438E33396772,0.23749487809391417
CC_438EFEA811FF,0.1269383342953853
CC_43902D280795,0.08089535252017303
CC_43939B196311,0.0275269687084236
CC_43971820B5D6,0.11581692556943275
CC_43985E989BDE,0.11697481228998133
CC_439BAD131C92,0.18529014393953008
CC_43A3BF230240,0.10986160521155552
CC_43A42A1568DD,0.5021224800992851
CC_43A431D009FA,0.25547658727822514
CC_43A47466238F,0.5467700611379267
CC_43A6F1DD28C4,0.06483561218570746
CC_43B0E1F99155,0.08811581227687866
CC_43B1F7CFA952,0.06850025708274118
CC_43B2E3FF0A25,0.03814533525758673
CC_43B310818603,0.2689837445241345
CC_43BE8F986A8E,0.7097755220694366
CC_43C30ABB6D9E,0.3765385190358639
CC_43C58011A334,0.15052515679857562
CC_43C5F47EADBF,0.09351114278540384
CC_43C6AB731BE7,0.6996426825603669
CC_43CC264F102F,0.6468426257952623
CC_43CCB6631EA7,0.10950774798665497
CC_43CF880CDD8E,0.19366281873763483
CC_43DBC149E108,0.15605030913933737
CC_43DE4AC9FCA2,0.22156533004107942
CC_43E1AE11945A,0.10881802202766917
CC_43E33E6FA39A,0.12218635736000878
CC_43E438F412EB,0.06778854986118128
CC_43EA99797CD9,0.05247764458456261
CC_43EB4CB08477,0.05621832644284904
CC_43EDD8D1966E,0.1489254849649207
CC_43F3CBB92ECE,0.16782387910719812
CC_43F3D2B64101,0.6212980957078853
CC_43F85EBD859E,0.039886311161279275
CC_43FACC50996C,0.05357061696513028
CC_43FB9BA5130D,0.2936780748130695
CC_43FC4B364A30,0.34061118036155813
CC_44040C0C2049,0.16547237791663216
CC_44071E65A598,0.12950236929172543
CC_440AE3F56868,0.06510000360488528
CC_440C37F70FA9,0.48806265401921206
CC_440F03F3FA26,0.17772569985357417
CC_4411D495D9B0,0.0985122354683273
CC_4413D01672F4,0.15476575541162604
CC_441413B56FD0,0.09303966310278458
CC_4418F18B3431,0.09813066312729597
CC_441C312D57BB,0.5649369498988737
CC_442089BFA0C1,0.5838191489813729
CC_4422678FD916,0.1661924577775658
CC_44261A6F3323,0.09939639625195695
CC_442745423DBD,0.09247049231362944
CC_442C021C5F37,0.15432688078539347
CC_44375D6FE843,0.07731173645080411
CC_443CF4A547AD,0.20086752793675963
CC_443D3F807FEA,0.3476898267372402
CC_4448EED695F4,0.7752455191855756
CC_444A2205C808,0.07636175783362212
CC_444A5B9D0F8C,0.0669681995760316
CC_444B7199CDEC,0.04997723071091757
CC_444ED9048449,0.05441755253042019
CC_4450006A6D69,0.048899475569379944
CC_445636F1E503,0.18502261895038638
CC_4456C47CD886,0.16111365385451054
CC_4457FCEC1A97,0.20878877766567033
CC_445E6A078C78,0.11936972215361052
CC_4467FDE622DF,0.059869141539375226
CC_4469A94EED2A,0.3098333202705578
CC_446AF9015667,0.1740414382895263
CC_446B76C72462,0.5779572627896735
CC_446B87E8B7E3,0.04247563184655628
CC_446BF3389710,0.13132051533732372
CC_446FCC3AB71A,0.25894483472267316
CC_4471DB329F18,0.04434759120409951
CC_447270CE2E14,0.05758580028676541
CC_447336575346,0.11526715153568809
CC_447534C99933,0.06464585679676892
CC_44803D0915AC,0.06228880078602994
CC_4487D5F49539,0.3790267235282382
CC_448866011A1C,0.13548386540938073
CC_4489C803703E,0.20082396984053252
CC_44923BD3DA82,0.7428775830510785
CC_449657256DE9,0.1340049629368581
CC_44976760675D,0.09369976276002512
CC_449A34FA53D1,0.323886522844658
CC_449C5EA3CD5A,0.09291798818335491
CC_449C81E589F2,0.05841458449091523
CC_44A2831C338A,0.11306050761890811
CC_44A29856A3FC,0.11767720565532977
CC_44A559A63CFA,0.1266995118023529
CC_44A882B1CEA4,0.05863724912467716
CC_44A97E5B4EAC,0.0631703264302069
CC_44A9BD377278,0.12939669904769951
CC_44B0DDAA0BE9,0.16740707315762798
CC_44B30E3624DF,0.23371033863432594
CC_44B3485BC55A,0.16551424746241714
CC_44B7416D13D9,0.2154114115887237
CC_44B885EE03E1,0.06671131898870467
CC_44BC9653B7E5,0.7327086452011906
CC_44BD97B8F986,0.12407050066702434
CC_44BF9F95FC62,0.2820592002600505
CC_44C0A9B1C62F,0.2209070514237657
CC_44C0E6D2D8F3,0.07342204525664205
CC_44C448B9EF01,0.11662291402114407
CC_44C5BC4F1CE9,0.057563158210854816
CC_44C87C6D2CAE,0.17483327732486012
CC_44CD3A5EC9D1,0.13658400620555733
CC_44CEB872DF33,0.08602495967497145
CC_44D07744A4DB,0.7208126325875621
CC_44D2CE366C9C,0.0989643511814346
CC_44D774899403,0.05140965759263997
CC_44D8CF1075C9,0.3829710317291218
CC_44DA866EE074,0.06913913133404154
CC_44DE926B0CEE,0.07953883815662943
CC_44E9B5719709,0.12470427158186874
CC_44ED5F997005,0.09237247359756694
CC_44EE2913C6B4,0.2906440523112599
CC_44EE7EF5F63F,0.34236224640009716
CC_44EF388D5D1E,0.1616993531085837
CC_44F4C7238C0C,0.3132234960288311
CC_44F7DB9DDD28,0.0555134448487794
CC_450397CC9154,0.0810093040295747
CC_450506685FC2,0.21165539183399282
CC_4507B75B061A,0.03579557255733233
CC_450B638DC72A,0.6464193971003465
CC_450EA54951B1,0.15148969848784233
CC_451557B7B8C9,0.06340000340624917
CC_45167B5BC77D,0.052177513118348964
CC_4518126195D7,0.3792556546411376
CC_451A340657BC,0.18716325753122823
CC_451D681A1322,0.11189932969048566
CC_451F9184776D,0.37641948491950183
CC_451FA8DDF661,0.061140882115971074
CC_451FFCE6B6B5,0.05215086489802525
CC_4520E5A355FA,0.05365801126316294
CC_452302E725F0,0.11975074879931558
CC_4524B74B457D,0.2556890824897745
CC_452E0356FA3B,0.11796169711183728
CC_45307FD2F4DF,0.28176735681969756
CC_45325AB325F7,0.13723361883447302
CC_45328F4A30AA,0.04187017527310518
CC_4532BAA9196E,0.6736990874307922
CC_4533D862DAAB,0.06814413396904427
CC_4534B94FE01C,0.19876504666460218
CC_4534BCE5A5A0,0.6540720951309658
CC_45397ED0AEF4,0.22756324735222888
CC_453C71565029,0.09494081080617231
CC_453D3BD08384,0.07331238068709157
CC_454095CACACF,0.1896491117591163
CC_45411E0B79F6,0.30426427650340576
CC_4545F52CB694,0.040089842007789006
CC_45495F54590D,0.0549613311435288
CC_454A5D4F117A,0.3896287462589618
CC_454B05069E1D,0.06533314876229754
CC_454DF7556487,0.15873542771046653
CC_45546C236751,0.2608735512863688
CC_4556F09AB706,0.5436032864630804
CC_455859BB9678,0.16609646547512857
CC_455A14250141,0.10533857562155542
CC_45605443FB13,0.6469522469647763
CC_4561C6DCB6AE,0.7107858863599879
CC_4565137E5296,0.1810390576512911
CC_4566F46C66D1,0.043392772181026426
CC_456888E99F95,0.11530828559921809
CC_456ABECAFCF9,0.0886086274478868
CC_456AC6310801,0.03770852696790612
CC_456EC94186EB,0.09773029598331384
CC_456EFF689C22,0.0949341579729553
CC_45727BF71CA6,0.7082740948664206
CC_457515CFDA95,0.11453225286551708
CC_4579275FA64B,0.050506524086380934
CC_457ECF54518D,0.11616145927729385
CC_457F077077DA,0.18063691972012288
CC_4586428C59CD,0.14810191535995354
CC_45866409D70B,0.27517020959278227
CC_458DDF58D7BC,0.11385665701062944
CC_459367EDB260,0.39614096395594
CC_45955DE6ED87,0.10954239177048905
CC_45984DCD47EB,0.18830606576904646
CC_4598A9C479AB,0.08858669123528264
CC_459912751A66,0.2010197017285517
CC_4599EDC6A8C9,0.40790079289707626
CC_459B411A1BE9,0.7790106712849325
CC_45A0D02BC257,0.729892494662818
CC_45A0E0FF48E6,0.17899257298631904
CC_45A203BCD017,0.1221962455268523
CC_45A99544F768,0.05980913846766974
CC_45AB74C49190,0.17177417926653132
CC_45ABBADE9975,0.286487905594438
CC_45AC6F28C7DF,0.04895044939934351
CC_45AC947F1DFB,0.05033720509794428
CC_45AD4466894E,0.3330120588233823
CC_45AE94D8FD07,0.5740642262182281
CC_45B35E5FD8D9,0.06729926013227197
CC_45BA31E0BD9E,0.6372024068413051
CC_45C886C0B039,0.05612171963075337
CC_45CAC6B1AC70,0.09204619044033491
CC_45CC04222CF8,0.3207465908234375
CC_45CEB9F25E03,0.053319248753123216
CC_45D6B6D47776,0.7342435812615575
CC_45D87984C8A2,0.5865996284108097
CC_45D8AADD879B,0.5118711293435039
CC_45DCAF79BACF,0.09126736686105873
CC_45DE739E4DA2,0.08243463876206968
CC_45E4BD6E1094,0.3067649675031263
CC_45E712973069,0.12601673391071602
CC_45E91CA43887,0.08634087582277894
CC_45EB85E07B89,0.11156369325596542
CC_45F4916D5858,0.059036189163611884
CC_45FA0F483C56,0.13809872371316217
CC_45FD076CF204,0.09877622784501768
CC_45FD53835E85,0.6645313508787775
CC_45FE8C40C802,0.1502409820847986
CC_460048F97582,0.4287652910825416
CC_4601561CE56A,0.18914328440098943
CC_460397821533,0.08693650711718068
CC_4606024C6CCC,0.1158567975089058
CC_4609D9C70486,0.5765210536804897
CC_460CD8FC70C6,0.19898109578012724
CC_460D42D6A0B3,0.1264367048630784
CC_46104605333A,0.10551835655505712
CC_4610AFBBC841,0.113576940915742
CC_46121D15BBDF,0.29307969200626816
CC_4613D4C45566,0.21997520995274203
CC_4614CED895F3,0.11479333121890956
CC_4614D2C66070,0.07213547985817965
CC_4616636C9CEC,0.20633584319737475
CC_46195DEAB79E,0.14270000234034239
CC_461A54F25C51,0.6496439709135747
CC_4624DA1E3E3F,0.04483457923677773
CC_462B19C6E598,0.0431249857351292
CC_46322A3D4B5B,0.19481437837623344
CC_46349B7E2E14,0.12969230360601142
CC_4638DF96481D,0.43471336328314053
CC_463990FBF2EA,0.23067217907715457
CC_463B779A313C,0.2585163948993091
CC_463D5ADB78B1,0.23854072980174207
CC_464082944A66,0.18180103415436671
CC_4642FA758A95,0.0462815535796748
CC_4643A97ABD42,0.1955751165235439
CC_4645504B8F71,0.11224359276343102
CC_464A3460F393,0.050683472555093076
CC_464A48ABCF15,0.2596283555040261
CC_464B82313AF1,0.4582314688946586
CC_464C477F02C2,0.20795479546409532
CC_464DF7DF54CD,0.14155383104927802
CC_46509B4A4E95,0.08068698704278919
CC_46534DAEBDB2,0.06047925080828455
CC_465959DF8190,0.14058103347196776
CC_465A7EBE17B8,0.12263908044289587
CC_465BB6D3B15D,0.6527457712444255
CC_465EE0A8EB33,0.6947471666157571
CC_46625AA5044E,0.10092459592366139
CC_466357181FC6,0.11636213959281591
CC_46690B70B232,0.3033632032752626
CC_466932E039C0,0.22423185753923822
CC_466C5B52D2E9,0.2361511554410042
CC_466C8AB02EFF,0.13726183549016563
CC_467467CE2DBA,0.04676886288553605
CC_4676561DF442,0.1445025430112174
CC_4681FC6611BD,0.6546713063274558
CC_4687803E0613,0.12957366060527412
CC_46886DC4A5B0,0.05704541299824156
CC_468908A79D29,0.43149448542857594
CC_46899F027259,0.050817270619038624
CC_468B9311EF92,0.1114127660844825
CC_468FFEC3561D,0.3238252355231708
CC_4691DB7F2D85,0.11381984081595908
CC_469460D11FF7,0.057371262444254834
CC_4694B67B6BD5,0.06625326500740017
CC_46957AE413C7,0.08588900124124355
CC_4695EE740B22,0.05610893355882755
CC_46A73BEAE24E,0.704078686101382
CC_46AB0ED2AFA4,0.07886690299451807
CC_46ABC62EB886,0.05022245005848132
CC_46ADEAEA3587,0.44497531556473124
CC_46AE119A9FA3,0.1463737110240319
CC_46B06994BA99,0.0826112618626158
CC_46B0C49DE87C,0.11766491716727404
CC_46B347211F67,0.06967944165527748
CC_46B3E6F2FA32,0.050763952559973714
CC_46B7CED4868D,0.1626048143851643
CC_46BAB604F8AE,0.19792788552068363
CC_46BC4D93EFEB,0.19896500977897177
CC_46BC807B7833,0.07287781131934197
CC_46BD7EFA9CC3,0.047428739289812845
CC_46BEB1C23BCB,0.1365208677211863
CC_46C1C56C3CC9,0.4687481478597877
CC_46C73ED43BA2,0.18534533005315695
CC_46D1225E0DFF,0.1715179249930064
CC_46D1C996EAD4,0.08389076043323095
CC_46D72E86BA2C,0.06335607911482818
CC_46DCBCB7A5C8,0.2617090356620994
CC_46DCDE8E7BA1,0.7670601590196012
CC_46E42892DBEB,0.1500021750393184
CC_46E91F9ACAC9,0.07055008866583734
CC_46E9AB73D073,0.04758152958649433
CC_46EA74776C44,0.2931103765713562
CC_46F0982AE749,0.07109673662422533
CC_46F2D1E5F829,0.2923400333807829
CC_46F77756B0FE,0.2288558861670667
CC_47001D4BA82F,0.17671948663883966
CC_47004AFBFFB9,0.06368949015410955
CC_47013B67CF3B,0.08218352063301017
CC_4701677F164E,0.05496181010451996
CC_470368FE8ACD,0.061167599097084066
CC_470A86347F2E,0.6559900916511033
CC_470F846CC1A0,0.25099825356525385
CC_470FB77410C5,0.7405378133059177
CC_4710CA53210D,0.5998264690696999
CC_4710F5A5F882,0.1735887162773731
CC_4713087780CF,0.07677818421851386
CC_4714786065FA,0.06027968483084001
CC_471519FC2DFD,0.16775391554552946
CC_4715210BDB62,0.5839616562809933
CC_4715379BF72B,0.03603801294435306
CC_4718AC9F7130,0.10370793317135352
CC_471A4F4C1A90,0.11265549556845118
CC_471B198AA785,0.14149345189663182
CC_471FE7A6EE34,0.060554066807584093
CC_472151DBE6BF,0.20117234075522697
CC_4722092DD03B,0.10940721876086243
CC_47260FED9801,0.0978919694012917
CC_4726ECC59776,0.07446120113199403
CC_4727E9DD8659,0.35600797735474904
CC_472CE66282E0,0.07808566125001969
CC_472DCDAEC516,0.2540358074417633
CC_472F98C4EA92,0.065085463178908
CC_4734BFB4B19C,0.15499077986583903
CC_47355B14FD1A,0.3295993936877285
CC_473A59A00048,0.15412549401044812
CC_473B38873A1F,0.1322989319473972
CC_4740F0807C36,0.05213123103665783
CC_474296808950,0.08773781097824139
CC_47441AD8CCB8,0.050772538743947604
CC_47443605C0D3,0.04117216954822391
CC_474849E9A838,0.09978082701779124
CC_47491839DA73,0.18780247408402748
CC_474BAE81C090,0.04504613773236328
CC_47503F8AAD1C,0.04199746578053433
CC_475322B78A21,0.4667927811170333
CC_47580CBBB71A,0.08606621132007024
CC_47593F1D6A2B,0.2949305720925325
CC_475D5FCC0EED,0.14617755114770378
CC_4763424844B6,0.1728156772795221
CC_476419D7304F,0.18752696930838111
CC_476422D1F086,0.1448387846430234
CC_4765AFC8FAF8,0.1376080385392813
CC_476B4C8E94B3,0.7021158240364652
CC_476D7DE58C17,0.8085105649388913
CC_477149D712E4,0.09912607943499954
CC_47738DE77885,0.08724381930323771
CC_4773FF037745,0.7665804981932083
CC_4774704C8838,0.04864599173877208
CC_4775F2ED11A6,0.24770641779279812
CC_477C09AA7AF3,0.05617053889765378
CC_477E393ACE01,0.10097482420395812
CC_4782128A0B66,0.08983846360655053
CC_47830F3EFCDD,0.22469409395697185
CC_478374A5DCB6,0.5762896464392577
CC_4783C4B8E7EA,0.1374093403916494
CC_4784B5D55438,0.6982745630362305
CC_478687139B5D,0.03773003497441847
CC_47874F2B1CB6,0.08578172369236886
CC_4798D5F05845,0.14354150955130054
CC_479BA8F00ACF,0.10285529282237867
CC_479C79D992A3,0.08702708671735222
CC_479CC6C767B6,0.08530324619592763
CC_479FE699FC78,0.12507934051622122
CC_47A4E9477E0E,0.05592743489704218
CC_47A5F2A917FF,0.07180997291158707
CC_47A993EA9DD8,0.25078202012820766
CC_47ADD0B61A41,0.13992867895443512
CC_47AF154BBB93,0.07393414147177196
CC_47B3C0D6CF8D,0.09517830908648087
CC_47B3C332B17F,0.07771581306770767
CC_47B59D77EBA6,0.1471809252602174
CC_47B5C25CC595,0.1332700133950544
CC_47B5CBDD933E,0.436639141652963
CC_47C16EA9CABB,0.062133735148237
CC_47C2AC33A70A,0.28389248979740433
CC_47C5BA360BE4,0.10824344772773531
CC_47C6FA8A22AC,0.5315287864929605
CC_47C822552196,0.2492063460795199
CC_47C948AE020C,0.13755335233066357
CC_47C9E3938A19,0.061738909814909405
CC_47CFD0BE6EEC,0.6051694957233421
CC_47D0D927CCC7,0.20262951267940116
CC_47D11008CD1D,0.05916825310573257
CC_47D236FA5591,0.037885008769206426
CC_47D2786FC984,0.7138073431098231
CC_47D396043FCB,0.04267727940858816
CC_47D5158F4754,0.2610757002924965
CC_47D87663B9D1,0.7449395456805814
CC_47DA5A892A38,0.07487904471763071
CC_47DAE6B6CAF5,0.04843148441876144
CC_47DF4358A232,0.11620939324597446
CC_47DF8F1BF262,0.05771700229803576
CC_47E7C95F8BB0,0.06916476773434228
CC_47E80FD8804C,0.7311370875124852
CC_47EBA041F2DB,0.20907610709096933
CC_47ECC0A541F4,0.3200971378900278
CC_47EE0C873D6A,0.04427156999724781
CC_47EE665A2848,0.09139045844531504
CC_47EF2FA5B5F5,0.11599466345574908
CC_47EFCA22FABD,0.0725486455050955
CC_47F254E08768,0.050364413748322276
CC_47F273F26B3C,0.23287396977841782
CC_47F3CAF06084,0.22710531394230066
CC_47F3D6429025,0.09353775797909854
CC_47F50D878391,0.09541351016191096
CC_47F5A98FDBD8,0.09786790319143254
CC_47F85FE42410,0.07454871898994371
CC_47FA2BED03EB,0.38286602616623716
CC_4802257CE7AE,0.06546988118845079
CC_4805463A72BD,0.10113683088863241
CC_480AAB1AF717,0.08566977337029658
CC_480DEAC19880,0.3071663150320546
CC_480EB9CA1E1B,0.09405939271850514
CC_480F43D3CE20,0.6351996271583883
CC_4810ED61C01B,0.18493067325869172
CC_48156ACD2C54,0.47949073155099453
CC_4815756AF08F,0.15547270304064806
CC_48174701006F,0.6140020089169546
CC_481764442E6A,0.33427524205086295
CC_481C7F5734B6,0.049892817546485294
CC_481CD48F67A1,0.07885215644477064
CC_48225A375699,0.04824268075484044
CC_482B1DB21BB9,0.31288322223030984
CC_482BE33CF01C,0.18410609075079445
CC_482E6D557914,0.11978594538480627
CC_4833A4BD4441,0.4617076615617998
CC_48347087DD52,0.19846051504206488
CC_483575A64B3E,0.7238407922430456
CC_4836D49684EA,0.31603913458084965
CC_4838890A371A,0.5072071944794067
CC_48391F2A1BC7,0.08643854734102313
CC_483B70F397F7,0.6886382707496108
CC_483CC1947804,0.13299430718269772
CC_483E8F2D84AE,0.21712760766167993
CC_48461C112BF8,0.04960377584864546
CC_484635772962,0.3201020154221871
CC_48475C52156C,0.09707741900298933
CC_48478DDAC576,0.03917020425068348
CC_4847BCADDC3B,0.2149226753724872
CC_48484C22A51D,0.2737603840794824
CC_484DCB5BD6F6,0.09092754332854225
CC_484FF76D73F3,0.7825842008361017
CC_4850BE6657B9,0.07501578534120307
CC_4850D3A76C73,0.10156558584181449
CC_48576537AED8,0.14640112388293855
CC_485A8027573D,0.05972878067913484
CC_485C00FFA64C,0.10651518416133557
CC_485E1D5546AB,0.12321378594060894
CC_48615F1C7CFA,0.12636335912853566
CC_486462438A48,0.4010368006211116
CC_486507204214,0.23776385638447803
CC_4865274BB24B,0.14317912024622326
CC_4868D434B15F,0.12387524086408448
CC_4868E473C8F2,0.05607099930128843
CC_486C3C11AC8F,0.05109324294733927
CC_486C7AE97A43,0.16910910307795207
CC_486EE9D16088,0.5336119880271126
CC_487413DC0E78,0.1046593736450585
CC_4875A994566C,0.3460752178788704
CC_487A84A18689,0.05214506245128932
CC_487A90322CC7,0.5447665814195045
CC_487B4DCB738C,0.14024069309355722
CC_487BF6377958,0.5465497884743835
CC_487E09766AAF,0.4815497170483639
CC_487E6E51639C,0.40356963458465006
CC_488129D14577,0.07172635007323089
CC_488153F12B5E,0.03904229893724799
CC_4881EED70D7F,0.4401044409575096
CC_488301D5E399,0.042806297882514784
CC_48832C80B48D,0.08314733676570871
CC_48845A53F311,0.19912801055850135
CC_48872BA8341E,0.20704712786476925
CC_4888D4E2BA7D,0.6247945259726758
CC_488B08F39346,0.05254764913730993
CC_48901C0FEEB1,0.4475192313301557
CC_48902C116541,0.7060864235578727
CC_4894E632B583,0.1650676661226071
CC_4895FB6E3B79,0.03935231571542745
CC_4896A4A7908C,0.10677611635742172
CC_4898D0FFE44D,0.6242110979044868
CC_489AD8F8C071,0.28137790583267713
CC_489EFB3FBC71,0.5977388222134721
CC_48A32D5AA56A,0.23743017246657966
CC_48A369C692CC,0.12455857549227412
CC_48A7D3CC02C3,0.5473180603910818
CC_48B5B4E37596,0.6734823078635829
CC_48B5C0FA23BF,0.23430280200523873
CC_48B68CC29EDD,0.11835977323043248
CC_48B9AA29812C,0.5110102461939237
CC_48BE9A49A6F7,0.046753174079178124
CC_48BF25DAB002,0.12766128160017334
CC_48C356851F6E,0.3294735910440195
CC_48C6F2BDD748,0.11026274262606812
CC_48C729598E4B,0.41971091288742884
CC_48C7998F2DB3,0.29298653221587334
CC_48CE5B835688,0.07532892530399089
CC_48CF6E7D958A,0.04439188927686017
CC_48D022D7BCE6,0.7769701057275016
CC_48D09748AA47,0.22590822936873392
CC_48D23D80EFB1,0.6416395353010906
CC_48D5958C164B,0.0420893525389236
CC_48D6C42C7273,0.11654362829668571
CC_48DA23558B4E,0.22497252357690622
CC_48DB3532BA27,0.14493189654942046
CC_48DCE04AB80E,0.10175457040228145
CC_48DE1AFAA76C,0.126136249081034
CC_48E22E3F96EB,0.39536544067977586
CC_48E3AE641911,0.13277691033865757
CC_48E4C6A3B977,0.6140523624925488
CC_48E887FA2EA2,0.43569558340175785
CC_48EA7A528752,0.19590517795465917
CC_48EB91853E21,0.10038021160468587
CC_48ECF0DD05CB,0.7837182684208694
CC_48F2B60CC5E3,0.0985419171061002
CC_48F2FF808B37,0.1310011401141367
CC_48F9EF5BC4E5,0.054304979381124205
CC_48FDAC542476,0.11973794173358583
CC_48FE1FC9A24A,0.19040130520172124
CC_48FE4806F9A0,0.05805875081571209
CC_48FE90DB75C1,0.14974541964576005
CC_48FEE0F45D6D,0.08436845759247205
CC_48FEF28D3FA2,0.05799886557769875
CC_4903FE5D289F,0.08734895540427005
CC_490456209F19,0.12715315999077378
CC_4905043287C9,0.24709499861442552
CC_490597F75EF8,0.11019344931864224
CC_490601E44F41,0.07453210484237287
CC_490789E1D7FA,0.04789283867827002
CC_490B6F2BAEBF,0.21592442950122384
CC_4911D13E65EF,0.1268992490916367
CC_4916148BBA23,0.03974326395223941
CC_49164D809240,0.4794799387200138
CC_4916AF8F3BC0,0.13048151436822356
CC_491AFC3A2638,0.10451335307056939
CC_492050768FAE,0.13806429134428427
CC_4920EF67148A,0.11770474771818773
CC_49229557C7D1,0.10725618483093824
CC_492A2AA1F0BE,0.6826275717607899
CC_492D62827EA5,0.11804881541100058
CC_492E61DB477B,0.7516733019658559
CC_49328ED1904D,0.29976360465174384
CC_4932B9E39192,0.11414370536585616
CC_4932E88A339A,0.10696674365081105
CC_493499AF238B,0.14592059058061743
CC_493536B719A8,0.1639629800104269
CC_4937C06CA9CE,0.07409654332423393
CC_49396C092B9B,0.10470562601067354
CC_493994B742F9,0.2569035269427253
CC_493A3BC61AC1,0.1305738077933252
CC_493CB2532966,0.10677174166399447
CC_49418FE12E60,0.19852481862700516
CC_4942FA52B376,0.03576733681106164
CC_4943FE5248D6,0.27879163325862544
CC_49446A31030A,0.12401600247242214
CC_4944F6DE20D8,0.11068258156032837
CC_494983AD0EB6,0.6415557735255673
CC_494CAE5CF417,0.11145768615289524
CC_494CEC057A30,0.35740705976183085
CC_494EE3F3FCF4,0.1201993053195161
CC_495065CCD010,0.20822230737427092
CC_4950D395DC4A,0.31129431075870734
CC_49515AD74902,0.08386813262354399
CC_4953B85A21E1,0.042304054200552575
CC_4957D2F2E955,0.06831922972388169
CC_4959F81FD35D,0.05834584202585735
CC_495B8930C049,0.1276079203905856
CC_495B98BAF894,0.11775598294732337
CC_495FFC4554C6,0.08579557710348229
CC_496110F2214E,0.09087936068519506
CC_4961DC090B93,0.2695416793766213
CC_4961E26417E7,0.051922741409461085
CC_49633E6BFFD5,0.07705464181153594
CC_49642B031E89,0.06186014544306062
CC_496465F43458,0.06411149655607448
CC_49664725AA99,0.19520974262098895
CC_4968DC6B7B27,0.5639160363661417
CC_4968E706CA30,0.04622309300139279
CC_4969539F8744,0.0987694661813717
CC_4969C78ECE50,0.19943925244173802
CC_496B7E7A9DC4,0.1419209289042889
CC_496D80951E49,0.21142717587839738
CC_49711861D565,0.1210320636314675
CC_4974EF96378A,0.22648751381610183
CC_4975614112D9,0.1436039622650019
CC_4976525DF0A0,0.21688735583299107
CC_4977EDB6987D,0.38483071037434746
CC_497921304894,0.1133450654178293
CC_497A8A96D7F6,0.47832358353243326
CC_497B9EDB85D7,0.04876335872272222
CC_497D1094312F,0.22628055196694358
CC_49841C4D4097,0.16903934983281838
CC_4984A4D65A9D,0.28723791743259175
CC_49852F75260A,0.7315580946070253
CC_4989CAC4E7C9,0.3289632479089103
CC_4989DACE4C14,0.7942400525728069
CC_498AF2830A36,0.23369700111917263
CC_498BD0582859,0.12249562139372254
CC_498C2B0484FF,0.2291109500149119
CC_498C55A8A5D3,0.044176102231973075
CC_4991F72B0B8B,0.7207954967331796
CC_499267A39D6A,0.5426546883942166
CC_4994B6D2B088,0.058301664532763496
CC_499609CF9BA1,0.06467742595987531
CC_49969C4A507A,0.16226684030586042
CC_4999CFC6BA9D,0.7720020173143818
CC_499A2C1AABF8,0.14497172440152148
CC_499B8626AC67,0.11840000114121581
CC_499CC4C2B960,0.04697989907600468
CC_499E7CCE82C1,0.32540326668940367
CC_499F25D982C5,0.5977460455313277
CC_49A20A9487B5,0.08770131820821224
CC_49A4DB22186D,0.25353983881431796
CC_49A781E71D3D,0.31127006550651737
CC_49AB5EB57819,0.0858571849448122
CC_49AB6744E350,0.6262317545704207
CC_49ADBC80B386,0.09641796029733571
CC_49B04114B38F,0.33346533117122945
CC_49B4D9A6A142,0.09396948678909461
CC_49B5FA847F6C,0.08022574987944782
CC_49B86F33EF6C,0.050152073713604736
CC_49B92FECAC21,0.2704316389747456
CC_49BE4BCE8C1E,0.596017702838927
CC_49BF9E7DA2DC,0.6209543708415627
CC_49C07FAE57DD,0.03578165061085696
CC_49C3812EF404,0.09792406508273774
CC_49C431F7A40A,0.060036818100258
CC_49C52F671584,0.14759832534905498
CC_49C782090DA3,0.06595781988652946
CC_49CFAA4F09E7,0.40370574041890406
CC_49D06D18EDFB,0.6665251154568883
CC_49D1CA79B830,0.4345307078938926
CC_49D247575C5C,0.2028095997267998
CC_49D2FD4CF028,0.08009160392450033
CC_49DE2A951740,0.7422098917218134
CC_49DEB72CBA57,0.19367278485835515
CC_49E2E6B258E4,0.0729735924852854
CC_49E593027867,0.08205556625113165
CC_49E6182DA88D,0.1955649340234197
CC_49E73D101D18,0.08376889038626006
CC_49E79051EAE3,0.04599812822993242
CC_49E8535A3284,0.11074999396742827
CC_49E9274E395B,0.5986613586548704
CC_49EC66EA6D52,0.2041207117544653
CC_49EFDEC315D9,0.43323836089960166
CC_49F10A8853FE,0.10823102887507122
CC_49F2EC8B7D9E,0.6688810331651751
CC_49F5EFC494B6,0.22403857127959279
CC_49F806424398,0.08422086622837878
CC_49FA7A42BE6D,0.4554922164966729
CC_49FAAED440CA,0.07542694042638816
CC_49FCBC4ADF52,0.08454253473424624
CC_4A00282E7A85,0.1001687998439857
CC_4A059309E582,0.06123114947234189
CC_4A0755BABAB2,0.759134296204256
CC_4A08B9FE6115,0.05271423956912576
CC_4A0BC97EADE9,0.36137322381096465
CC_4A0EF488F687,0.21499770591120457
CC_4A10375DAD00,0.08203717262464454
CC_4A1037D8A94E,0.11581083595391226
CC_4A108D4995F5,0.11230446767532654
CC_4A15B948EDBF,0.6195614471246185
CC_4A17B34F73FF,0.19156915679761827
CC_4A17C09DD036,0.1798645496717015
CC_4A19EADCD52A,0.512308391645824
CC_4A1A31CA8E09,0.40176923577617263
CC_4A1CBBC34AEF,0.7584139205020861
CC_4A22256E787B,0.7085549912963365
CC_4A23B6765748,0.10018959302391957
CC_4A2493C1FB7E,0.19226643685025327
CC_4A24A4015D67,0.1212809271555578
CC_4A25CD6DFE49,0.366187437174047
CC_4A267360BEA4,0.24663577672149645
CC_4A29CDD76757,0.785737718695666
CC_4A2B3149F818,0.07915032678482024
CC_4A3330293269,0.16153648388069872
CC_4A36D9EB08FB,0.15735128010526375
CC_4A39ADB4A469,0.17831585151869667
CC_4A3ED3D5270A,0.2276537252041412
CC_4A46A34B0286,0.6142046985676641
CC_4A48612AA6F1,0.23545603578378604
CC_4A4A58F58721,0.06495384091761436
CC_4A4ABA3F61AE,0.03880858514890079
CC_4A4CCA794598,0.054632581772985814
CC_4A4D1A781C10,0.17885440824982435
CC_4A4F3CEE7F68,0.1412146319081805
CC_4A51EA15DD3E,0.08068785837677336
CC_4A5252D0318D,0.08163012653925085
CC_4A543D3DEA84,0.17690261045529693
CC_4A5AEE960334,0.09035557779241687
CC_4A5DC924D662,0.09647324300433788
CC_4A6275C86729,0.6558260285087215
CC_4A65F9AF952D,0.31162516062980355
CC_4A662975EB11,0.07013512469362616
CC_4A6C6B3206D7,0.5687506352627343
CC_4A6D10ABA22F,0.12137355282729194
CC_4A74262166E1,0.09574889359839824
CC_4A79254B756D,0.20645805235940778
CC_4A796D720F0D,0.7700189778219084
CC_4A7D6DF3E09C,0.10799337767331611
CC_4A8197463B68,0.06309538743994483
CC_4A81C5D75C6E,0.05994989426655763
CC_4A8204D2A892,0.0712094074938264
CC_4A8308DAA0A2,0.07586702862397243
CC_4A83B084BF6F,0.7675601041444703
CC_4A84EF4CBF39,0.47687265840507864
CC_4A8AED912D81,0.03939608868058925
CC_4A8AFAD0420E,0.18147731916776536
CC_4A8B293033AD,0.08584408595737127
CC_4A90166BA504,0.32509828823451065
CC_4A941F05F366,0.12765661484894514
CC_4A954600AA9D,0.15517550464907406
CC_4A9A403CF392,0.03997060369509526
CC_4A9D869C2564,0.28306998562146973
CC_4A9E5FA62EAA,0.7537238256186389
CC_4A9F549804C8,0.3787853655538127
CC_4AA1454DB1BD,0.071059003281642
CC_4AA2A5F4513B,0.34649737936695324
CC_4AA5F584A62E,0.36157823120281213
CC_4AA6BA507211,0.18626161440465577
CC_4AA76FFC05D8,0.07008618686719195
CC_4AAFF03DB5BC,0.06440082586105103
CC_4AB61BB7CACB,0.5776090683646056
CC_4AB70778BF68,0.08529572376214033
CC_4ABA0785C267,0.26172835070876543
CC_4ABC078575DF,0.6565033940495362
CC_4ABD62F268E0,0.6703092712226518
CC_4ABF16BB8365,0.3837049942596297
CC_4ABFB496BAA1,0.27579265442909046
CC_4AC49D75672B,0.6773589313073459
CC_4ACFC91213E0,0.13920887355070866
CC_4AD0DB740322,0.3315188363027706
CC_4AD19A89D26D,0.3295685218925403
CC_4AD24CEDF04B,0.1400058535716356
CC_4ADB26964D43,0.16809882756944308
CC_4ADDD817D67E,0.2017126460240287
CC_4AE20FD028B6,0.29019603163316104
CC_4AE3DDE309D1,0.20276480932329788
CC_4AE4F26A7E44,0.14129938946457887
CC_4AE5A2C1A3A9,0.2817141188308551
CC_4AEE17CB1E32,0.04370768017010303
CC_4AEEFAA61C23,0.21758961381415923
CC_4AF0C17AF2D1,0.25908699296494164
CC_4AF65B965DE3,0.10159274974770785
CC_4AF9C6855C82,0.6318742179598427
CC_4AFB2FE624FD,0.07765659872299205
CC_4AFC0117879F,0.19734496153997233
CC_4AFCAE442916,0.2505144016382862
CC_4AFD37BA6419,0.13921377600554147
CC_4B01531F3668,0.3900307926430636
CC_4B0418552431,0.06155512780804233
CC_4B07DEE3980D,0.09979320858947052
CC_4B0E16972D2C,0.09205288817557458
CC_4B0FC11D9784,0.09023513392505156
CC_4B167957E054,0.058590985126525844
CC_4B1B1AC32F9D,0.10935648091689805
CC_4B1EEC6BB6F5,0.053208583312065405
CC_4B24028C74BE,0.15888521919164478
CC_4B24284211CE,0.16281502420005714
CC_4B272CB87A55,0.13189296213346094
CC_4B278BAF79E6,0.10912506234148864
CC_4B2CDCB80A85,0.17657732871182302
CC_4B2F5031FA75,0.14647151670369046
CC_4B314F6A1536,0.16752888866554158
CC_4B34BF1A3C04,0.08217027000343788
CC_4B3ADF0E1BC7,0.6243043336159452
CC_4B3DCE915488,0.08941291487584332
CC_4B3E7689516F,0.62178426042213
CC_4B3F7A4E7D6B,0.43934810299097576
CC_4B409C43809E,0.5952827776096429
CC_4B40F81D006C,0.0763359265726541
CC_4B4158D80004,0.31745617186988595
CC_4B43C14A71EB,0.03989025475250023
CC_4B45A4D1E183,0.15032050443295428
CC_4B46D0D62567,0.531857072295794
CC_4B4711519FE3,0.6447231649636931
CC_4B494B5906DB,0.6068882146300582
CC_4B4AA5651651,0.7699933447717451
CC_4B4B6A1D246C,0.36930134417322635
CC_4B4BD66CC7C7,0.21713992224932505
CC_4B4F8F478917,0.04822378522263977
CC_4B4FCB5D63AF,0.32236164617186247
CC_4B527733ACAE,0.2111115126272935
CC_4B5277E53172,0.5608094240077478
CC_4B52B5659990,0.27204217341152126
CC_4B5617A505F9,0.3038921943389038
CC_4B59F176DC30,0.46949654635605365
CC_4B5E54542C12,0.11212348167892039
CC_4B6157B79E82,0.1068843094187091
CC_4B618DC26522,0.04372620339857924
CC_4B63BFB32898,0.6043617678605291
CC_4B645748E2D5,0.05997089984105147
CC_4B66B13E21C9,0.5996147449664277
CC_4B691ABA1D24,0.05553627879845975
CC_4B6C0C1EAA62,0.3339168977939177
CC_4B6C4AE5BBDB,0.1353509173843655
CC_4B6C8C1F1D67,0.12770284006685784
CC_4B6DEDD32C70,0.07366882238382673
CC_4B7B94AE5822,0.059679453313944766
CC_4B7BD4272628,0.16775054094769487
CC_4B80028A3E0C,0.09982520671929809
CC_4B82E7CCFFA5,0.11472998537713289
CC_4B8355DFCB16,0.1301596347226846
CC_4B83F3197362,0.7425382768565025
CC_4B84C2FD2609,0.25155231047067106
CC_4B84FB7D7E38,0.11775412119199788
CC_4B861BEE6C40,0.10267307522911909
CC_4B8694AC0053,0.5130443570367249
CC_4B8FEB61A1D2,0.06301341544980826
CC_4B8FED4FEA62,0.16741829755062623
CC_4B9440FB5987,0.06816468963406164
CC_4B9F37CCF202,0.06003194887918073
CC_4BA3EBAED458,0.05407344258746919
CC_4BA44F97889F,0.12733871504444774
CC_4BA537FE8C22,0.1322213651188478
CC_4BA6244A64AE,0.43914128731419816
CC_4BAAACC927CF,0.05734832303073625
CC_4BAAB7D364DF,0.6243929341405986
CC_4BAD8A7672CC,0.11788415517130599
CC_4BB18A117A98,0.6229876899007311
CC_4BB2A9C679A2,0.0887035337147152
CC_4BB658F1171A,0.11254198124227832
CC_4BB829ABB14C,0.09011866472817938
CC_4BB90F2EE162,0.20218613383534026
CC_4BBB36A38030,0.25676770172701613
CC_4BBDBECA6B92,0.07886377912008345
CC_4BBE01391430,0.059352264175000745
CC_4BBF455291CD,0.09878443793556806
CC_4BCA99FA8CFC,0.22483331958257208
CC_4BCDD3257CFD,0.11235433554530365
CC_4BCF87EAE128,0.11717305387239038
CC_4BD0115CF3D7,0.14324678446403166
CC_4BD4DF84AE78,0.043841895435454734
CC_4BD67048880E,0.8126514952081288
CC_4BD73BDAD5C3,0.14897745278333233
CC_4BD75A1DEC3B,0.0485792007139326
CC_4BDC71D958B4,0.06986976718469005
CC_4BE1C8C3D33A,0.08532708139708915
CC_4BE4CE0A5BCE,0.28104868671638483
CC_4BE670B379B8,0.030567719904204323
CC_4BE701760E45,0.29111525278657124
CC_4BE7B351DF1F,0.11113051776613041
CC_4BE7EC2064C1,0.20695999626034767
CC_4BE8B6EFCA38,0.25810260696428466
CC_4BEAE979CB03,0.051966388097633286
CC_4BED9943694A,0.08727813135692067
CC_4BEE70F31D51,0.1901163376244524
CC_4BEE98FC7693,0.08973669070919774
CC_4BF1ECB0BEF5,0.7328368960208755
CC_4BF26C431C99,0.6393932348674533
CC_4BF46A708ED2,0.15039105400208297
CC_4BF57AC7E2A0,0.6089386341114625
CC_4BF9E1EA7152,0.08338325462739152
CC_4BFAA0AF3E37,0.7874186941740048
CC_4BFB3828F194,0.5405324862225016
CC_4BFC209A3A61,0.0941684554281494
CC_4BFD2A4D267E,0.17725265287268913
CC_4BFF5737C1DF,0.7787317215031299
CC_4C03458D480A,0.1430648827103805
CC_4C03D5A035E8,0.09304071378457754
CC_4C03FC980A4F,0.22288291437783586
CC_4C053C1F91B3,0.13906184229773902
CC_4C073C61B152,0.3267210497546624
CC_4C0771BEEBF8,0.07656509328747127
CC_4C0B8A0347BD,0.09060178294937371
CC_4C0C8D73D1AF,0.2197190637881083
CC_4C1043519BFC,0.23268077462726117
CC_4C1141472F7C,0.20783095074662766
CC_4C12EE3074C7,0.6422876012464268
CC_4C132ACB2BDD,0.7412486834337584
CC_4C159FEE64BC,0.05263623882460391
CC_4C1F14C69FCA,0.16694326756405903
CC_4C1FACA95212,0.40716418206277494
CC_4C2ABBECD50E,0.4896911656061499
CC_4C2AFCC53232,0.0381843750852305
CC_4C2BB5560854,0.32107272619849087
CC_4C2F65B66BEC,0.03783400316399367
CC_4C372E086622,0.04517956545033017
CC_4C373D9044C0,0.12108898169316606
CC_4C3754DAC336,0.5681290220434718
CC_4C3A7B3F1A9A,0.09192781709212072
CC_4C3E30E2617E,0.1900187689387569
CC_4C3E69111DE2,0.12593824904896453
CC_4C40435152E6,0.05223452207937337
CC_4C414641A1FC,0.3950954374903959
CC_4C4578FC5A3E,0.2773860605681572
CC_4C46D78852D0,0.14372712420031053
CC_4C48EF67D2EF,0.23925397968354112
CC_4C49477B4CD3,0.10287617162321434
CC_4C4CC3DB34CC,0.13960377796569662
CC_4C4D2E9BE4D7,0.5027180107271112
CC_4C5317AAF263,0.09918263634880804
CC_4C550D441CE6,0.1698479856030018
CC_4C57C273E92E,0.6521377315843753
CC_4C5913D71BE2,0.048869545330828476
CC_4C5E13FD6C6D,0.12186801542910528
CC_4C635A41DCE6,0.1570651330002714
CC_4C664B08CED4,0.24266966955634647
CC_4C6857B5FF4F,0.16760464653773893
CC_4C699BE3FC5B,0.042859039037487175
CC_4C6A85287861,0.12470342497070282
CC_4C72046DBD0D,0.17173472748582463
CC_4C73C562A0D5,0.2670530784029784
CC_4C756CCA904B,0.09729752660778997
CC_4C75E89B3590,0.7588936916456676
CC_4C7623DA3B2E,0.07606536893877917
CC_4C7772E3B9CE,0.3766630859871558
CC_4C7BE83ACDB3,0.07293751909422312
CC_4C7C01F4AD10,0.6962631959480652
CC_4C894F07D805,0.5981785585503991
CC_4C8AAD47C69A,0.17516977797856434
CC_4C8B57B3E8E3,0.22111183131822845
CC_4C8F2562BED2,0.24979225596770735
CC_4C96193D8DCF,0.1934144125995293
CC_4C9776BA782D,0.06447661288060606
CC_4C99B45BD74A,0.26241576998596206
CC_4C9DB550996B,0.1393499175156318
CC_4C9EB219A02F,0.08546872867651197
CC_4CA0D6441AE2,0.07913349336515896
CC_4CA220FC98D3,0.19589234217962345
CC_4CA29858AACA,0.04984349972300183
CC_4CA3A0724B0C,0.08817346646834197
CC_4CA95BBD2A42,0.21195152932857403
CC_4CA9CAFDCE38,0.052556154219769356
CC_4CABC2AB0096,0.14172989204356273
CC_4CABC8D89536,0.05316661719623952
CC_4CAD9A0D70E7,0.25286504570957186
CC_4CADA6D5146C,0.18963112574681706
CC_4CAF86C1742C,0.0687076880655019
CC_4CB13078E4D4,0.5193924696667253
CC_4CB16D4817CF,0.04663561083199204
CC_4CB1D168D957,0.04344702296775964
CC_4CB61AF6DAC6,0.37292628606371603
CC_4CB673878C3C,0.19166207854367592
CC_4CB69BAEFF4F,0.07856076478707
CC_4CBBAE2615D7,0.4208248437282278
CC_4CBBCD88E337,0.3059102920898068
CC_4CBBEDE3A711,0.12108100526528813
CC_4CBE92B3F4D0,0.07098566064265331
CC_4CC02A85EF03,0.16502486408965644
CC_4CC19B17FCF7,0.07837829090947793
CC_4CCA026AF958,0.04031207725001101
CC_4CCA1C3169C7,0.07174252677099686
CC_4CCAFC66DA21,0.14339366854506289
CC_4CCE0359644B,0.054933988642925057
CC_4CD125B615C7,0.1316008741676789
CC_4CD3CFDA2AD3,0.6398818959461433
CC_4CD94218B6F4,0.22955125111449032
CC_4CDA203083AB,0.1594604498506887
CC_4CDFBEF485CE,0.11027813933899329
CC_4CE50C7B8B4A,0.2862999888087144
CC_4CE565B7FBD4,0.03946085346726997
CC_4CED5B5D2FA8,0.7137250807632303
CC_4CED623EF2C2,0.06850769787178648
CC_4CF0C13EECF1,0.1738676925923128
CC_4CF1199966EA,0.06447042015730078
CC_4CF164C1B3A9,0.3204263470294876
CC_4CF1C38559CB,0.03459536643376437
CC_4CF25A4B948A,0.10768968441031213
CC_4CF3711083D7,0.08983104087685102
CC_4CF6F725CD3C,0.03366522252773475
CC_4CF8CA7D2B76,0.6477215863405499
CC_4CFB12EDF2B9,0.20359542242099177
CC_4CFEBD328FCA,0.12070585343715004
CC_4D000AF7CD7A,0.24816668617414456
CC_4D02889CB8B6,0.13076514542107615
CC_4D045E94ACFA,0.08109331127668798
CC_4D04AFE296E7,0.08856060243228937
CC_4D0A6779887C,0.060526278848650014
CC_4D0AA3107ED5,0.08532094019085007
CC_4D0B94DD160D,0.0691134137193775
CC_4D0EAF975B09,0.17966561088932567
CC_4D0ECAC0C600,0.05240205943472788
CC_4D1074498B5F,0.09383785892816275
CC_4D15CC7B9B9B,0.6280426063731384
CC_4D1619B52E96,0.13510411326618954
CC_4D1BA80A3660,0.08449334039522793
CC_4D1D3F744B30,0.2559327692432676
CC_4D1FA8241837,0.048855310536958414
CC_4D22CD51858C,0.7348047520761232
CC_4D2495F29F3C,0.5682134788924984
CC_4D2497BEF8C8,0.12252343959460314
CC_4D2602AB8BBC,0.15286415461452246
CC_4D2BD84362A1,0.24729642855809703
CC_4D2D07DAB1C8,0.4852297910197481
CC_4D2D5FD47228,0.5272404121836483
CC_4D2FEF26C873,0.14328787638052526
CC_4D310573427F,0.09018943481598618
CC_4D33C92AA4D5,0.2444330339619393
CC_4D3752ABB8A0,0.5793497430931177
CC_4D389ED6A864,0.06492300510101755
CC_4D3A0418187B,0.08610507620736658
CC_4D3AE6B905A7,0.2220589201337027
CC_4D3B7EFFF9B5,0.14404144062409102
CC_4D47ECFEAE6E,0.2454403119160436
CC_4D4F67A80992,0.6907056068208411
CC_4D50523113EA,0.7165350197524822
CC_4D50B976A469,0.11029357237944207
CC_4D53A8465E88,0.07363887067370278
CC_4D5483AB50A3,0.08854831042157507
CC_4D54C6496460,0.12046467443022302
CC_4D576B4C0E19,0.7048305717399259
CC_4D59642E15FF,0.08271429462636418
CC_4D5A21A688C3,0.10265089030099747
CC_4D5B017B60B2,0.14445623349272424
CC_4D5E71EA5E46,0.5702291934069852
CC_4D6064EB1024,0.1346983795406542
CC_4D61BF1A39EA,0.15715239198513611
CC_4D684AA6F3D4,0.1487200030873625
CC_4D6E7F9D3AE1,0.10317582993149295
CC_4D6F260B24F8,0.301934700605747
CC_4D73F1C6CA14,0.07490727645092606
CC_4D75466E0777,0.6802350864746145
CC_4D7AA18CFB45,0.3147522621109374
CC_4D7B8721025A,0.12695338447420795
CC_4D7D7D211264,0.18022286711211186
CC_4D7F903D83CC,0.07240793860431145
CC_4D823A978796,0.12693178233985816
CC_4D893BD85D67,0.16619181785133663
CC_4D8B1C84D407,0.20573903729133208
CC_4D8CD723639C,0.5817467772375493
CC_4D8DD1B7E3B3,0.1304938307741849
CC_4D9358D8208E,0.255646464691312
CC_4D95BDBC08C9,0.0775846100814587
CC_4D9665E12610,0.05175316839799591
CC_4D96A03BA6FD,0.592623152322462
CC_4D96F8671D56,0.05180995743688558
CC_4D971A37036C,0.08140769400139154
CC_4D99D599A6CE,0.12474587131936551
CC_4D9BFF25A12E,0.11129161736554316
CC_4D9E9CFED472,0.5138170101718486
CC_4D9F2C99CDC2,0.11728432420417334
CC_4DA096EB8A81,0.21479169548302682
CC_4DA36AE64079,0.6724844833777345
CC_4DA8296CCDD1,0.1172317833318964
CC_4DAA85CBDBAF,0.20956069777496938
CC_4DAB9A2108F5,0.2521067951723518
CC_4DACD1A282B2,0.07487028729197212
CC_4DB328211298,0.2207130062679748
CC_4DB4E6901CFE,0.6852128636277411
CC_4DB53B1CF49B,0.1534100705847488
CC_4DB6E10B964B,0.18027070216527225
CC_4DB7B024E3EE,0.24595829812597683
CC_4DB7F11FEF36,0.16450931795069956
CC_4DB9630BF41D,0.07117285512652861
CC_4DB9B7398143,0.11559570073955765
CC_4DBCF386EDD5,0.1385728996841321
CC_4DC5F67C7C97,0.2194855705697325
CC_4DC6176CD69E,0.6541111647202962
CC_4DCFB3C06E91,0.1224420146792854
CC_4DD05B6E174D,0.08946703088798232
CC_4DD410D1FA0C,0.10890839514315087
CC_4DD7176987B1,0.14172410181529882
CC_4DDB6A2CB800,0.14730502824925099
CC_4DE44D8A0D59,0.07757912191062592
CC_4DE4B7BEDDF0,0.09356402952790219
CC_4DEAFDBCA396,0.37914275616735066
CC_4DF2369A1F58,0.05620941757426671
CC_4DF437055D5D,0.04353815079793798
CC_4DF65EA5D11E,0.11877172989180887
CC_4DFA0D097984,0.12610597500380297
CC_4DFD1F8906A5,0.6622232048897081
CC_4DFE5A7C11CB,0.0886879120916215
CC_4E00AA6A0AF2,0.15654234473502263
CC_4E0462B912E1,0.1282815379685238
CC_4E050BB7D5AD,0.3215931239821204
CC_4E0C8BC2265C,0.7442291065558659
CC_4E10428F5D96,0.1985635526286198
CC_4E12C5814F2C,0.18269591558109444
CC_4E155B8A4DA6,0.07292441887393748
CC_4E16D974628D,0.07414348414520174
CC_4E195C0B41B1,0.06963433692673032
CC_4E20EBC838B6,0.05773479239634072
CC_4E212AC7E98B,0.06702937803356587
CC_4E22998A15A6,0.20959160911172017
CC_4E264BFD9ACC,0.14598226475324166
CC_4E279F423148,0.1252082158132835
CC_4E3012A4A840,0.15118828136283086
CC_4E3518ED5FC7,0.09536095395514657
CC_4E3708860A47,0.13805477955867607
CC_4E394A58F55D,0.034268609607743236
CC_4E3F8F8E5642,0.07960557290344564
CC_4E444636EA4F,0.25927999231247945
CC_4E4C0DBC4537,0.6801290093994633
CC_4E4CD7A9B7E6,0.13666145357698392
CC_4E4E74608BE0,0.13656578400440805
CC_4E51CADA0933,0.060345290870751675
CC_4E53FA273C3C,0.6507327102289924
CC_4E54B9291F03,0.19324210200902653
CC_4E5AEAC18136,0.37077116580286906
CC_4E5BDEA45701,0.06398625989422999
CC_4E6231977B7F,0.2757248024686265
CC_4E679A6A93F3,0.17317009519325324
CC_4E67BD78DA67,0.11069228420299301
CC_4E67D0F93876,0.10969218903050981
CC_4E69D2B0984A,0.711243107699276
CC_4E6CE8F6BEE5,0.16938853705078072
CC_4E6ECC2C3B7E,0.3239346655849467
CC_4E72D2A811AD,0.16216100902469446
CC_4E7C0644E78F,0.05659967495154673
CC_4E7D3A3E43AB,0.09847341966348587
CC_4E7ED4F086D9,0.046620702483504375
CC_4E7FD48A778E,0.3147650841153685
CC_4E8106443FCC,0.06441253271716975
CC_4E8457EE884E,0.30999991901031815
CC_4E8A4BC52007,0.19735002095155266
CC_4E8CE560B12E,0.6206637766336309
CC_4E8D3C32314C,0.05884356467685239
CC_4E8DD1679F73,0.03579350609270948
CC_4E8EB450D4C0,0.6921752919266335
CC_4E92D1511EE4,0.4000775763215357
CC_4E92FF787EF2,0.10024825233500886
CC_4E96D8E58012,0.062460550791955206
CC_4E9859EEC95D,0.09802036157735206
CC_4E9985ADE51B,0.35418788186351946
CC_4E9ABAE0C000,0.09183520992397241
CC_4E9DEAC398EF,0.7000417311311022
CC_4EA43E05D811,0.17847458576585865
CC_4EABB47F1E93,0.22731558862250717
CC_4EADAEC9C9AB,0.09851934272840543
CC_4EAE98094230,0.2940294171119846
CC_4EAF8D440BA7,0.4498015349409904
CC_4EBEA9F7196A,0.09973202178998217
CC_4EBFBB266BDD,0.14554947566723367
CC_4EC08B53025D,0.42033968606061745
CC_4EC3308A7F25,0.04096589295778798
CC_4EC525F8395A,0.10402599081103492
CC_4EC75942298C,0.20671586583245447
CC_4EC9DAF6A478,0.38137201549759026
CC_4ECF4D022499,0.03669283217416943
CC_4ECFF6EB7ABE,0.05314629188941655
CC_4ED2246F5800,0.1838355028202218
CC_4ED290B51A2B,0.6527522674818387
CC_4ED4CC475BF0,0.7785618352880268
CC_4ED57EA78AB9,0.09995108957032584
CC_4EDDA9D0DF90,0.08175308792664492
CC_4EDE2F123C6D,0.0768779020470287
CC_4EE47017E485,0.09574026552669229
CC_4EE49191FC57,0.18826375956906755
CC_4EE6DEAFD3AF,0.22577677546945138
CC_4EE724AD3D64,0.16858989643975492
CC_4EEAF18F1BFD,0.136318722453253
CC_4EEBDE4A773F,0.046726665571525675
CC_4EED610633C6,0.09644638098399407
CC_4EF34E92E9E7,0.16424198250773414
CC_4EF41AF69045,0.6660747861968741
CC_4EF441306C68,0.2788264771568908
CC_4EF497F1C0F4,0.8016715578992091
CC_4EF5D7BA74DB,0.34857468181391915
CC_4EF7C774829C,0.16599503909638674
CC_4EF80C4BAB79,0.14038695287745717
CC_4EF8B24337EB,0.03551496250628233
CC_4EF8BAA87A89,0.09145335928652107
CC_4EFA5B8BAAEB,0.18499068882251277
CC_4EFD0599D000,0.3347477008868075
CC_4EFD794CAC49,0.7691965280025828
CC_4EFE80A4D699,0.05370275202484219
CC_4F0038E70D42,0.21412133365873168
CC_4F024CBA2D9D,0.129171046868027
CC_4F030A4E0D3A,0.15045809508254782
CC_4F123E1ECCD8,0.13704796680867193
CC_4F1418F9159A,0.11792442560728258
CC_4F152DF7EB60,0.5004428840938455
CC_4F1847E21846,0.06656479676857105
CC_4F194DB11C93,0.050725668813078696
CC_4F1A799EAB30,0.09915171772959988
CC_4F1E35B362B5,0.3193998691857193
CC_4F2125563F5E,0.11197802117976016
CC_4F293AB79F11,0.08939654168225661
CC_4F2A8429FBBF,0.19119632230616165
CC_4F2ACB7F5EE2,0.19450563289962877
CC_4F2F5B98E42E,0.10841449035969078
CC_4F31C8B2FE19,0.106168939580128
CC_4F326CDF0C00,0.16903742286984733
CC_4F34A273AA7C,0.09293525752541834
CC_4F37A9C524AB,0.21403909399605187
CC_4F3E63937F93,0.1472632609427013
CC_4F40890B14DC,0.2566243739212919
CC_4F43684E26D2,0.07234838957473795
CC_4F43E2334DF1,0.05704433479859909
CC_4F4575C9B8F9,0.16427809178934738
CC_4F46D5184A2F,0.04127396172785759
CC_4F499AFF8C9A,0.12431140477532736
CC_4F4C312B8AA6,0.6743171620271725
CC_4F4CA8CE966C,0.12821708531123263
CC_4F4E4653DF79,0.08258197501698969
CC_4F50BF818987,0.14668163891583047
CC_4F520A27C024,0.05707426887519251
CC_4F54773E37C2,0.16739513432741424
CC_4F58425D6ED3,0.04076485235895577
CC_4F58EB88F235,0.047923506244027914
CC_4F59D743C642,0.18978638172755063
CC_4F5C4BD504A9,0.12670421726902284
CC_4F5C552A62FE,0.052117562392772224
CC_4F628A092E01,0.19021545236620407
CC_4F630C7D5661,0.41137415531365756
CC_4F68314323DA,0.16952067489233008
CC_4F77C971C1AB,0.4069551804119014
CC_4F7A0153E342,0.6075047873722579
CC_4F7A086FFD00,0.20393588750776187
CC_4F7A85BA5E6E,0.2183241218980687
CC_4F7ED0F38817,0.28217628210532325
CC_4F805A7B189D,0.5376445760880717
CC_4F829C21AEBF,0.11026705046666592
CC_4F83B18A2B49,0.13303657786800088
CC_4F8559E0678D,0.0668415269341081
CC_4F8B9A179867,0.11990209092896495
CC_4F91EBE098A7,0.12420194888102051
CC_4F958B1CC931,0.15038840929506317
CC_4F98969ABB54,0.1492469899215513
CC_4F99120AEEEC,0.2720798064404323
CC_4FA028490A87,0.5406390210004816
CC_4FA2907E6A83,0.3191794341652402
CC_4FA5C6EEA20A,0.06408276219904092
CC_4FAC8FAEDAF0,0.7341420871012333
CC_4FB01BC4095D,0.6466958754162222
CC_4FB1A9D38374,0.13344774739460682
CC_4FB267729D76,0.1595319620441134
CC_4FB335A05E89,0.06180704479120226
CC_4FB363A7D3B2,0.05177448973345038
CC_4FC1E83251B0,0.15864827759648192
CC_4FC209A1C0BA,0.2728844279337262
CC_4FC3F4CEA203,0.05994728914288479
CC_4FC898091C7B,0.4242678973744824
CC_4FCA1B68D521,0.644370596660132
CC_4FCB1881DF86,0.08205171828871652
CC_4FCE09FD2FA2,0.10125522175872008
CC_4FD235CBD145,0.09109964952542537
CC_4FD500301E49,0.05320698950176219
CC_4FDBDACEB0F4,0.10697833945132432
CC_4FE4CB3D49DB,0.21258690327309537
CC_4FE784020293,0.21309797723883322
CC_4FE984FF9EAF,0.4462837680694786
CC_4FF218ED2525,0.18742935559137414
CC_4FF377E43C28,0.609093563057317
CC_4FFBD9862C75,0.2464220271338972
CC_4FFDAC0AAA76,0.0792604537848269
CC_4FFE2BD686B3,0.5364186993092628
CC_50033818781D,0.6514488337993848
CC_5003D171E70A,0.042644451880976784
CC_50086256D28E,0.36823992323376115
CC_50086BB73A33,0.31684704599987223
CC_5012E8B48612,0.07429910707505796
CC_50164A0AE844,0.2131058442088889
CC_50172A2AC4A0,0.04397776588708635
CC_50179C8EE160,0.04439197753217801
CC_50193CE06AA6,0.17778590299810548
CC_501E323B4027,0.21485354125883757
CC_502025761646,0.2238060435253908
CC_50206F8E0F2A,0.6206135587406978
CC_5021F475EC58,0.156515102920314
CC_502290F1D391,0.760301528626617
CC_502339A711CE,0.4048493814116171
CC_5023AA63C7CC,0.09258415804084323
CC_502860331BCF,0.2584532278017838
CC_50286D3547A9,0.1373541211489071
CC_502E427E3439,0.11453688610255872
CC_502EC7D7B3A5,0.14902168752951162
CC_502EF3D12E7E,0.32331033930958675
CC_50348DB17154,0.2169569911256775
CC_503655670F77,0.05707720206542675
CC_503BB8B62477,0.2972613956881527
CC_50403F4AF548,0.2227216649685217
CC_504198EE42E8,0.0677626278483655
CC_5043A8F9868A,0.15943492361636707
CC_504413C91980,0.08546562107786762
CC_5044DC27BC74,0.6542819421143944
CC_504E3E547D5B,0.09959610355982504
CC_504E5446318A,0.08320546532739984
CC_50536F37593E,0.2690959966317951
CC_50552FAEFD54,0.18768864184817963
CC_5058FCA259B9,0.03596447691891156
CC_505C0A3CCF4A,0.20320884229258115
CC_505D3BEEEF6A,0.5067809825053005
CC_505E402F7A24,0.03757278634705128
CC_505F2410ADE3,0.204551127031854
CC_50617EA5E42D,0.14766398632926458
CC_50683B4EBD23,0.2257375899822021
CC_506BA9608F16,0.060065648798565296
CC_507778B86071,0.43941805787031507
CC_50786150E605,0.0517369826127753
CC_507B63A7C425,0.06506536493632603
CC_507C74CC98C5,0.04767515769653017
CC_507C9C567D59,0.31977771711770064
CC_507FA8AF2DC4,0.20572854065810145
CC_5081BCADAA8D,0.2152019274974361
CC_50862678EA50,0.2182084276350243
CC_508719E22DF8,0.10535205411779143
CC_50879E664D39,0.5295738168159196
CC_508AF08A46BF,0.25045055657626547
CC_508B05701D0A,0.14562665531352995
CC_508CA1AC2439,0.16172470513456944
CC_5093F64B2007,0.14605428647681956
CC_509732CD5AFF,0.12660368440604872
CC_50A079AB026E,0.24991654038175692
CC_50A221311DB4,0.19060057985659554
CC_50A30F52E331,0.7157975371393482
CC_50A36347382A,0.06933683702343665
CC_50A760F9F4F1,0.6419624817839235
CC_50A94EECAA87,0.7338073919849112
CC_50A951D9AB8A,0.7133552204781426
CC_50AA3CA2D731,0.20046373524617067
CC_50AFBBA16B8E,0.11700196801448792
CC_50B0D297ED85,0.6481205453051407
CC_50B2022FE108,0.04284755957813493
CC_50B43220EC1D,0.5074210034169473
CC_50B7CB887A96,0.5772222286331266
CC_50B88BDF7F70,0.0864245679066449
CC_50BA38C2991E,0.4791349350262536
CC_50BB5C856CB3,0.28509270435019196
CC_50BCF68BDD4A,0.2587340779720352
CC_50BD11534CE0,0.115858372329587
CC_50BD42FE35FB,0.3404002915624757
CC_50C0010EA9AC,0.6592665693420855
CC_50C02DD8B191,0.04049615467042078
CC_50C3AFEBD111,0.077602540491522
CC_50C58A46D40A,0.2688506696243167
CC_50C61E7A51C4,0.11205360678165462
CC_50CB61F549DB,0.07290270925753088
CC_50CB75F4F210,0.040746495048547236
CC_50CC7E7240B7,0.5833673108867714
CC_50CCE8995CB5,0.1523766789643422
CC_50CEBAA3A354,0.09179863639910962
CC_50CF803FA7C1,0.03367635924424336
CC_50CFB3FE6E9A,0.25832157335592265
CC_50D16D8F2D20,0.13739939508693683
CC_50DACCA702F2,0.1983665091635331
CC_50DBC7EAA767,0.08967545325857884
CC_50E3DB89BECA,0.07279428177860889
CC_50E3EAF83960,0.049215565579409766
CC_50EEB38F435B,0.08488164226080899
CC_50F07795597A,0.19343004540969716
CC_50F17658839A,0.09893173164724167
CC_50F1C3176FFD,0.7524659696021125
CC_50F315C75BCA,0.07111394214662045
CC_50F3B146281B,0.0558584955142976
CC_50F41F4B7F97,0.058661783534281156
CC_50F51108E1CC,0.09397867321992229
CC_50F6A4471505,0.13387227910043273
CC_50FAB9823465,0.12250757375782242
CC_50FD80E661BF,0.05601359087260481
CC_51018E91E234,0.31023457592634074
CC_510246CFC244,0.07894140447294973
CC_5102B46A273B,0.14130137371744605
CC_5106172E3D20,0.05516221916663459
CC_51067B3B1DAF,0.1486059151758645
CC_5107C4B45B1A,0.6413578241795211
CC_510DC9422837,0.22884542553891554
CC_5110B263C241,0.36165403174222066
CC_5111C6B42712,0.08411427610005837
CC_5114BF07A3A6,0.0526074888540782
CC_5119E289E487,0.09544825376905855
CC_511DCE56082F,0.7729790766286807
CC_51249B803402,0.11233475621621469
CC_512716BAA3EC,0.22279797639860238
CC_512AAEC789F7,0.5770194999116993
CC_512BFD4AA0B3,0.19122480220247723
CC_512CD034605B,0.3832258576202671
CC_512E3529DDD2,0.31398311879583646
CC_512E4690CC94,0.04952016143599457
CC_51315E97C552,0.13824527989781688
CC_5131B31A7812,0.6681102587195644
CC_513424FF435B,0.1376947945553016
CC_513D91A7D1E0,0.21239266504837437
CC_513E6FAC5A37,0.23858723254449984
CC_513F2D27AEE7,0.3443595030541135
CC_513FF6FBC586,0.0917613905855804
CC_51442A2D7045,0.08369577125196556
CC_51446FAFE152,0.603932180120474
CC_5145058D0206,0.18799694213726129
CC_51454FCC713E,0.13593715473973234
CC_5146859241DF,0.17025561630436264
CC_5148CAE77A51,0.15897743061859743
CC_5149281FC5EF,0.05659636929728786
CC_51493A971C9E,0.07354697197206035
CC_51494880833C,0.0979876424932689
CC_514B19E6CE79,0.12436500486090314
CC_514E15147061,0.21569003658052238
CC_514EA537CBFB,0.7775161840909368
CC_51502056D14E,0.27618962195131236
CC_515473EC05FA,0.23170796816716913
CC_5154AE1CAD8C,0.0951941959603599
CC_51559C80ED89,0.12910126003856523
CC_515966A07267,0.10402462415560583
CC_515AC7446164,0.14896392771386024
CC_516161B37B12,0.12837115374445027
CC_51625BA86EF3,0.0809694358982846
CC_5164647BC2BC,0.6596420878546806
CC_516491E197E4,0.2522888140496468
CC_5164F7783E8B,0.27941402038622754
CC_516D668EEEAE,0.10051483441504787
CC_516ED548EFA9,0.24000701903189334
CC_517708A3A113,0.14274787571512135
CC_517941031880,0.05457643805818328
CC_517AE2B3CE7B,0.38912502984014546
CC_517D11F3CDC4,0.11147098975655526
CC_517E41A83BB7,0.08575059998072344
CC_517F7F112921,0.17470951522110015
CC_51802E19C502,0.049423013185780386
CC_5182AE0496E7,0.17260052006109164
CC_5182F96B1011,0.04183800217972371
CC_51850D4AC10F,0.12795460941873205
CC_518BB348E586,0.20878135598510678
CC_518DBAE6F871,0.20990320962165637
CC_51921CE3555E,0.19666239242332006
CC_5192BB97D2D9,0.18119371131590886
CC_519352AF145B,0.09528352297310524
CC_51951E6BFFC1,0.5867884649681046
CC_5195E164C97E,0.04649498425883545
CC_519AD7FC0AE1,0.12459099628044572
CC_519BB7689E6E,0.13511257996699938
CC_519ED1BC69BB,0.14559754335968023
CC_51A4A7AAF055,0.2659210846349875
CC_51A9BA9E6DC2,0.06191199164127385
CC_51AE35F516EF,0.1739726695634305
CC_51AE64A9E05C,0.05941899533392501
CC_51AEEDCC4CEE,0.2234486865521558
CC_51AFBA9FD09A,0.0862352861870713
CC_51B37F0A8C28,0.3489769788356974
CC_51B49D1CF25F,0.10587243117966257
CC_51B82DF384F5,0.28785629546349584
CC_51BBDA0FB260,0.06152885788307484
CC_51C253BE4FA2,0.36398450009481753
CC_51C2A076013B,0.39904234281492046
CC_51C2F2335CB3,0.198792888528284
CC_51C5FE9BAA71,0.22419452080982233
CC_51C7C9DF800B,0.5921674749386402
CC_51CD4C83CA42,0.35203713081959076
CC_51D0DA4B2D6E,0.15216232349844502
CC_51D29DBF738B,0.08175708402101996
CC_51D32DEDC55A,0.7198687231850966
CC_51D565F77B4B,0.1104388492308909
CC_51D6549D3AB5,0.2271088296682274
CC_51D87FF81BF1,0.09320705661653231
CC_51E041168B7E,0.11778870853009901
CC_51E45DF863C8,0.12423908523737945
CC_51E46F92A290,0.1915025383041376
CC_51E492E8F6FC,0.14184241098090358
CC_51E5A1BE306B,0.12197681932761217
CC_51E685A9D2FF,0.12449844822034192
CC_51ECA4FD0097,0.11859031522641625
CC_51F112EA7EAC,0.7323781071058962
CC_51F4C9A824A9,0.13887005925216817
CC_51F4D78C1A22,0.4118597924093095
CC_51F9A2F446C5,0.06080435746378312
CC_51FEC975D6CE,0.4599745818016273
CC_5205E67F2F4A,0.15560235785637594
CC_520697FAB09E,0.230914115394732
CC_52074362F80F,0.23652989552076892
CC_520955B23C06,0.25678776688689753
CC_520D7DBDBC96,0.06342534789349044
CC_520EEA191200,0.5165453745408487
CC_5211100E8C98,0.11479840401518164
CC_52119B8913B0,0.13438308176260347
CC_52179C30B2A6,0.19197030430958953
CC_5217DBD1C516,0.22890787802874576
CC_52189D809638,0.5103243340483019
CC_521F26C83117,0.08698263519313902
CC_5226061A321B,0.4005871421779186
CC_522ADEF6970D,0.15940315549393458
CC_522D8C6D04EF,0.14416209065931967
CC_522DEE30B2FA,0.10450915220194756
CC_522E6EFCCB96,0.7475793460850121
CC_522E7E5B30DF,0.09666085472102277
CC_52348EB33F67,0.2275768338358569
CC_523524C93DD2,0.14566995223878348
CC_5235E86519E2,0.11363696481479643
CC_523790A0EDE4,0.14421356631576526
CC_523FAD00E1B8,0.3815472418354321
CC_524242992152,0.05954171401885792
CC_5249753F2118,0.04552089572006997
CC_524997011381,0.03736838740751004
CC_5249EF1D9C54,0.12400394434431738
CC_524B259F30B7,0.2411181542327742
CC_524F2362BA0C,0.23088088002636434
CC_525841E35FC4,0.07915274428749121
CC_52599869399F,0.09091215547449392
CC_525DE54AAF0C,0.5334117293493931
CC_525F44A9BC23,0.14361182296176087
CC_5261E4230012,0.07743640521007993
CC_526806FB1089,0.30984401553459284
CC_5268A26DF7E6,0.1681768988060965
CC_526AEAD032C1,0.12060546520622317
CC_526B2C6CDA2E,0.11708273672600937
CC_526FFA27CA00,0.0523136294789995
CC_52718609C6B4,0.20025679123654108
CC_5275F401BFE2,0.11433457770534268
CC_52799ACC9FCD,0.08512097058068534
CC_527A92CED04B,0.04367674059419417
CC_527B4E189936,0.13175010573352006
CC_527FA5BB2528,0.1351918230446344
CC_528545CCBEB6,0.08773504757675184
CC_528678AFD80A,0.7965083428954315
CC_5289264F148C,0.11920000751108864
CC_528E7A879039,0.152567198468986
CC_528FEDCE89E4,0.04389712106274428
CC_5291DD6970C7,0.21468406130121065
CC_529222C65CC4,0.0515452052670376
CC_52934D37B95D,0.0864538081563911
CC_529760FC6CAC,0.05235440130645007
CC_5299D93AAA75,0.20485743173461332
CC_529F1068DD66,0.5735001740002551
CC_52ACA593E714,0.1585764801345234
CC_52B10A33347D,0.09093295275178544
CC_52B303EC10ED,0.04360868475925366
CC_52B828AA0B5F,0.08759368591488444
CC_52B82D36D77F,0.10252561619212434
CC_52B8E92A9540,0.39034248152072026
CC_52BA24EF8D7C,0.0655783338338252
CC_52BCCAF4CF9A,0.04535218157137534
CC_52BEE2DC9A96,0.13330952471944277
CC_52BF111CD5F4,0.42690102058868024
CC_52BFD75F43E8,0.1286918923335005
CC_52C3C6F51CF1,0.15644405852074272
CC_52C511062C95,0.10922938954082093
CC_52C76330C94D,0.08823415727361147
CC_52CA3061BCC7,0.282777791197981
CC_52CB8CAC0324,0.25800967615141407
CC_52CF1712E225,0.0776081071440575
CC_52D2D43B540B,0.05860056226525882
CC_52D338ADF1F1,0.775300449388636
CC_52D40BFC2627,0.3455494875718721
CC_52D432339A3F,0.240182558427309
CC_52D595F54A38,0.07553662316889602
CC_52D9070F050F,0.1133933196606326
CC_52D9D9035527,0.042581997471421766
CC_52DBF46FC2E8,0.19759267700841104
CC_52DD4118CADC,0.31400503347533115
CC_52DFD0F1CA3D,0.15440512508227638
CC_52E18755EB51,0.06496529713575479
CC_52E36F0B63A6,0.23919227108068988
CC_52E54CE28FE3,0.05754033510385478
CC_52E5BB6C5C96,0.21348022636047434
CC_52F86FB44A02,0.12622284110604282
CC_52F8C5372EEE,0.1736420341926662
CC_52FCF88C1403,0.0374584623299887
CC_52FEA5BC3CF5,0.11316334565820849
CC_5308D3D0083B,0.7797159363708656
CC_530DE7ED6C94,0.0507818602222174
CC_530F623DE0B2,0.18760040218835378
CC_530FA5955672,0.3617542034150393
CC_531F9DD592A2,0.6600551605972373
CC_53227A51E492,0.11954039243875289
CC_5328AE44B14F,0.10603537405946437
CC_5328F8040F20,0.14714818960328663
CC_53290F387736,0.08644072764751248
CC_532CBD0B50C2,0.1038421399943078
CC_532DAE6C1707,0.6785804726916234
CC_53345B4AF3FE,0.6093903992685513
CC_533547B47BAB,0.04467059576147513
CC_533D31AC0F6B,0.05833371320017696
CC_533D5FFA0FF9,0.18510488030172084
CC_5347928DE670,0.12186435442092436
CC_534855615C02,0.10116803628280109
CC_534A6C4FF783,0.14844361333379885
CC_534C041DAA08,0.25058879495528297
CC_534C34E9CE85,0.08953833393326273
CC_534FDDF7B954,0.36448631307748414
CC_535083BEF944,0.6617236074636347
CC_5352CFCF939C,0.11640028852842906
CC_53536E9D2FB5,0.24287119372272437
CC_53546D720BD6,0.05354303264505829
CC_5354B0D209B7,0.47917230466111826
CC_535544DB81B7,0.6159801173397454
CC_53612F5E8BD6,0.6970385296284467
CC_53618EE78A97,0.4750250780619985
CC_5361CDF13DD4,0.0746109644513576
CC_5364D9FA666A,0.19068076055311037
CC_5365051097B0,0.20676964248148894
CC_5366A7AADC7C,0.05023925579833719
CC_5366F331A847,0.08405035241839638
CC_53671DC856B3,0.4549567647975758
CC_536725007606,0.2744153815767857
CC_53682850B448,0.13232162891199206
CC_53693EF069F6,0.7683333127332921
CC_536D631D2AE9,0.13594418233471145
CC_5371777947C8,0.07434433765372311
CC_537A206043F7,0.336256140018558
CC_537C74E15784,0.3294297109706622
CC_538747082B4B,0.0786277090603655
CC_538890E74744,0.05182869283247471
CC_538F068BFF88,0.0872938556474176
CC_538F52B6CD62,0.25513206584356485
CC_539EC292E8D7,0.2611826971206585
CC_53A2BFC45E6D,0.21426314679308417
CC_53A4CB9E9F4F,0.25025989497534706
CC_53A6E42A6C44,0.1544496742875923
CC_53ACE46E94AB,0.32150608209305187
CC_53AD4AD1EDB1,0.04974083472699213
CC_53AE0812192D,0.07309358591532247
CC_53B056495720,0.14547013589960162
CC_53B44260F4ED,0.07479582603407293
CC_53B455360BBE,0.08572352051485453
CC_53B7E56836F8,0.0914154971389363
CC_53BA0BF9F647,0.16382403846118176
CC_53BAF38D7246,0.28434432727967
CC_53BBAC5C5220,0.16053820304184557
CC_53BBE48B90B7,0.7471102101185594
CC_53BD00103BAE,0.09335147410847973
CC_53BD98CFEBEE,0.06808239271242142
CC_53BDF1283909,0.1306927105028684
CC_53C013705B92,0.05687268046222258
CC_53C460413C51,0.19427574957570287
CC_53C7990E5CF3,0.30205553332588836
CC_53C7EAD542B0,0.47616717928161656
CC_53C81D92BC43,0.7811781473011443
CC_53CA12C23B96,0.14774925974324765
CC_53CCDB82C65C,0.129430540876119
CC_53CDB5C3FFA2,0.7492790192035081
CC_53CF6B1366FC,0.6790369502293011
CC_53CF8729AF6C,0.06377643315341607
CC_53D1F1B39F65,0.4458826770162621
CC_53D2AF41D185,0.11526956139502471
CC_53D36F6384C1,0.7659173694356802
CC_53D4AF5ECF1A,0.09161383284501126
CC_53D7700D767D,0.05958373474423505
CC_53D84CB8B388,0.09285735535452148
CC_53D897663573,0.3439463705928366
CC_53DBE8A27D1E,0.14648851985962777
CC_53DD769058DB,0.0519712215545424
CC_53E2924DF91F,0.3334201155838355
CC_53E5EEECDDD0,0.1692543339516311
CC_53E8CCD20897,0.05465057032231977
CC_53EC5AE193DF,0.10731362141725335
CC_53EFB50C13DB,0.11856603393430883
CC_53F4FE971A89,0.12245615289846686
CC_53FBEF397F28,0.5634270330373135
CC_5400DDE810E3,0.22819127987575022
CC_5404CC504B3D,0.13756387670725437
CC_54087F3E5F5F,0.19626519533244582
CC_54090F416C26,0.1732860087837697
CC_541082E0B2F5,0.09565474580137837
CC_5411DBBA3AF6,0.12577591344710545
CC_5413B3D25841,0.10153076695597148
CC_5417CCD9EC43,0.287768029084605
CC_5418E7090CEA,0.05209603140455854
CC_541A775A6C25,0.6875838977767605
CC_541C0F442291,0.07006064417765942
CC_5420717F549A,0.18843708350112323
CC_5422BAF41A0F,0.7461352411169789
CC_542715A544BD,0.05895272178945874
CC_542B3CA177BC,0.16339234353102713
CC_542B859767C7,0.07995630891385905
CC_542CFB4E9D35,0.15996013918317403
CC_542F9EF8092C,0.06382970318605988
CC_54315DCA69D3,0.13544265684763832
CC_5432002BC146,0.204518737310088
CC_54333A2DFE1F,0.5249590759844127
CC_5435BE08D9F8,0.08847837181680272
CC_5438EA76F6DF,0.09442308088401016
CC_543DC8FEA9C8,0.041263593920465
CC_5443D94B038E,0.20068224662224593
CC_5443E14A2E4B,0.3219268156295747
CC_54485F5251F1,0.1547979983942875
CC_544B4470BC3C,0.38210212535378
CC_544CD04EEEDE,0.07252791033591713
CC_5450CED3F1DC,0.33702048363335957
CC_545432B07FB7,0.07195674693340318
CC_54549EC067BB,0.08085834924139416
CC_5455C27D6578,0.16838235129683649
CC_545720912789,0.13044612434162517
CC_545741596F9A,0.18051692191608842
CC_545E2784ACE1,0.11790632562956879
CC_54621BA34F1D,0.0974133420254158
CC_546234D56722,0.13044866952753584
CC_5467A0818F63,0.04005203421960076
CC_5469922A8289,0.14096994764101675
CC_546A396B33B8,0.41099047199953986
CC_546AD79E05FC,0.30266047580705585
CC_546D57213C5E,0.17117793960558694
CC_547ACDD9539D,0.13392751737101707
CC_547ADCB02F2E,0.2109721715068728
CC_547D6344B932,0.7844949628567448
CC_547F762C345A,0.09628082495473829
CC_548442290E7E,0.13439326700138637
CC_5484A217C5F2,0.2608952862789272
CC_5484D2C9E9CF,0.3911608919209729
CC_5485C54631EF,0.08638395126618688
CC_548883A976C8,0.22207482386059424
CC_548BAF6862D4,0.15476994879306866
CC_548C6D17F6CF,0.1347634413126165
CC_548D53834FE1,0.40913489075304244
CC_5491F17F6777,0.15341605413084441
CC_5491FB974210,0.0446963381628212
CC_5493684ED7A6,0.08417603779600126
CC_549D5EC443C9,0.41191549838091823
CC_549D5FD638D0,0.07457305962670895
CC_549ED3D2D408,0.19231658713079489
CC_54A22FC72438,0.13127271979767657
CC_54A3A7F4996C,0.08939467393296034
CC_54A61CE6053B,0.06111397477184892
CC_54A629EC6083,0.046668799538601216
CC_54A78F338B06,0.1758397804163274
CC_54A8BECC56A1,0.21474810729620236
CC_54A999C44A41,0.1808617680071671
CC_54B8E5CA8992,0.11351336604838927
CC_54BD450690FD,0.1872764029297629
CC_54C540122853,0.10817614087548758
CC_54C622E3B8AD,0.20884932228279557
CC_54C6BD74CB14,0.19679726059701355
CC_54C735F51FC6,0.08902856581121452
CC_54C7CBC27D54,0.05301708631000466
CC_54C9802B9A4D,0.1391070257913743
CC_54CD890AE441,0.10278067400645156
CC_54D1A4CF00CD,0.0535131433456714
CC_54D1BA63E168,0.0985893626486645
CC_54D4D9CFA966,0.25749869316714935
CC_54D9E6D2A561,0.12684836503720365
CC_54DA52B7D46D,0.15280829088392034
CC_54DA7F2E7E7F,0.14200425178831796
CC_54DB1519F492,0.253108171512667
CC_54DC6B6C4A1E,0.23529845890901585
CC_54DD5BF78A3A,0.6879472023201958
CC_54DDBAC9A429,0.08257113975965832
CC_54E2FEC7FC39,0.20300233663627626
CC_54E3480D8900,0.05111150280616774
CC_54E414DF3E84,0.03872081575817838
CC_54E42EDE0CA6,0.11314911183796254
CC_54E588DF7575,0.1838826924123635
CC_54E6280E19AA,0.17221413910062883
CC_54E82A23F37F,0.19472457370570803
CC_54E839C14CD3,0.35434005519077194
CC_54F0A02371C9,0.09146826991160177
CC_54F46186410D,0.6919994318051323
CC_54F4AB6178D2,0.7631896352189746
CC_54F52046F7A5,0.10305291060225433
CC_54F77E1412C2,0.0881227142392108
CC_54F9867C6A5A,0.4762465686783369
CC_54FA12E54D06,0.3069908228324697
CC_54FC900316A8,0.7590615194926584
CC_54FDFFD3E338,0.4037778371996693
CC_5500452915DC,0.03997201059402285
CC_55013CDEF9BE,0.09451496221120917
CC_550462476657,0.19801117306332597
CC_55047E38C5F4,0.11443773790349147
CC_5504BB68425F,0.18288151239930298
CC_5505A6A98078,0.11085132209936069
CC_5505B3F96453,0.32436995884256936
CC_550837440A9B,0.08638182069785717
CC_5511DDD1A9E7,0.1151982398737426
CC_55146E6B47AA,0.07595702447021542
CC_5517CE2F262C,0.2029038675307385
CC_551872CA8789,0.25717528836740156
CC_5519304A3010,0.10921668971190841
CC_551F3CAD69BD,0.19516993178580128
CC_5521CD69E00D,0.5182573983289263
CC_5521F8014D83,0.17866001916737673
CC_552290D721CB,0.12644264501241384
CC_552B0B6A0154,0.07368650518493067
CC_552C7D68F9FC,0.0732451501176044
CC_552E6D46AD46,0.16940883698175474
CC_55335E6605F7,0.6222663419050625
CC_5534CAECD276,0.3304848227962873
CC_5534CCE26E1E,0.3819697285048262
CC_553967B0B074,0.06767989053443227
CC_553D40400205,0.1989031551213862
CC_553F2092A2ED,0.2576465684101429
CC_553F3ED5381A,0.12269713279511016
CC_554143DA79D1,0.09722874171452568
CC_5545B1C48F83,0.3167155063651756
CC_554BA9A7CECD,0.07335502435067631
CC_554BCE69A5DA,0.29343104561399475
CC_55535F8AD62A,0.09991842191021208
CC_5557FB7E41F8,0.36256595933669516
CC_555E35CC12BD,0.7750550584463838
CC_555F4DDCAE5D,0.08561924331566863
CC_5560AEB07F46,0.05546661466320665
CC_55630F0BEBAF,0.6055869278294844
CC_5563968B410B,0.7631914762576961
CC_5563FA7B041C,0.30823522088285316
CC_55640597B667,0.5130301831698404
CC_5565C567DBB5,0.20495230666715497
CC_5569B91E6EFA,0.1306782032962178
CC_556AD180A809,0.2872824142149784
CC_557B6913F9AA,0.4833430696201792
CC_557DFB602DCD,0.21248024275669222
CC_5583836C698A,0.15884888762239904
CC_5583CA31D3CF,0.08635353283906214
CC_558421DD4439,0.11194095133316462
CC_5587C335EFFE,0.16440531821149756
CC_5594ACB500D2,0.11373314900552098
CC_559570C9DBD0,0.08786774004550357
CC_55A082311C12,0.12558973589756656
CC_55A5FCFDE8E8,0.4640072320915175
CC_55A801704217,0.39839205867225536
CC_55A9D1918259,0.1950937306422992
CC_55AA53CBE65E,0.14702807893927947
CC_55AB249FA94A,0.05731795858847647
CC_55AED2052954,0.2370572060015128
CC_55B1438D301B,0.1282629205411298
CC_55B23BE7CE4F,0.1732120937670861
CC_55B51D4E3F02,0.10121388444147397
CC_55B9391CBDD0,0.35354920617944113
CC_55B95428280E,0.341768071242696
CC_55B9CBB1ECB2,0.09973522830036372
CC_55BAA139E339,0.04999097415753517
CC_55BADEC1F0E0,0.18994176816506722
CC_55BCB73ADF58,0.09865948016628052
CC_55C4A86DC416,0.2138767331842512
CC_55C4F4CCFE64,0.04811661178676263
CC_55C6A2971CE9,0.1550744243166756
CC_55C6ACE776F0,0.2188494591098434
CC_55C93BBB1F24,0.0692012625106557
CC_55C9BC649903,0.09740344232577439
CC_55CA24F9EDCA,0.6601247045016961
CC_55CDF231ABBF,0.10758800847048366
CC_55CE4FE850E4,0.21596906444980304
CC_55D4252535D7,0.1482354757101658
CC_55D58B3C3AB3,0.11346478472387711
CC_55D6E3C32895,0.1232936846551578
CC_55D8CB1A441F,0.35527491867549815
CC_55DA7718BA11,0.3050816355260769
CC_55DBB69B28CC,0.2848247714275804
CC_55DBD38484BA,0.11920951754398194
CC_55DCCD2781F7,0.6483734850841864
CC_55DF667AA522,0.2599654652088243
CC_55DFD6738715,0.3131395118892245
CC_55E5EAAB0CE8,0.08898145760724326
CC_55E761BC7083,0.44651238681411376
CC_55EC441C46B3,0.47365921916127157
CC_55EE69A045DF,0.12318523228345424
CC_55F08C992148,0.09771998828264698
CC_55F1E12BBBF5,0.07334582797236797
CC_55F5FD744E0E,0.3956645456185782
CC_55F765825511,0.21178883728196393
CC_55FCF498CF57,0.16642565518528651
CC_55FDB0DEC0CF,0.24155841078866577
CC_55FEC892B2AD,0.14706469816124043
CC_5604CD337BEF,0.7846953329560227
CC_5605997177BE,0.207015506353104
CC_5606550FA20F,0.07297455985539691
CC_5609F1368243,0.05823056909515363
CC_560D117192C3,0.20196278495285944
CC_560DE3219D00,0.168177838786284
CC_56107EC5DCD1,0.19267330252871342
CC_5610E3AAF253,0.05264500961260029
CC_56110F3FE3F6,0.12830402292373538
CC_56123E68C1C3,0.20877691111897537
CC_561A1DED284D,0.1847617595890117
CC_561C96C9B80F,0.6844993919541009
CC_561DE9DA7204,0.18356802064967512
CC_561FBF36794A,0.5167583408311389
CC_562561AF5569,0.1183130106831852
CC_562B7D70C055,0.16746927637461267
CC_562F79F6405B,0.13365052652758444
CC_5630805757EF,0.26854103467480434
CC_5631D9B678AA,0.09346963266100428
CC_563599C7C0BC,0.06219179800840722
CC_5635D4906451,0.5469491854217794
CC_563874AFDBD8,0.064248711372273
CC_563EFEB79464,0.46889827274927687
CC_5642D4E04ED8,0.15675131435166836
CC_56480401B816,0.05209701156611838
CC_564896BE8B0C,0.06545974874264418
CC_564CE4229C7A,0.24734600528132464
CC_564D7F1E2FD7,0.3090962635371752
CC_564ED67BD892,0.2838294983255985
CC_565130EB4512,0.5876050208542432
CC_56525C936BB0,0.260798420372539
CC_565A3E852B84,0.058012124680432875
CC_56669D97DB12,0.7240119153351146
CC_566745D8628B,0.10952133399994106
CC_566921509E53,0.14295839729184334
CC_566E0436722B,0.09869444418479606
CC_56768A4461E0,0.713300549145049
CC_56778B68B2D0,0.05875298741488242
CC_56781BFFB083,0.12824716981464307
CC_567BD9746B97,0.11594379131338395
CC_567D52DBFB3B,0.06377050399101038
CC_567F525F48E9,0.3860828161723309
CC_567F6360EC65,0.1430393639734061
CC_5681F1081587,0.33254453738659967
CC_5687FC8E5342,0.21202944480698593
CC_5688794FB341,0.12344071316790976
CC_568BCC73EE38,0.0706069672706424
CC_568C7A880CB1,0.04048983614151956
CC_56917BBD0FB1,0.052620400858301386
CC_5695FA9507B9,0.10465985133295952
CC_56988C3A6668,0.148966763568267
CC_569937F52AF3,0.25019239659991316
CC_569EF611FB63,0.049148081413750065
CC_56A6D11717AC,0.035950105842270944
CC_56A778A6DD01,0.07212709600803924
CC_56A88D81324B,0.07492717075388386
CC_56B97C1B1C38,0.09678624138997866
CC_56BA6DB49EEA,0.06011887271294376
CC_56BF600C4312,0.09319584107700382
CC_56C027EED273,0.7455373588543008
CC_56C8E55575AF,0.7822050346802303
CC_56CA219EBB06,0.5147630186763481
CC_56CBE62B803A,0.1138665590815083
CC_56CC23BAAAA3,0.19033214007483873
CC_56D272B6C508,0.5349043756633721
CC_56D2F11462B8,0.05986799052929163
CC_56D9B8307142,0.4064295777907794
CC_56DBB5004ED4,0.32892202249340463
CC_56E751672A5E,0.10946724552699613
CC_56E97BB95CBE,0.7605598183299758
CC_56EFAD53614A,0.7772917986575258
CC_56F4824B7590,0.1899055298998585
CC_56F5252F5C16,0.14813555187412228
CC_56F7071B06BC,0.031890609119517827
CC_56F82F2290B2,0.13175370948363152
CC_56F8779BE919,0.14505424085438098
CC_56FBE78EC967,0.19128503395674767
CC_57002C320C96,0.3557947062368359
CC_5701029A02E0,0.12800278717184377
CC_57047EF3803A,0.4497140587582565
CC_57078204962B,0.7118278786197406
CC_570922042A88,0.10147552227993066
CC_570D7FE36B3D,0.3221472995927849
CC_57115B2BFE17,0.12855507374991024
CC_571607A0AE1A,0.17015772297340187
CC_5716A455B822,0.4500426566238918
CC_571925946DFB,0.10763340432240547
CC_5719A71BA47D,0.10539725672161844
CC_571BDEC53A17,0.13417826096315827
CC_571D283BBCFE,0.17962753872879117
CC_571F55A9552E,0.04754778657394728
CC_57215A40996B,0.2182683771794419
CC_5721C798C996,0.12788123643134983
CC_57237413B9EF,0.20975811271560163
CC_572448AD9046,0.22557946634009202
CC_5728B49F4564,0.17591478218133355
CC_5729599F26BE,0.23161476506111436
CC_5729813D19D2,0.10290608552256797
CC_572995869383,0.05835608721523936
CC_5729E71E16E1,0.6401978144674952
CC_57336E600FC8,0.6446809248724369
CC_57342A8AB7B1,0.03572533459366351
CC_573480AF426E,0.5897038284198455
CC_57368A6D48DB,0.05556105872033942
CC_5736948ED15E,0.08266010381856231
CC_573AA931727F,0.23087995182285942
CC_573AFD818446,0.17157028414816972
CC_573D28944056,0.49245195764537997
CC_57404B0D8FAA,0.04672141501455725
CC_574170466BA9,0.24470807368091485
CC_5741D872BF63,0.09262642716207582
CC_57439E75082E,0.11694346919169012
CC_574502DD5BF9,0.12358830049934062
CC_574AC21A10CB,0.2601825016217335
CC_5750F7977F9B,0.05450560093013694
CC_5751D6A33332,0.5316259419026601
CC_5754317083C5,0.0820496223443398
CC_57575474E4B7,0.2425805542997574
CC_575F3DCC3810,0.164110502893615
CC_57606EB3294C,0.5391206806455016
CC_5760AAC4C8AC,0.18629070227554353
CC_5761FD7C3306,0.28380815093322587
CC_576229CB68C1,0.06470287230734308
CC_576344B49AB9,0.04088450245983449
CC_57677F2B1A35,0.05722913234259717
CC_576846C272DD,0.6666252845384824
CC_576C5F5180A0,0.12801788134705647
CC_576CD68BCCCA,0.26814735148676094
CC_577247B8D748,0.06575787036214838
CC_577621627C82,0.18850527043912568
CC_577AC7A06E10,0.7112222300880042
CC_577C7B6449FA,0.13572977605527722
CC_577DCB522259,0.07584816046630546
CC_577DD48184FC,0.0578751087227371
CC_577F6FCFE8BB,0.08577075119169845
CC_5780EB20018A,0.15277793653780475
CC_578161358EAA,0.08135659810196298
CC_5781724D28AE,0.08602654577611775
CC_578194927C80,0.15137214719213316
CC_5781FC88F2AD,0.23223645422381672
CC_578520D4F055,0.39987115935177553
CC_57875CC2F400,0.1440484576707524
CC_5787F014FB04,0.15061341363218853
CC_5789715CACBD,0.6933340602853262
CC_578A95316ABF,0.6394129640000853
CC_578B17E8FBCC,0.09968181196745513
CC_578DD14F82FD,0.10696497264642155
CC_578DD2320ACA,0.1450046834187084
CC_5791F3F9E9FD,0.07749862800246171
CC_5796C9F03371,0.18772303914108845
CC_57A1F681AD68,0.6810129784050951
CC_57A467B9A500,0.02902216647855834
CC_57A4690C5814,0.09877811509302568
CC_57A4F8A3A82D,0.12787972402603182
CC_57A775902BC2,0.7448517401108672
CC_57ABE4EEDB91,0.07720756781425503
CC_57B02E2FA906,0.168045506892552
CC_57B6C0E7B766,0.4313344810648556
CC_57BD3AB57D65,0.18704880066891888
CC_57C00E89DD92,0.7235951442514367
CC_57C0B39268EC,0.05017042716973269
CC_57C2A410959E,0.1733820645258491
CC_57CA8492DF37,0.09353265150224327
CC_57CB489AF151,0.11576046965798874
CC_57CE144C095E,0.0857093855368892
CC_57D36988CFEF,0.1572463531867263
CC_57D37B348807,0.14686983593618871
CC_57D6C3D00CD7,0.3911619957156158
CC_57E67826FAA4,0.0687917372770382
CC_57E6DE93D701,0.12129150050035838
CC_57E6EB0DFDB8,0.3002902978708836
CC_57E708EF3F7C,0.07121767160273193
CC_57EB9594ED3B,0.05037872112535106
CC_57F3977E73C2,0.37161343852942014
CC_57F752ED44F4,0.59860211478545
CC_57F7D4863BA6,0.07131389730856738
CC_57F936E1093A,0.7401597684134131
CC_57FA0AEE0A88,0.06804446981413505
CC_57FD84AC569D,0.04958626401812886
CC_5802E49908BD,0.20766859335179838
CC_5804F2DF5B4B,0.15700513185552567
CC_580517120DF3,0.2313203965115574
CC_58071EED583C,0.6438030002198358
CC_58088521D48F,0.05152254319249211
CC_580B4EE7C1B6,0.23511018992947683
CC_58122CC93D3A,0.7558836548302067
CC_581432BF43DD,0.635079289807502
CC_5820351A4D3B,0.2993559620302835
CC_5823A40DF6C3,0.7483075887041313
CC_5823C727EAB2,0.06476851952750266
CC_5824B0571BDA,0.13570470772112747
CC_5826968E74FC,0.07047194608004322
CC_582894552069,0.6966536995147858
CC_582A2C839597,0.08433759773720909
CC_582E3FDC7E03,0.2236716831826267
CC_58333942E713,0.030678020723341977
CC_5835D3BC4641,0.22417572666280122
CC_583654CE63B3,0.1719307100401083
CC_58379D089A68,0.18957519817934546
CC_584100BD5DBF,0.06488191193219418
CC_58440C7D861B,0.4864040577623456
CC_584655290ED4,0.08729595278551826
CC_58469FD0244D,0.44465847563681127
CC_584BFFC83C5A,0.03780745852228844
CC_584FB8D54CF5,0.07077895395281691
CC_584FF77EEB27,0.42018863045153426
CC_5852ABDFE9F4,0.1836224538531645
CC_585402F3DB8B,0.22203690144284355
CC_585423039E59,0.2227965665196713
CC_5856EE2A3145,0.06237896834199598
CC_5857848D1B1B,0.1090808545728941
CC_585D6D7400EC,0.6321211617398272
CC_585DF1F20D97,0.05706221154368405
CC_58645AFF4CAD,0.09382249189433192
CC_5868B8B7A8FC,0.07449893472655253
CC_586AA422D12F,0.4374593067060924
CC_586DBDC85DE7,0.6657000370292139
CC_586E8B823ED2,0.26824534286302393
CC_586F2B3AA5A1,0.6934188240217801
CC_587AAA4C8E7B,0.2734504519508255
CC_587D6724F48A,0.12908573012050012
CC_587DA51DB167,0.22730988204987104
CC_5882E01FB9B2,0.7633211897613016
CC_5882F91F29B3,0.5053833150409097
CC_5883422CA960,0.1448648874394149
CC_5883B6CBE37C,0.25335644965595006
CC_5884EEC8B2D0,0.1315998639850969
CC_588794152C6D,0.11902396117671281
CC_588822899083,0.4357845965758596
CC_5888DB6A27BA,0.1081014743701231
CC_588ADE419EF3,0.6865813325112036
CC_5890B3E57E4E,0.08498769397845012
CC_5894CDDE2E51,0.19640170065319856
CC_5896595E278E,0.14734406283870186
CC_589817F23CFE,0.05203247928199063
CC_589844A52ACB,0.04083769053885401
CC_589847195F1A,0.11635234056457963
CC_5898AB7CCA04,0.16475345103508543
CC_589D798BA40A,0.2462909912700746
CC_58A03B3ACF58,0.12102864761078691
CC_58A1D9E0131D,0.27152377091643504
CC_58A9776D8FD8,0.23870704507380563
CC_58AAB22B1226,0.06041868012064048
CC_58ACE911C029,0.04031089828169856
CC_58AF464C9AB6,0.04686140903092796
CC_58B1245E766F,0.10128212110862667
CC_58B299FE2444,0.06318927060868385
CC_58B5158A2CDF,0.7228620827316565
CC_58B61BDF331B,0.2062607808328682
CC_58B7FB042D82,0.06042881419304104
CC_58C9DA7AE891,0.18086334563993747
CC_58CD308C8ED8,0.10918467529162865
CC_58CD88CC25FC,0.40868886356163714
CC_58CDC5BDBBA9,0.34030651754433733
CC_58CE713913A3,0.06366817651908613
CC_58CEF8C45010,0.06008340602077762
CC_58CF7FB744C5,0.15473266369499047
CC_58D232DD083D,0.11318534230832941
CC_58D2409F7978,0.09650673152385449
CC_58D3D8369F18,0.10209103103849078
CC_58D49AC23ABE,0.5835938589028453
CC_58D96FA01F21,0.09529629931710369
CC_58DA887D5A88,0.2104416407838189
CC_58DAE4A33A08,0.3441284900686893
CC_58DC700A7682,0.1653392986181613
CC_58E07273A266,0.2812368743588665
CC_58E4F311CF66,0.2360940061967057
CC_58EB19C62750,0.574607029166392
CC_58EEF30FEAA2,0.7682868710011491
CC_58F087C47C19,0.2516145935221469
CC_58F1EEA5B6CC,0.04992747462722707
CC_58F5620D0130,0.17862812724728225
CC_58F84E9040DA,0.21853508360894577
CC_58FB0A8682EB,0.08890854797393839
CC_5900B5F3D57F,0.3295633815720416
CC_5908FFF02CD1,0.3617445957367269
CC_590BA63FE80B,0.23966640870063532
CC_590BF9561936,0.1474999964636116
CC_59114A0440CC,0.6763436276054803
CC_59130793832A,0.08594494821893608
CC_59157904E34F,0.263757524531427
CC_592124FBDC07,0.7543031660991905
CC_592220A1C8E3,0.13430372362795032
CC_5923A8B4A8DC,0.1428116500148641
CC_5923B882788D,0.11888910078481121
CC_592484E7BB5A,0.632598555109914
CC_592700B83437,0.44411697922195836
CC_592938F6781A,0.11484042822717637
CC_592B5A0405A7,0.1446776656178348
CC_592E4C049C88,0.07241568600960811
CC_592F81CB56FF,0.07110912555985419
CC_593117BD4B3B,0.12567655870275257
CC_5932D3AE3ECF,0.19671752458980285
CC_59365DA3A112,0.289740263003968
CC_593979F32C27,0.42297283494772425
CC_593DBF92E343,0.1679589884555415
CC_5941865FE802,0.1135430022312919
CC_5944C9222134,0.13950439179104976
CC_594AB44222D9,0.03969928004252292
CC_594E9A7C988B,0.09289307716050682
CC_59558FB3F6CD,0.1391209167128117
CC_595720F4AE9A,0.13747023078115747
CC_595DD9352D1A,0.10499111850470093
CC_59605A740FEA,0.21685254698491424
CC_5961FA0A97ED,0.03546051497827013
CC_59620FD3713F,0.19372379067403128
CC_59628D797949,0.300900183503008
CC_5966AAB8330A,0.752565732723651
CC_596C001B0828,0.048146178897566325
CC_596E8E230877,0.058882429005346106
CC_5971EF075BF0,0.2260651891350589
CC_59783D3A62FC,0.1986242061204499
CC_59797E676623,0.05364726416537406
CC_597A3975BA20,0.24446018424503232
CC_597D2050AC07,0.059238568749999845
CC_5981145C6288,0.1939712923088111
CC_5981D60B6F66,0.11760867729158238
CC_5985084B4858,0.13103981583522398
CC_598591E3E589,0.08651619727351154
CC_599256E05A0B,0.07968874300213867
CC_5992FDA6B3F0,0.1539938745180765
CC_599462E87CCF,0.08498725220797691
CC_5996F214A014,0.06791088391410302
CC_5999674FD3A6,0.3218973576631846
CC_5999A18D6688,0.0781879908963178
CC_5999CAD4E859,0.35161934951390234
CC_599A2C545F05,0.22352954139075787
CC_59ADBC0765F7,0.0433856509627891
CC_59AE1ED18EE5,0.03450339228625581
CC_59AED9C57185,0.42334409065783307
CC_59AFAABC619C,0.2608925323814574
CC_59B3E5922AED,0.169451855241967
CC_59B40016503B,0.33400473296835936
CC_59B4D47E53D5,0.5357808587502387
CC_59B52E03A2DD,0.42354913266841193
CC_59BD370A7A56,0.05046975018398957
CC_59BD8594EFA8,0.08018994104781384
CC_59BEA0024DCE,0.25482108356121347
CC_59C04BE99C59,0.16964289072576352
CC_59C562681EAA,0.09225863478627977
CC_59C5A653C200,0.19299504149545343
CC_59C6631D3F5D,0.09371472854484242
CC_59CE67E07837,0.03870445896127072
CC_59CF26DE0916,0.16575149578779488
CC_59D2D98951F7,0.26607754166351805
CC_59D2EC8B28A3,0.6400121405083183
CC_59E456FAAA54,0.5606032500350673
CC_59E6ACEDC7B5,0.16604749118724477
CC_59E7B8727FF8,0.23427199740620647
CC_59ED20E6529B,0.14015761955193423
CC_59F406619831,0.6031479474809103
CC_59FB4385703F,0.19772481635359765
CC_59FFFD0F57B9,0.15674761334881443
CC_5A013CB43F65,0.11587937845677058
CC_5A0339AC2651,0.23928551117958424
CC_5A03BCF9550E,0.09194361471867074
CC_5A04BC8EB3C7,0.10415972133955645
CC_5A076EFF11BF,0.08621276580452404
CC_5A08C2022BE5,0.23927953803838836
CC_5A0AF639240C,0.0754337667491427
CC_5A0F0547321D,0.14166197976964393
CC_5A12A6C81144,0.31145469389032066
CC_5A142F4CEF76,0.2503512525536188
CC_5A15269194A4,0.22947565157899957
CC_5A15457FAF7B,0.2099861351040227
CC_5A154F5F054E,0.05156641135765476
CC_5A163F467726,0.1931265075247021
CC_5A16CB731879,0.13639137103973048
CC_5A176AAA3069,0.5589195632636599
CC_5A1996EFFED3,0.09115763425735392
CC_5A1B8FD9D64F,0.16739417028958806
CC_5A1E5E3D1C9C,0.11853016486686938
CC_5A1E990E2B1E,0.18713908515562216
CC_5A20001063C9,0.06799911760555519
CC_5A23FB5B2E1C,0.6546628131155414
CC_5A24DE065436,0.13059665349967
CC_5A286536F2A5,0.05729038342135516
CC_5A2F49A569FA,0.1814805557759305
CC_5A325901B64D,0.11322304782291914
CC_5A348D51A7B2,0.07021708499414717
CC_5A34A9B1E1CB,0.08774316536751177
CC_5A373A5207AF,0.10457630067889515
CC_5A37EC2D820F,0.06782379704594439
CC_5A39DB502062,0.7661719976585752
CC_5A3E351ABF54,0.24859720018728448
CC_5A49178E08A2,0.19247226552642832
CC_5A4B37559FBB,0.7211475057628225
CC_5A4BAF53AC62,0.20193707194021812
CC_5A55ECB92CE6,0.18113940759103922
CC_5A57C040113A,0.15075942065279033
CC_5A595524D8FD,0.07279522674544966
CC_5A5A56574DFF,0.08611377121403183
CC_5A5C08953FF9,0.35641939377975607
CC_5A5C3F778D36,0.15039193018975827
CC_5A5C8434C5D5,0.04363062296361413
CC_5A5E93C6F4B6,0.5646866918135385
CC_5A5F1C1F7905,0.1682767143744626
CC_5A6308822D47,0.40005922909684344
CC_5A6328755008,0.724472564528993
CC_5A64FCA23152,0.11372380432522025
CC_5A6829EE9022,0.6505847319443007
CC_5A685DF58C92,0.1386290911963114
CC_5A6FF2EB1FB4,0.05769189858057246
CC_5A72971F070B,0.09707926713218028
CC_5A7527137CA0,0.0596857070317509
CC_5A75D981E7EA,0.6667604642543246
CC_5A8034E0BF87,0.15326165753922555
CC_5A817C6BF339,0.07485376445668437
CC_5A83E62880C7,0.08931234887962781
CC_5A868AAEC96F,0.15280290074218592
CC_5A8A56929FCC,0.209922968489379
CC_5A8B5A192355,0.6198535077595577
CC_5A8B5D66B70A,0.05172515855783255
CC_5A8B83CCF918,0.1256943833953894
CC_5A8CA07E4060,0.20683709424028737
CC_5A8D5ABC0BAD,0.1084045166019525
CC_5A8EE1A345A0,0.4839382522871098
CC_5A8F8A4826E6,0.04888305813936996
CC_5A8FCB3BD9A8,0.3191363363772063
CC_5A95288103D2,0.1293136962596026
CC_5A9662EA2300,0.07302601118559489
CC_5A9A5BBD5CF1,0.159454741768035
CC_5AA00D592A24,0.3250698794549943
CC_5AA31ACE2332,0.034753108801407306
CC_5AA45B599FFD,0.16249327370458694
CC_5AA6A0FA7E65,0.10914209594467009
CC_5AA711CA5FC8,0.657746428220126
CC_5AA7778DA9DA,0.06129668777018552
CC_5AA7F5C04668,0.10668291631668178
CC_5AAA6C1A1622,0.08742697160746106
CC_5AAAC9C03C17,0.6986643575926019
CC_5AAB972054B0,0.7525832453188973
CC_5AACCAEFC895,0.10904813668011255
CC_5AB12E5BC79E,0.07715100455284649
CC_5AB175CB4372,0.15753556438056393
CC_5AB226B6C59A,0.23901557244035337
CC_5AB243D0F844,0.06373047655063387
CC_5AB5C0E3C42B,0.2560591380624052
CC_5AB73E728978,0.585067991390554
CC_5AB83BF50C80,0.15810573279738444
CC_5AB94738B2C2,0.30068996018238925
CC_5ABDA2B7C93F,0.14196800140282823
CC_5ABE0879FE8C,0.09784191801236826
CC_5ABEA15B5CC5,0.03925331079227079
CC_5ABF14322ED2,0.6499522793661814
CC_5AC23189FB34,0.11129598770157834
CC_5AC23D140081,0.25455942621059036
CC_5AC7586E4E6F,0.1991810757662426
CC_5AC77388ED13,0.19693482427613654
CC_5AC865E71599,0.09331324608248524
CC_5AC9707D7537,0.6483572390479182
CC_5ACF8EA85E56,0.14596449338394946
CC_5AD2546163C0,0.3507899085189993
CC_5AD50914D294,0.09475168459847824
CC_5AD55E10E239,0.31964616696650117
CC_5AD7F12D1D22,0.11808795435267436
CC_5AD8FE1989CB,0.13608117898992272
CC_5AD9338E7F37,0.23035899113965635
CC_5AE27B88549B,0.05088986439256562
CC_5AE4CDC380A1,0.7084036696010485
CC_5AE6F64CFDB5,0.22963023287538736
CC_5AE736DE11AC,0.4297742256813454
CC_5AF0BAF709D0,0.23000471921951177
CC_5AF2E2D5946A,0.1700363513939936
CC_5AF4CC9631C0,0.6271982912047033
CC_5AF508D5CAEC,0.04487356084094095
CC_5AF60F813344,0.07040043523509029
CC_5AF932FFDCDB,0.1923418142636382
CC_5AF94ED5611A,0.10413517495722771
CC_5AF9BAF31FEB,0.07782421941803924
CC_5AFA0C04BC94,0.25783618144204773
CC_5AFAB8A64F35,0.1293293531210958
CC_5AFC1261EB93,0.22270661849543813
CC_5AFE5DF7AF95,0.16319717288267616
CC_5B0195BA39EE,0.1025821822718139
CC_5B026017070C,0.2959679819181459
CC_5B0404833850,0.04286630215981279
CC_5B04A9399C65,0.06026110679953519
CC_5B0507769BB6,0.05040004542207206
CC_5B0807571581,0.18253975908315428
CC_5B0A9D311BEE,0.12933964884371113
CC_5B0E9706A537,0.23374729527863886
CC_5B0F40C0E1CB,0.5768430832912668
CC_5B1245524940,0.20098152028588095
CC_5B13FDA05B61,0.07687912127970084
CC_5B14FAB82984,0.10850382999024391
CC_5B176732FBCE,0.05152266506359356
CC_5B23092E7BB2,0.08670168018001853
CC_5B23CA791DF0,0.31973951466476386
CC_5B2E241BBCDC,0.07356247683129288
CC_5B2E9C1C079A,0.1954146724982975
CC_5B2F80EB5A5E,0.1069317585784966
CC_5B2FD478D867,0.16845169539410193
CC_5B3336343694,0.29162995849936435
CC_5B341E3A6C32,0.8082376609527131
CC_5B380570454D,0.31706375939543713
CC_5B3A879E3664,0.7720323215692976
CC_5B47219287FA,0.05123029492203446
CC_5B4A365E3F47,0.07125514553631886
CC_5B4F89D9EB61,0.2730250506128512
CC_5B5206396D60,0.20498429573449087
CC_5B534A342317,0.14979810744075042
CC_5B54612A98D6,0.12985572924330968
CC_5B5711F842EE,0.09448034242105408
CC_5B5B6AAF96C0,0.19341851052118136
CC_5B5C2F4A96D5,0.13689237208748692
CC_5B5DE032454E,0.11310489513736285
CC_5B643C5EB4C3,0.1035733905829237
CC_5B6F725BD2B8,0.2904470091150549
CC_5B77AB677EB6,0.4534458453689014
CC_5B794ECEC735,0.06735824558801148
CC_5B7975BD5165,0.05547273113314812
CC_5B7AFB39BC79,0.18639441749042068
CC_5B7C6876A878,0.2689096116172357
CC_5B7D4A522B9A,0.7550411707066659
CC_5B81AB4FE5D6,0.16999827417298446
CC_5B81CC5219C7,0.04420052878443758
CC_5B826E2BDCB1,0.06281133421770264
CC_5B8CF69570A7,0.16354284833446683
CC_5B943E99D363,0.04391188882578541
CC_5B95668CAEEE,0.305841797193935
CC_5B96F6F9E12B,0.6489262685410955
CC_5B985FF12590,0.6236285435375212
CC_5B99A61F9BEC,0.08958413085136438
CC_5B9BA65EEDDE,0.06790875073758115
CC_5B9C2D63BD82,0.11311724293085186
CC_5BA10AB47E93,0.3139681299278053
CC_5BA1B065C54F,0.05042117609134492
CC_5BA67C7C142C,0.2274979215303159
CC_5BA9DAF61609,0.10347115629813201
CC_5BAC82095106,0.20696484717988226
CC_5BAF4779FCFF,0.5507701841160784
CC_5BB35F83900C,0.12834693493733237
CC_5BB5EF6A67F4,0.05726165550463167
CC_5BB9DF8AD50E,0.048986840409623644
CC_5BBD34998419,0.14032101520314522
CC_5BBEAC610014,0.13915386126658183
CC_5BC33A2851E1,0.2842379647532141
CC_5BC7E75A8ECE,0.12690622294113982
CC_5BC9D20125BA,0.23508861264055914
CC_5BCBB8067717,0.7867225158117049
CC_5BCE3F3C3A44,0.09787516460893234
CC_5BCEE77C9666,0.5003279585680616
CC_5BD9F156D4D1,0.1262618188322299
CC_5BDB5A10668E,0.0917499942487966
CC_5BDE39E4EC88,0.05045482840328887
CC_5BE077E6D969,0.6685903516336895
CC_5BE1FAA48CB2,0.09937293098095415
CC_5BE23895CBBA,0.057776890828754666
CC_5BE396B6D08D,0.15690759447615826
CC_5BE4D4502607,0.05481482327728262
CC_5BEDB8A6CF7D,0.175142738563675
CC_5BEE1177A0FF,0.09435067399103418
CC_5BF1307A7F59,0.11722960560429248
CC_5BF3E0C71712,0.42059564622393236
CC_5BF468725EE5,0.06611855282123014
CC_5BF6BB3DD54C,0.07417459072445595
CC_5BF7318B86BE,0.08375833429949062
CC_5BF7422D0E05,0.08639562078934385
CC_5BFE20440559,0.10381627488167852
CC_5BFEEAD87024,0.06315363019468923
CC_5C0019CA0253,0.0531955030008144
CC_5C0362270FBC,0.18729527406582622
CC_5C06DCFBCD08,0.17263812423204397
CC_5C072D2EB4A4,0.061045447738986944
CC_5C0BDC4C766C,0.2526602949878694
CC_5C0C3BE3FBBB,0.09755793842240941
CC_5C0E60EEF98F,0.13153806464803364
CC_5C0F0E4CB1E1,0.07274819729552608
CC_5C0F448526CB,0.056368086103087744
CC_5C132B8C9743,0.5860613301207633
CC_5C16A4120DE8,0.6759107602042553
CC_5C18971A9B33,0.601510212865669
CC_5C1926C3E99F,0.07268607162323802
CC_5C1A4FB9D9E6,0.7951425603775103
CC_5C23A07D8C1F,0.14818947072258426
CC_5C26CF126E7D,0.038172727397118814
CC_5C290BBFF8AE,0.3794711046573598
CC_5C293CDAE97F,0.08793527291849532
CC_5C296B48A610,0.19363383008307736
CC_5C298CD9EE0F,0.03968854044665615
CC_5C29B0BF7A46,0.4602938137341903
CC_5C2B402F9C5E,0.07037167058076062
CC_5C2B9A1B45F1,0.08390146410706101
CC_5C2BC3B2FED6,0.21959609699955873
CC_5C2F04DB89B0,0.1216801515636707
CC_5C3010524162,0.1544486952024386
CC_5C34E33B048C,0.16414559281420585
CC_5C37520DF4A0,0.20471370591121946
CC_5C376E472146,0.051405643325816944
CC_5C3A694E5AFF,0.12141749912108661
CC_5C3A81F8243E,0.7091600212549554
CC_5C3AF119C7C4,0.08077635668086564
CC_5C41AA1FB124,0.33900780808289405
CC_5C41FE749450,0.08318330005171727
CC_5C44F9B51B15,0.08018219636482668
CC_5C46C165D942,0.16092827989372172
CC_5C46CFF1EE93,0.12411133368039248
CC_5C477BB76B50,0.08604897382752777
CC_5C485C3DA5A2,0.07171800512947482
CC_5C516C1148AE,0.16332424918693503
CC_5C51F8276A09,0.2124188181282644
CC_5C5617ECA2C1,0.7473752592364098
CC_5C580B327945,0.04472511139172316
CC_5C663668AEAC,0.08122152719186704
CC_5C667B5EEEDD,0.09360025137463417
CC_5C66F7AEC29F,0.34747590582936394
CC_5C69819D7461,0.12409058863849869
CC_5C6F6F2284FD,0.17003456626646457
CC_5C744FF98F4F,0.07388426257301269
CC_5C770EBB3461,0.12334670206871412
CC_5C7F06684789,0.09956044482789646
CC_5C84A8D32615,0.7471269248973922
CC_5C858310418F,0.2550243224379075
CC_5C862C8893FC,0.12084215097133152
CC_5C884D5AE0D1,0.06063151455923653
CC_5C8BF72EE97C,0.27712688557150794
CC_5C8D2E2570B7,0.23746437886897329
CC_5C92441E4873,0.1502252070768302
CC_5C94AFD90D8F,0.1398609198097755
CC_5C9A3A5972D2,0.3618698044480192
CC_5CA39EB0D4BB,0.06401100775294821
CC_5CA622E85D86,0.3309054502913189
CC_5CA6B98B4D1D,0.10231371355708341
CC_5CA7779A4DC3,0.048890628536847
CC_5CA86661E034,0.392129854716926
CC_5CA8D72C31B3,0.7466952973058947
CC_5CA96B6ABDE9,0.2052210409031589
CC_5CAF4EE6F709,0.0747553861302152
CC_5CB0235932CD,0.0876162055159653
CC_5CB4416E3F3E,0.06163776906237608
CC_5CB51A71FC54,0.08000101111182559
CC_5CB95D3BDABA,0.7561889522110719
CC_5CBEB5A028DA,0.09155731590923724
CC_5CC2F1284079,0.1797430962140826
CC_5CC532F130D3,0.0823750977585759
CC_5CC637E6BB84,0.24990651430389316
CC_5CC659C18E07,0.14658413545437143
CC_5CCCAEFE921D,0.773881347946397
CC_5CCD14D6A09C,0.25645036129508003
CC_5CCE36EBE90D,0.07013324240380697
CC_5CCF357F22F3,0.13027885049453616
CC_5CD363DD397D,0.5532702144100591
CC_5CD695656E50,0.0753644402074273
CC_5CD9F6C42400,0.7264707814598057
CC_5CD9F7929A94,0.06741571329828747
CC_5CDD82609046,0.47259855707609943
CC_5CDE83909CA3,0.2662822764825534
CC_5CE0209928C3,0.10844213187215797
CC_5CE1F5EF25C1,0.10658042378522514
CC_5CE38FB1FC14,0.05004760547879159
CC_5CEAAE5E9F46,0.14555422984183233
CC_5CEBC021F126,0.1865653414092644
CC_5CF5768AAF0A,0.09026871117433398
CC_5CF7EBCE6347,0.06694219751637612
CC_5CF91901487C,0.14837806312240678
CC_5CF9C109AD5B,0.2533028035789889
CC_5CFA5D49672D,0.13783233377057624
CC_5CFBD438A9E7,0.0758774197870607
CC_5D00634357DD,0.13743023556245534
CC_5D00C4D5A1D6,0.09659970264448771
CC_5D01A320B2B0,0.2400482403833443
CC_5D01CF7EF458,0.11913892467630356
CC_5D01E1B3E69B,0.15618425051002266
CC_5D07AA646FC2,0.24476266283776615
CC_5D07BD529B9D,0.25028468852578767
CC_5D08443DC98C,0.16202049742908264
CC_5D0981460B48,0.24555661048195748
CC_5D0BA107CCCC,0.08313939433789944
CC_5D0DFDB2AEBA,0.15387250032821093
CC_5D105FB14122,0.09536927496228312
CC_5D1507277E09,0.2521026795829442
CC_5D181CAEDB3F,0.2053286786592677
CC_5D198F5A1180,0.1205806509259189
CC_5D1F9C5DBD70,0.6882439456370589
CC_5D2163C060DF,0.058553426273191336
CC_5D21CBB7067F,0.23374538077698567
CC_5D21D056205D,0.05855836123519871
CC_5D232B046F4E,0.04475421808221733
CC_5D242E21B70B,0.25868473680561344
CC_5D27DEF780D1,0.18694160422646097
CC_5D27FCD94B14,0.7358136058024954
CC_5D283EC78B09,0.07226378614781173
CC_5D293D15F2B6,0.14285760818591448
CC_5D2D017AF1D6,0.08937576409735931
CC_5D350A871E79,0.09325578788617714
CC_5D358E8C178D,0.08962404031781954
CC_5D38D84E8D8A,0.18888828059843715
CC_5D3F7518D7C9,0.08895437518563964
CC_5D45F1965198,0.759509565385593
CC_5D5EFDC391D3,0.04514255217194411
CC_5D5FA7F8B4B1,0.07800930915832179
CC_5D63F45D2D8B,0.14399284855274502
CC_5D65DAD9AD02,0.6746952474734637
CC_5D6808135562,0.129540501349313
CC_5D6A1F1B4074,0.1805785491005562
CC_5D6AE381D455,0.1496865492409502
CC_5D6B6FBEE669,0.08641474605875586
CC_5D6C5793DAB9,0.1710041443829409
CC_5D6F6F62B809,0.6912149695138221
CC_5D71AA649B07,0.235804339062897
CC_5D7289D1BDF0,0.07637548078464378
CC_5D7B4BA1B14B,0.4875447016526846
CC_5D7DBFFA54C5,0.11175151524780161
CC_5D7FE1565CC1,0.673393285915289
CC_5D82002E7CDB,0.7742719825130193
CC_5D83ED3C3B37,0.19927362993081865
CC_5D8897786E61,0.14361328751623675
CC_5D89F71AD5DB,0.1114365475500709
CC_5D8E8294AF15,0.0890342514021447
CC_5D9194CFC6C1,0.13881207247680954
CC_5D925BFC4F1B,0.42599965697934755
CC_5D93B25F7F37,0.08445564291211906
CC_5D94C757E368,0.27129403608143476
CC_5D9515D31969,0.12250178189951763
CC_5D95465C3024,0.12574240726334956
CC_5D9685C82529,0.08162443989436166
CC_5D98DB000C5B,0.15600068103871692
CC_5D9A64B839FC,0.20429916661232386
CC_5D9F5514282C,0.1272252180383505
CC_5DA022E7E265,0.15492516857175337
CC_5DA054D56100,0.15473447839524854
CC_5DA23FDDA040,0.14800091114912958
CC_5DA306818774,0.04881196234355785
CC_5DA42C2CB592,0.28897600019971525
CC_5DA50F130465,0.5640380980073026
CC_5DA5F089CCEB,0.12281178359568275
CC_5DA970C83BFE,0.21003182874627396
CC_5DAD4AA04AED,0.6282082725048712
CC_5DADEE0F5194,0.4300503985326163
CC_5DAF36F4602D,0.10006947329629082
CC_5DB07ABD2D05,0.13371317336310234
CC_5DB377396A07,0.3395616423214561
CC_5DB4B96543F0,0.0868999668614315
CC_5DB91F6D3101,0.14847210306635947
CC_5DB95E21D5C5,0.2525721584201038
CC_5DB9B1DA19CB,0.1529774796550207
CC_5DB9FD593665,0.29989217830516446
CC_5DBBA9662E78,0.33537582583144887
CC_5DC10582A9E1,0.09263236023674645
CC_5DC4901D6B92,0.22455186641058406
CC_5DCAB9B2C00C,0.5393271972344059
CC_5DCCF7760702,0.10007731892204645
CC_5DCF17F1BBB2,0.25614456747218795
CC_5DCF723EF0D4,0.11000355619654098
CC_5DD01D0A73E1,0.12129754002084785
CC_5DD69CED90C9,0.18209659625724933
CC_5DD958933BD9,0.04081894525463038
CC_5DDC279E7767,0.18690118309928183
CC_5DE5DD373A92,0.10653391332147895
CC_5DE72B43679E,0.05919074549080553
CC_5DE7D1C5DBAD,0.046091116852271526
CC_5DECF885896B,0.06147814268276704
CC_5DF02B9F4833,0.21412763704127422
CC_5DF09228F9D8,0.42707661677314873
CC_5DF4883C4779,0.17046808597264196
CC_5DF78D304F25,0.05393195991422604
CC_5DF8B6DD67F5,0.07137098361320944
CC_5DFB33C455A7,0.06236559741065741
CC_5DFC6BF23093,0.10396594120568561
CC_5DFD9451C5F8,0.043009520750555766
CC_5E00BBA5763A,0.3404949192874792
CC_5E02A6D17A06,0.15909659070459772
CC_5E058C787204,0.6075789586228184
CC_5E06A3BD160F,0.07754039215783366
CC_5E06B7A2EBC6,0.5150162969122454
CC_5E086E76EB1D,0.1996394319637162
CC_5E160D13CA23,0.47779320578123546
CC_5E174FA7A70A,0.10977667263370545
CC_5E190CE28A23,0.09103680311631714
CC_5E1DE48881FB,0.19039283789355893
CC_5E21938FBACC,0.3423785746293316
CC_5E277DAA4280,0.6277309180906814
CC_5E2BCAB017F1,0.10398359643882973
CC_5E2FF9AF864B,0.06371538486265112
CC_5E3216E8D190,0.036075758938500534
CC_5E37EF2502A1,0.08633516873368645
CC_5E3917AF48CF,0.140954214769096
CC_5E3A3981313F,0.20788843586090255
CC_5E3B691FC7E8,0.07128786807697493
CC_5E3D30A3346E,0.05381649120031088
CC_5E3E70296436,0.19176919458066594
CC_5E42511AA8D4,0.6779661578284003
CC_5E4297E83E8D,0.24185667322668633
CC_5E443C87A993,0.05345127737300097
CC_5E4841DF72EA,0.14532022872046518
CC_5E48A37DC71C,0.09464027599689924
CC_5E4916EFED10,0.715328818580016
CC_5E4A6AC389DF,0.11914789617147295
CC_5E4C3E73299E,0.21044080371554402
CC_5E4E183A2EEC,0.07525036023008967
CC_5E52A653854E,0.07695725544417766
CC_5E555B42B6A9,0.056954870303535146
CC_5E5570D4CF86,0.2870208888875264
CC_5E558D667BC3,0.14579399529200998
CC_5E5727A702B7,0.07062233573976154
CC_5E5C6DCFD183,0.04375212629649906
CC_5E5EC05EC6DD,0.7649155908230896
CC_5E628C8E295D,0.7772657180770807
CC_5E656C83B511,0.13910376628424345
CC_5E6682619020,0.19433280598886474
CC_5E6686C7B301,0.10714371219351264
CC_5E6A2C166D3C,0.6033318961936395
CC_5E6DB7B436AE,0.11667382492373882
CC_5E6F9BAE46D4,0.16171406224898374
CC_5E7633B995E0,0.646923993674781
CC_5E7DFD9E6725,0.5280768151687664
CC_5E82E1E40509,0.36874357038964733
CC_5E8310B30EB1,0.11290982766576081
CC_5E83D33953A3,0.19288503025138906
CC_5E8789F1F9AD,0.7595590451053773
CC_5E8B1CFAA738,0.08613299427093786
CC_5E8C54BDF98C,0.07381718337079886
CC_5E9118F96223,0.050585129804883486
CC_5E919227DBDA,0.12669072971875556
CC_5E960547EF48,0.6948036056767078
CC_5E9BF43B2D38,0.144368731567296
CC_5E9CC2CFD36D,0.27346559053759906
CC_5E9D62853571,0.06930169846845129
CC_5EA4BBE734B9,0.0627660383224311
CC_5EA515954990,0.048230974512371905
CC_5EA688CCF647,0.11890273388756381
CC_5EA690673CB8,0.6293386973367933
CC_5EA7A4CCA4D1,0.09626511191009231
CC_5EA8B94D289A,0.23075744009397736
CC_5EA9FE2236D1,0.09152631830275128
CC_5EAC0F0F5807,0.1660338670628549
CC_5EAF6204A1A7,0.10111951816721612
CC_5EB3569C7CC3,0.10102317722253566
CC_5EB68AE3EC7F,0.34641398245166066
CC_5EB690454F4A,0.10854340884519376
CC_5EBD699BBF9A,0.06740017522753318
CC_5EBE30A90DDF,0.11545641005569818
CC_5EBE3FBA744F,0.7355327257409472
CC_5EBF31D6F583,0.09577104317867194
CC_5EC255BF564D,0.10896808874201958
CC_5EC5BFBF00F2,0.19123846534868028
CC_5EC6FBE9D852,0.13789933542030627
CC_5EC91635BC11,0.1660102336293502
CC_5EC96E53702B,0.09040085285422839
CC_5ECBDB18CC6B,0.070464487742706
CC_5ECCAB9B7B87,0.20682655470312133
CC_5ED363408294,0.14541001871870865
CC_5ED41C88E281,0.08679444722733566
CC_5ED96BBB90A5,0.06419866444340548
CC_5EDF8768EDFE,0.05370778065201183
CC_5EE14DCE51FE,0.11709725250646938
CC_5EE53BDECDD1,0.1324054627401034
CC_5EE581E6B41A,0.6423271678677324
CC_5EEA417426F2,0.28290599080112233
CC_5EEB94C361DC,0.0766535774666683
CC_5EEC42D71C9D,0.09483845634610812
CC_5EEDD57388CA,0.05854409509770334
CC_5EF3E852D5F1,0.25587578667352245
CC_5EF40C00FC43,0.13500546867078794
CC_5EF559CBB186,0.25797898447800627
CC_5EF90A44E763,0.11428168676575867
CC_5EF9CFA900D6,0.2208353535955271
CC_5EFCC77C342D,0.09507305425287782
CC_5F03C10F15CE,0.07035844437084494
CC_5F046FFA86A0,0.04973115891691897
CC_5F0536576CED,0.3178367120161066
CC_5F062700F25F,0.05558702407643869
CC_5F0935413F35,0.22982937688369573
CC_5F0B3CFCDE51,0.25388508572442403
CC_5F0C31786014,0.04386663140422892
CC_5F0F8FDC65B2,0.192805040137116
CC_5F165E4915B1,0.09378752404178052
CC_5F16ED0F56EB,0.060215924917063145
CC_5F1C33254C43,0.06716677980000738
CC_5F257A47AC95,0.15503841780182975
CC_5F260ECF635B,0.11197069679083456
CC_5F287E798DA4,0.4817799828283804
CC_5F2C9AFF0C31,0.133604341987499
CC_5F2F99236F7E,0.3219153732989189
CC_5F32A8E95857,0.20110717170098016
CC_5F39E48A6EDB,0.30290506776418025
CC_5F3DA05C7152,0.4239736454782489
CC_5F3EA31142CA,0.04235258417791642
CC_5F3F8046E54C,0.07473782860171216
CC_5F3FFF11DA12,0.1282291368507246
CC_5F4D01CA9E25,0.04597415825639554
CC_5F4FEDC32DBC,0.2338518829539668
CC_5F55030C9729,0.14699026377308963
CC_5F55B448763F,0.5712811146175485
CC_5F5915F1709B,0.06232872052990067
CC_5F63045FB439,0.21811863080854615
CC_5F63113CA34D,0.26729533781132087
CC_5F6693CD7407,0.03717573309260249
CC_5F67094E79B6,0.1990921031039284
CC_5F686C2CDCC7,0.0631561792510464
CC_5F6B737660D5,0.0440956480258155
CC_5F6E5D33DC52,0.1157146216200922
CC_5F6E7E7536A9,0.4655953734532837
CC_5F6FB62A8293,0.1284945400758763
CC_5F7640EC737D,0.05070841141387712
CC_5F77F0D3C4C6,0.12764874922752473
CC_5F79651C72F9,0.274205438437852
CC_5F7B197549CC,0.2959076092762551
CC_5F81B91A3C11,0.08738354187510847
CC_5F823AC0BBFB,0.12647673659146091
CC_5F8284BDF4F6,0.17463524541479075
CC_5F8510F80BF6,0.08352184680174707
CC_5F86C7BBB540,0.21118588268070856
CC_5F88050340AE,0.15568298646235845
CC_5F8B72C21483,0.6540973493886764
CC_5F8C006EA439,0.07901568160604396
CC_5F8D41280BAA,0.1933774028141913
CC_5F9059C6B90E,0.4700351188214835
CC_5F908445BEA9,0.11296362927222976
CC_5F92ADF6D9E8,0.07428461782004477
CC_5F93816598FE,0.3007427118736259
CC_5F96DA4A0910,0.23065392721512895
CC_5FA00A194F62,0.09756621107113958
CC_5FA35A39E5C5,0.16260724917213415
CC_5FA710CAE099,0.15715825245298476
CC_5FAA42301A7E,0.2596501212743369
CC_5FABB81EE16B,0.161765294131806
CC_5FAC26D11A7A,0.1547097492534631
CC_5FB240B6E24F,0.1246857237024317
CC_5FB394EFBE00,0.14992981335262617
CC_5FB57A14C62A,0.1499086873546793
CC_5FB5BC194DB2,0.310476258984122
CC_5FBACA7F45F7,0.24898820193682245
CC_5FBAEDE75B8F,0.08547798883138742
CC_5FBF4AE91118,0.1089014789343791
CC_5FC087CA6A66,0.05926156883460334
CC_5FC0BD09D0BC,0.08465702837286873
CC_5FC5F264F115,0.1821934133377273
CC_5FC89B822190,0.29167716872371274
CC_5FCD35577769,0.6388642412355336
CC_5FCD7E88E5E9,0.037315336107551354
CC_5FD6369B65DE,0.6792857569116303
CC_5FD9AAEDB6AD,0.1212739042534321
CC_5FE98B946015,0.29100033985852714
CC_5FE9D2A58F1C,0.6067051006450555
CC_5FEBBA41A756,0.594132719731505
CC_5FEC80143324,0.16176746672952186
CC_5FF19A49A1AA,0.0412847304172946
CC_5FF2518E9ECE,0.25355733309597656
CC_5FF3BC563935,0.14889749703499083
CC_5FF63EDAEFC7,0.06408364392432706
CC_5FFD3F514961,0.19479991167566507
CC_60011886B18D,0.08538001419620425
CC_60029C11BB31,0.11583207827612318
CC_6009B225BD4C,0.13590524991834602
CC_600C61B5434C,0.19035766893749934
CC_601C9DE2DDFB,0.2188476286619788
CC_601DD98C7995,0.10249174065154154
CC_6020E07CBE4F,0.05244141461856487
CC_602128E29F3E,0.13373868434818773
CC_602703C173C9,0.24101410629124054
CC_60283C805DC8,0.39768910984997724
CC_602D13BE194A,0.12176358086617145
CC_602D22FF9B90,0.4876073657914663
CC_602FDAE430CB,0.22495963628438959
CC_6030FAC6D779,0.18873075525037694
CC_603388F075F7,0.23600364216045353
CC_60376A8920BC,0.1080096909669523
CC_603A5F17571E,0.34725464480860196
CC_604002684874,0.3999646468668191
CC_6041A80E0759,0.07766915269570966
CC_6042573740CE,0.1770273544837248
CC_6044D44E0C41,0.1870930549077398
CC_6046BF850936,0.7115050204682424
CC_604A516F77ED,0.0457092976850241
CC_604C11E16B1B,0.0712572306652065
CC_604F471816AA,0.20735110413624214
CC_604F77EC7832,0.17289891537272217
CC_6052E7EA9070,0.19491239324361193
CC_60575B31C16B,0.06857223130666008
CC_605963A1D8D6,0.08136828805109776
CC_6059CB778E95,0.0427899864187913
CC_605B09C3CBA4,0.21940956671217213
CC_605B760C80FD,0.7270642843998993
CC_605ED147BEF2,0.1410502972811208
CC_605F5C926875,0.10484464294693145
CC_6064FBCD4095,0.10860479191586422
CC_60674897B248,0.12382753001020667
CC_606977217704,0.5124639808275869
CC_606D66F88AD6,0.036978547607466945
CC_606F1F918A72,0.046576922506013564
CC_606F374ED436,0.7371589263240627
CC_6071A9625DCF,0.7460555420570277
CC_6073863E8915,0.05808801303980524
CC_60761F2762D7,0.2819732121757529
CC_607878304942,0.2576783085375296
CC_60788A418952,0.044923840589633626
CC_6079C534A9D1,0.10133061744469744
CC_607A1C301E47,0.11811903704497029
CC_607ED94D671E,0.05888592750382449
CC_608580335870,0.0459881991109176
CC_6085F311526E,0.0661989394470372
CC_608AB553667B,0.06605162479657119
CC_6090AA35A3B8,0.1016406792835238
CC_6092617B069E,0.7172061991737142
CC_609459082614,0.30838552718048856
CC_6096B142B1E2,0.3785978019115172
CC_609703576DFA,0.1941825139706761
CC_60971DC45872,0.2084765398230534
CC_60998D5A29E3,0.04922096897495089
CC_609F9D794C70,0.25809239643085535
CC_60A05F8F1482,0.2649238544899942
CC_60A3420FF02E,0.13753293765021607
CC_60A4E94F0764,0.153602461703578
CC_60A52D1FF3C5,0.7809147867556467
CC_60A7824A13A6,0.6706782857603422
CC_60AA6C659516,0.07434237878329321
CC_60ACF2FBCD5F,0.12275929153365835
CC_60AD71AC1C1B,0.045808570599104946
CC_60AEA1F73E71,0.043352178368986
CC_60B08AFF7B2B,0.23971473036004035
CC_60B1C9D28605,0.1583605797786684
CC_60B4B03A9535,0.178571992239639
CC_60B7F81357C9,0.6356530941266079
CC_60B81EE374B7,0.16916479646406585
CC_60BA0D6846D2,0.6380128339942728
CC_60C05AEFD1CB,0.06726736792647356
CC_60C498112E99,0.2739557133242341
CC_60C4C35DB3CB,0.05106042496320397
CC_60C643AB1FE1,0.45786311089168646
CC_60C9946B65E7,0.2445199957722644
CC_60CC681BA68F,0.5866751730869173
CC_60CD88CA20AA,0.31533076446273733
CC_60D09A6226CF,0.22388276130732537
CC_60D187C49A4D,0.13849921092472656
CC_60D555D44603,0.2098187365930441
CC_60DF28C07E2E,0.11844814767275635
CC_60E34B2EBBDD,0.2661330525619148
CC_60E3C5858095,0.050059166883659356
CC_60E436F164B4,0.12308446072992112
CC_60E68F7AF367,0.1088053727001654
CC_60EF0DB49CD5,0.12311635372382693
CC_60F03570608F,0.32298810471783657
CC_60F1031D47AD,0.2615675686212883
CC_60F1AEDA015B,0.18651259617304786
CC_60F2B82989FB,0.1335983870675197
CC_60F781520041,0.3218152704518289
CC_60FC218827D9,0.23517730030922737
CC_61000758BD8C,0.16748312977119886
CC_61010C992C0A,0.6770858503377897
CC_6101798A8245,0.1320164478766407
CC_61023172E7F4,0.0936502905425916
CC_61090C7C5EE7,0.05124161812537448
CC_61093F3D8676,0.7259671809109011
CC_6109D89BC155,0.07469483914986903
CC_610BC8339FB6,0.20204035791971386
CC_610FB78752DA,0.10503634923184382
CC_6113FCAAE1EF,0.08038958924842754
CC_611FC470A7EF,0.05327036780985852
CC_612073F1E9F0,0.05335352859314768
CC_6121D533F3BD,0.057470402239556614
CC_612286E3EB1F,0.05689749516856023
CC_6124ECE0820B,0.07076104605812705
CC_61256FE29999,0.05094845347562653
CC_6129896E07F1,0.35241410214909547
CC_612AD26AB030,0.14474819666488087
CC_612C22592825,0.10545559374926669
CC_612D82D53287,0.4253653966023586
CC_612FF340B1E6,0.2939898761152042
CC_6131274895B5,0.11354302071142315
CC_6133953D7210,0.14628062714779996
CC_6133AFADBCD1,0.14339229040234697
CC_6135926E46E1,0.1200465005886037
CC_613A503E0941,0.11831805842872452
CC_613B546BDB4D,0.1839418632055275
CC_613CF1EC1E43,0.3388264180956889
CC_614021684547,0.10121356592073671
CC_6147FCD5A15E,0.10221535658494593
CC_61495114B408,0.11449172549664226
CC_614C04C88F69,0.07401702972406718
CC_614D3E1159DA,0.09678366657889242
CC_615288A88E7B,0.12681968594982745
CC_615464811440,0.13643766531694954
CC_615C10F60DEC,0.13420116956159794
CC_615DE73BFCC4,0.13412327841110755
CC_615E08467F56,0.22283360708480582
CC_615EA8D2C93D,0.14283400368816185
CC_615EC3CADF8B,0.06156931567438421
CC_615F83779A48,0.08319663396404173
CC_6167B1898866,0.1413165244833469
CC_616A119D9795,0.1365291297709808
CC_616D418B38B3,0.12720249654461016
CC_616EF9719CA9,0.04596439195100634
CC_6172674DF945,0.08804893244131196
CC_617A4D01F055,0.24424753163570084
CC_6181D6D9D1DF,0.07472603405533067
CC_61850FB039A4,0.19297041269697382
CC_618B4F0FE660,0.12426332508925897
CC_619209DCE38B,0.46197961883580707
CC_61980A11C43F,0.4888941208341581
CC_619989735632,0.07215064947638644
CC_619D1FE26800,0.13656575732462078
CC_619F90F60778,0.13030546313359795
CC_619FA8EDDE2C,0.052597890582517105
CC_619FCFAD4011,0.5571501281381696
CC_61A1857C4FC6,0.08372801459698531
CC_61A30FCAFC1D,0.16198254146546984
CC_61A330EC8D44,0.17486002739641227
CC_61A38D97007D,0.10926456056979472
CC_61A5692AA650,0.2389089176909776
CC_61A63BA9C63F,0.24395329576248387
CC_61A682FE9FCA,0.7300412518210126
CC_61A72F992ADC,0.17695186927594747
CC_61A9FFAE9470,0.1503525493073333
CC_61ABF44DCF1B,0.26156918572818266
CC_61B4E7C3A876,0.05314628803066682
CC_61B530CD33B7,0.05776848989724409
CC_61BB9A22D678,0.14085705498469725
CC_61BF6485310B,0.1072466883415675
CC_61BFBC5D3D29,0.42232892594998167
CC_61C1F71FEC20,0.2866948272402055
CC_61C278587396,0.15856905564506207
CC_61C4A48F60C0,0.24344032310367297
CC_61C724A27D66,0.05069058899255484
CC_61CA81CA495E,0.3089365760445525
CC_61CBEAC71844,0.34643423169056553
CC_61CD0AB80E4E,0.049029515184286866
CC_61CF32B74A00,0.22521589937786243
CC_61DC930A9BDC,0.23199814662795099
CC_61DDF50F4293,0.1196141400487037
CC_61DF4D34EC9B,0.1296989707733301
CC_61E04FE5D349,0.40550644668097213
CC_61E93A9F25EC,0.3727900341960836
CC_61EE07C127EB,0.5921688746320022
CC_61EE3C33DE24,0.16872270739462086
CC_61EE503A3388,0.07470588982305408
CC_61EE895A926F,0.0976352637649737
CC_61F047CE0DAE,0.05566501363038632
CC_61F386A73926,0.1409331890505332
CC_61F4D3B5C233,0.06473788587222848
CC_61F5CC077AE1,0.13442537360938028
CC_61F5F26C3E46,0.2425154737951254
CC_61F7B219A3B1,0.043176823532622026
CC_61F91759D81D,0.5709784956623516
CC_61FD2EC9C2DD,0.2316257953385849
CC_6201A0297C0C,0.5302720200915935
CC_6202E4782501,0.7524293955223669
CC_62033D8F0EB5,0.11908259294516918
CC_6210E9ED6E3D,0.26400513442541507
CC_621238FE3B79,0.06753016648971995
CC_62183B2D5AB7,0.045310521914173625
CC_621869BD42B3,0.07391831300757842
CC_6219A7B37E44,0.15255718140147576
CC_621C3FDED659,0.33059399561866815
CC_621D3A06B544,0.12036853488545744
CC_6220B11E59EC,0.043007460417856226
CC_6221C4CEE5E7,0.15491648731064572
CC_62225BCECE98,0.23593800094781736
CC_62261DF9AF77,0.07650363054723856
CC_622945AA63AF,0.2076789468251501
CC_622A575BB937,0.47912025100204286
CC_622B70F0EAF6,0.24502054434565818
CC_622FE65463B1,0.16171507716518346
CC_623015D7FA69,0.03781358131267136
CC_6238A097CBA3,0.6894217435353543
CC_623B5CF8761E,0.08821828870430262
CC_623C71EC3835,0.345402827915196
CC_623ECE90F97B,0.13586358354436373
CC_623F394742BB,0.07706993431849747
CC_62401CE4D5BA,0.12415315978550827
CC_62411E9C9F1F,0.1209515405689976
CC_6244D7BE3069,0.0898452785129199
CC_62477D8ED8C6,0.1730480796468964
CC_624AD49F5039,0.09413927437223622
CC_624C697F8FFE,0.12986980529269312
CC_624CD89D6412,0.111283617548072
CC_624E27490179,0.6030722131023298
CC_6251084C5028,0.054611327871507985
CC_62575D28F444,0.40211881985296627
CC_625765750873,0.4794652659975432
CC_6257B327DF7C,0.1596763484412848
CC_62589B1BC045,0.2251404246387462
CC_625A629E8237,0.18304293086926762
CC_625DD3FD82F4,0.13423152630083718
CC_626298EB88E6,0.5185973718243743
CC_626406407709,0.06769674786661709
CC_626644AD00BF,0.04576736005290956
CC_62672F50686D,0.33417301606429695
CC_6269A628DAC8,0.7966618929393907
CC_626D648928BE,0.10453424864501967
CC_626F69FD6818,0.24154392177121017
CC_627EF4807864,0.08693271091043454
CC_6284803FF4AB,0.10916620345355761
CC_62866610BC9D,0.18531102102123712
CC_628A8FF4E6D2,0.14031736005887424
CC_628ABDB50E9E,0.16923913045650069
CC_628AD2B813F5,0.05310070016005567
CC_628B24765A40,0.19439679076606098
CC_628C4F280031,0.06232766317966554
CC_628CD11886B4,0.5106690036106953
CC_629062C995B9,0.7661540634806039
CC_62942040AE91,0.08357204783445327
CC_629478DBA13B,0.20928437316756665
CC_6295C8A1A453,0.06347296801892474
CC_6296A9282A2B,0.047153901687751985
CC_629752CF5894,0.2044434347166995
CC_6298E7345317,0.1473766554550751
CC_629C7144A086,0.05662853623697013
CC_629C91E4C5AE,0.4772095790773242
CC_629D0A01DB73,0.16366739852718537
CC_629EC2C1AD3F,0.2042756935643036
CC_62A535235562,0.12383915662950837
CC_62AF63EFC5EA,0.7464861230664457
CC_62B32FFE805E,0.23726318673859895
CC_62B35E72FD93,0.13537974422783305
CC_62B42BB84850,0.2380762014957197
CC_62B68A5E3BEC,0.09588433959557899
CC_62B6CE7C5586,0.03994879443445033
CC_62B796AEE645,0.1174294952602809
CC_62B8555A0BEB,0.16765442575021844
CC_62B9E92ADD0B,0.1666488162345284
CC_62BD1788DE86,0.6964241398111405
CC_62BD9CD530AD,0.7882897696931611
CC_62BDF11655F6,0.12682144678271637
CC_62BEF6EDF3BB,0.040849021354014386
CC_62BF999F860E,0.04719206675032778
CC_62C95DADF27D,0.6353052095448457
CC_62CBBE5529C7,0.066188724673971
CC_62CDB0BE4148,0.18221968016425
CC_62D10BE07C84,0.23655700104546673
CC_62D719CE817F,0.09797625345052006
CC_62D84FA3C5C8,0.6487826494337874
CC_62DCA8358995,0.08401108621302977
CC_62E33499B1CF,0.20077614248874767
CC_62EA86503043,0.7029661455098989
CC_62EC25DB659E,0.14305564429171352
CC_62F03A013FCA,0.056961197163452604
CC_62F17284D37A,0.21937158864651957
CC_62F56A426FC9,0.6072963517056575
CC_62F81D5F4E7D,0.0729317098691998
CC_62F82E6F4A53,0.05963321417781804
CC_62F90F96E72D,0.666378281835957
CC_62FCA13D1F3F,0.701947602212984
CC_630023881ACB,0.1290440212758908
CC_63022EFC1995,0.0681878761206808
CC_6302909DACFF,0.07425239833340234
CC_6302C5FEB27B,0.047582784325838186
CC_6304E5CBCCAC,0.0802813866644673
CC_6307387814FD,0.6545982243077233
CC_63085C7D29C5,0.23315541977988202
CC_63096DA6A37A,0.105342982784375
CC_630A56D73FCA,0.10880668872459894
CC_630BA25A56E5,0.25097340879887187
CC_6312AD0559D4,0.10200301913147736
CC_6312F3F37C5C,0.1874843426535851
CC_63141CBD6FC2,0.7118725828503039
CC_6315863515D1,0.1978066759844977
CC_6315D34FDC19,0.2521283985686236
CC_6319C2E46071,0.14339586260536843
CC_631C7D55088B,0.7952590909519802
CC_631FE32C30FB,0.054958731437562545
CC_63200D1ACD51,0.10827286056074499
CC_6323123A2626,0.22169573384879687
CC_6323A55116F1,0.11537472425654487
CC_6324CC2A1688,0.04206245436154569
CC_6324D56D2CCA,0.24104340603605473
CC_632AFA2154CB,0.7594744797972794
CC_6330AF3C51B2,0.06792354944926074
CC_63311745DECA,0.08176147446987367
CC_63315A3ED86F,0.03747792147783949
CC_6333D4B3F705,0.2035888006493475
CC_6334662BD0DE,0.0991294403362594
CC_6337D5ABA3DD,0.08273156926181499
CC_6344C7BEFCCC,0.08648081657788209
CC_63455B6BF379,0.23441433641238127
CC_63468B4B2F66,0.1544870137723678
CC_634774D61E5B,0.19773991963366938
CC_634FAE670492,0.07567262250742601
CC_634FEDD72039,0.21865276298755795
CC_63503D078B3D,0.14439813373505891
CC_6352C930E78C,0.057196818212913246
CC_635542F23896,0.2829914648684739
CC_63567A92295D,0.7190460471606002
CC_6357FF155364,0.04791395878995276
CC_635A05142AA8,0.11214907531196053
CC_635FBB564661,0.6818154177195936
CC_63610577E7CF,0.24164507410520691
CC_6361DFB16AB0,0.3156651357535508
CC_6362B6E5E289,0.21888279820918113
CC_636630045385,0.2533153865221269
CC_6366B6A08E67,0.6238782089899634
CC_636A3AD7E6AF,0.3367407069461738
CC_636DFECF5742,0.21865168270260363
CC_63715477AC58,0.12093030146297104
CC_63722928B97F,0.09989009380640286
CC_63722950D0A9,0.31327408472089247
CC_637473924111,0.09186601791341678
CC_6374A1C335F7,0.6718608506123347
CC_637935C9270C,0.05639327399914547
CC_637B1CB29E82,0.0647902786675562
CC_637EE0EFB31E,0.110761340723917
CC_638613D9902F,0.7242415359946419
CC_638A699C5229,0.13659858737291228
CC_6393DD5AAFDC,0.23915478887380792
CC_63964B01A92E,0.23446421162222192
CC_639B00920868,0.30955721454414165
CC_639B58127BBF,0.07639430077589156
CC_63A4A3AC8395,0.5243499090014632
CC_63AB9E51C085,0.1745758554425883
CC_63ABFA861C36,0.6354199027454812
CC_63ACAD487D97,0.07560368875307397
CC_63ADBF969BAC,0.043058555750167385
CC_63B33F3229C4,0.06893836475553848
CC_63B5BF219125,0.5823115320802233
CC_63C43321A9B6,0.33970177326197043
CC_63C745DD780B,0.03737934230100075
CC_63CCB151B20F,0.4788549166560312
CC_63D488E02EA6,0.1290798840619469
CC_63DCAFDBEC41,0.04953320150437191
CC_63DFA40012C1,0.14831979143236781
CC_63DFEB6735DA,0.13143367077974416
CC_63E4E44048C1,0.3457710901464116
CC_63E886099AAC,0.16388569418434878
CC_63E972A4955B,0.05384264525229239
CC_63EC059DF8F3,0.19009588235313343
CC_63EE271E1021,0.051466415104574684
CC_63EFED94FCF7,0.2122790385997746
CC_63F25BF3EAAC,0.6636257946621403
CC_63F558F740D3,0.055097268056246
CC_63F5F93AF4ED,0.2624891878479961
CC_63F8EF30F9ED,0.2874644756228214
CC_63FB6F43CE66,0.233470061035801
CC_63FBC6AA1592,0.19325376164816233
CC_63FC9D0B4E9E,0.15419641358598568
CC_63FE4F48DD24,0.05889119066408528
CC_6401198D2933,0.09017271471580786
CC_64018F3B66CA,0.34044427520810194
CC_6402B248D851,0.30156781072675104
CC_64032402162F,0.26299187505341004
CC_640793060DCF,0.07536431224885264
CC_6408E54EDAFE,0.6145176869570026
CC_641849D9265B,0.12672902588252527
CC_6418CDA17FEA,0.13250569562551712
CC_641AE5C02708,0.15888986170177144
CC_641BBFEF7FC1,0.21512059290421853
CC_6420BC28F63B,0.23059294334874997
CC_64216406C7DB,0.5971374782042818
CC_6421D66532DE,0.18789308650330275
CC_6424165DD30B,0.2735680549730666
CC_64241D80DB11,0.46271081151915194
CC_64283517D896,0.14309927179904663
CC_642A86ADEB68,0.04553906572082831
CC_642DC6501DFA,0.08177311990225908
CC_642FB473974B,0.06476231071944079
CC_6437166A2EF6,0.176610942627198
CC_6437A97B2202,0.07966040809736599
CC_643C69A90D24,0.11437436258919761
CC_643CDB07B55C,0.15950485178288015
CC_643D24009571,0.3165306834007397
CC_643E80426955,0.6605551827581173
CC_64410CF07EB3,0.2087207717922983
CC_6443F834372F,0.055011411604733926
CC_644A39C1772E,0.15020367321433545
CC_64521B6F7560,0.21672285870195784
CC_6452323DB518,0.08086412516486581
CC_645424FA8551,0.12022378807297711
CC_6458E3EB862B,0.3070397004148218
CC_645D241A15E9,0.4043727638222429
CC_64643C202222,0.15766797829747234
CC_64685DDF2A10,0.12346580535331331
CC_6468A5D85023,0.15663057908005976
CC_6469FEE3ABEB,0.588154581822967
CC_646AC5A1C138,0.12314314284306697
CC_646BF97A9A73,0.28336580029169456
CC_646F53B55EA3,0.7752221837127883
CC_646FCB423C23,0.7379492018846592
CC_64700B18C878,0.15035676809611825
CC_64707467FF3D,0.1371132328670138
CC_6470B1561E5F,0.16334243027721357
CC_64715BCF201C,0.395081984413745
CC_6473CB6CB17E,0.6637866318064354
CC_647479336549,0.3225287796195154
CC_647697E6E5FB,0.2022891404461567
CC_647DCC61FCDC,0.12593474906354357
CC_647F6420A6A4,0.16498906568519073
CC_64883BBF2290,0.15328854286789262
CC_648B7696CBA0,0.1017298359293241
CC_648B8BD684A7,0.1414732844711843
CC_648C2B2DA3DF,0.7386941447016211
CC_64912329ACF3,0.10637261742579449
CC_64938A66D1D6,0.1571932357171833
CC_649455879D59,0.6472644444349661
CC_64947E996543,0.6655527592678885
CC_6495A8365EF4,0.09170596063646576
CC_649694CB191A,0.09429338018100417
CC_649716555C7C,0.21702347751202272
CC_64979C732365,0.05186435089512057
CC_64996DBFFA99,0.06348478591663154
CC_64AC8B69B624,0.04914213473914738
CC_64ADBF6B2091,0.7354331485552221
CC_64B12CF3CCC0,0.18060198973837116
CC_64B3EEB7A836,0.5733962762517966
CC_64B4C3D7B1BA,0.1231768063543632
CC_64B5DD24DCEC,0.20853885222712548
CC_64B66CE28968,0.13096246571589626
CC_64B6B1685785,0.7433168471462815
CC_64B7A1E8551E,0.32483296402249967
CC_64B81E700EE2,0.18487517758873723
CC_64BC28CFC089,0.22720076087411628
CC_64C43C2CA5B4,0.16271182176214696
CC_64C4ADCBD9AF,0.10834495622031078
CC_64C6791DE88C,0.799198242099792
CC_64CB0D42D881,0.6721088423280026
CC_64CB5A85F20D,0.1813323790851536
CC_64CBC2ECA307,0.046008855545101236
CC_64CDCC31215E,0.2530271414196382
CC_64D042AA3A98,0.07547804971428522
CC_64D377F85B5D,0.039235365253240645
CC_64D400D257B7,0.11585555632214437
CC_64D428F67A07,0.2677991191069633
CC_64D8390E01A5,0.20154204125981173
CC_64D94729469F,0.06957480396868046
CC_64DB7DE22B3F,0.06415816312792945
CC_64DE220E2B3F,0.753509533799934
CC_64DE5B10D69A,0.13301677559365355
CC_64E78E632762,0.05066872920635952
CC_64E8CA77A9D8,0.14011343014181737
CC_64EA1782419C,0.08332519008099802
CC_64ED78299A30,0.03627108194157338
CC_64F0684AE2E0,0.42021576436213054
CC_64F1B593A628,0.27202297379983237
CC_64F1E384C3D6,0.4747470080249866
CC_64F358BD635A,0.2004268279543126
CC_64F4B9320680,0.6103126149303442
CC_64F518D35568,0.16005093042460586
CC_64F838BD8176,0.7150743026447203
CC_64F875F16D4E,0.15741350820339947
CC_64FD63E84B98,0.11474236697263156
CC_64FEB56A236C,0.17000414253702534
CC_65057E040ABB,0.14049235433684343
CC_6506AE958EB0,0.170701358066396
CC_6508A0DFA047,0.17026411283331327
CC_650A34C1F02D,0.05187110794692031
CC_651846AFC668,0.6892379855410006
CC_651A41C9BA80,0.21052307048758379
CC_651E1C885465,0.13847879101932253
CC_65210372E9E7,0.24849604936532216
CC_65212CFFCC55,0.17181432485183165
CC_652EEFF2A39E,0.15205503124355216
CC_6531180BE590,0.12062257265287916
CC_6531E3C35674,0.09646405266690553
CC_6531EEFD7586,0.16844933861551445
CC_6536B6234662,0.03356223349238969
CC_653BE665DD58,0.36269741963420843
CC_653CB16A14CE,0.20332074594836982
CC_653F3B34CE66,0.1265881037518021
CC_654138F52651,0.26958333020647407
CC_6543C10A8793,0.6701784827572554
CC_65493A8C43B0,0.38905737189977907
CC_654FDAE35315,0.22765052468027883
CC_65535066810F,0.07475895991336988
CC_655B02A2967B,0.19251478385555837
CC_655BA62F4F61,0.1275458431199385
CC_655D484C94B8,0.15972051060971962
CC_655D937D8015,0.12848438371098658
CC_6560982B1463,0.20764327758212345
CC_65629D5BDD53,0.5184737711005206
CC_65643A7468E4,0.09804602725396944
CC_65654A161207,0.34385534248709765
CC_65681C2F6D53,0.08768036561501533
CC_656CF961AAA2,0.6054027643057807
CC_657003D1AFA8,0.4519042855659932
CC_65787E61B4B8,0.16263554321307003
CC_657C00542E81,0.17608409195315564
CC_657E93154D6C,0.13122729220189658
CC_657EA4BC4367,0.0894469038584561
CC_6582056FA5A0,0.09322597451030894
CC_6584CC094F0B,0.3201084162464597
CC_65861BAB3725,0.07298290273141375
CC_65880CA58C96,0.1658675913274888
CC_6588A5C5308D,0.11599511798675648
CC_658E20E5E1C7,0.1737132944366741
CC_6591EF98C8D9,0.7717446355686537
CC_659684C73C10,0.28843090303009705
CC_659A8E672431,0.3752716802396556
CC_659E67F3AFE6,0.09653200855623266
CC_65A6095D2BB5,0.09807380173515462
CC_65A9A023FBBE,0.32097179118493274
CC_65AB13517959,0.21457663139226982
CC_65AC322F9CD3,0.33322457631509983
CC_65ADF71D26C5,0.22703606533891904
CC_65AED0DFC85E,0.45980796090768983
CC_65AF1525F44C,0.03772799056251523
CC_65B9B4D2BBD9,0.2011147514368338
CC_65BCD8EEBF52,0.7883299726295183
CC_65C1E1F9119C,0.07738920551522796
CC_65C1F0F5CB50,0.11138034157006323
CC_65C32C0A5E4B,0.16740237428156834
CC_65C48C8D8294,0.7063159837575844
CC_65D385EFBBA2,0.8042556573999677
CC_65D4B881617E,0.12025530462624137
CC_65D4F2B2B7DD,0.06655776773174435
CC_65D535957842,0.20834206646278144
CC_65D62649F769,0.10000621027027004
CC_65DAB955631B,0.2440838688134614
CC_65DFF6AD3C56,0.04175373334356447
CC_65E2C45F00DF,0.11289757857284308
CC_65E4063C0FA8,0.33282763474135
CC_65E6C9E7C2BE,0.15880887475394428
CC_65E931EB9637,0.12267677833679816
CC_65E94F723B3A,0.09359333503081732
CC_65EBB27554F2,0.15713332051901258
CC_65ECCF5C087B,0.19594910681522387
CC_65ED5632B51F,0.10246230281713298
CC_65EEE4D6685C,0.08690150915314945
CC_65F11504FD99,0.07086275034377196
CC_65F20619372B,0.14427016535935305
CC_65F2A27A2C71,0.11876974018406798
CC_65F61AA5B35E,0.30276678412399655
CC_65F62689F342,0.6639814554055442
CC_65F74692710F,0.6305731688972652
CC_65FCB2B8736F,0.2004998816037499
CC_65FDBEDE47AF,0.08704511393867562
CC_65FE2D69BFBC,0.4100678055429916
CC_66000D4B6371,0.037019402299319014
CC_6602F0A1C8E4,0.6021496375037194
CC_6603B1397AFE,0.21521392236415596
CC_660540F9B05D,0.047089872052243235
CC_6605A95C0FA1,0.0601046946379641
CC_660B34C8BEA7,0.2372262897183049
CC_6611BA680DD3,0.16564869055640194
CC_6619ADFCE20C,0.6295942877114893
CC_661E788B18EA,0.7217033537780473
CC_661ED70EA2FF,0.17825077767181455
CC_661EEE1B87F4,0.09432324436312056
CC_661F0AFA690D,0.03308505484970532
CC_661F67324987,0.0802462381254453
CC_662442868A14,0.7708892589841987
CC_662C37A0A39F,0.6395956880938437
CC_662CEB5EF582,0.6946593959565247
CC_662D8CBDCE44,0.7861166243921919
CC_663138730B8A,0.08433076548096267
CC_66387DFE06F9,0.794569318361808
CC_6638CB984238,0.12363482014168355
CC_66391FE8F900,0.12323195075653878
CC_663BC23423F2,0.17691439998688227
CC_663C29B9CBC0,0.3191266057844851
CC_663E308761AF,0.30135673334367197
CC_663F65570861,0.07004644577007818
CC_6641FB3D1973,0.11072395928307069
CC_66443E07C339,0.2816916105676003
CC_664A9C9CEE31,0.2442614766538714
CC_664AFA1C747F,0.05726336627506636
CC_664EB4E7D43B,0.2721874028952626
CC_6652E9A9EB4F,0.05820495660250147
CC_66546F618907,0.1374433387240792
CC_6654D096AF8A,0.10871668461461362
CC_6659BD09090A,0.10846566819790224
CC_665ABEB839F3,0.19887874437238673
CC_665F5A0435EA,0.08869711174270176
CC_666300E15AB9,0.08198496998629921
CC_66646CEE1B27,0.18888846589310332
CC_66670B0A806B,0.08276759509693601
CC_6667AEE2434B,0.08320605227777365
CC_666B9B49E2FE,0.1290871861682332
CC_666FF40CC03D,0.0785820897905358
CC_66702E769C10,0.6599400885115526
CC_6671D8B1A11B,0.06577529880168184
CC_6674D4FBB74A,0.05914722971281348
CC_667804E1DAE2,0.4602778671971236
CC_6678E38AF7B8,0.13032339734237833
CC_667C13B7CA2A,0.4621234010481962
CC_667F4F324AB2,0.558126098364587
CC_668139E78028,0.2043044363102719
CC_66872746124B,0.45763409410025496
CC_668930507CEB,0.07153163993171847
CC_668C0A60DD9C,0.14336487088714464
CC_668CC8F2265C,0.2651760490600102
CC_6695639CD663,0.668549365916212
CC_66965430FE66,0.08630812994788016
CC_669BCE78FC43,0.11872262833773721
CC_669FAD541B40,0.2142239946935794
CC_66A1E0F6800E,0.05608846521232528
CC_66A306B4CE9E,0.1364564346426058
CC_66A48672D574,0.21407982435727183
CC_66AAC0860357,0.16674376734297394
CC_66AB225359DB,0.2177555534430334
CC_66AD619251DD,0.20921959133454293
CC_66B09936DABC,0.04347720342441054
CC_66B37C9DDC3A,0.68329885144563
CC_66B724079738,0.2006753308536923
CC_66BF18D91E45,0.08415458846736038
CC_66C78801823B,0.15181910731992976
CC_66C9334085A3,0.042585952896417485
CC_66CA261790FA,0.10860677149462905
CC_66CAD118194F,0.05762953926328442
CC_66CE1FEC6CA8,0.7050584061402179
CC_66DDAE066923,0.7108412182616415
CC_66DE9C3B6689,0.05877751770928748
CC_66E26A77AC68,0.09231734548520731
CC_66E90798BF24,0.35619859127807557
CC_66EA801670CE,0.05575197909326681
CC_66EF49F1F6CF,0.608621857872385
CC_66F19DAB6417,0.21280112509811047
CC_66F505D54F71,0.7232299541059468
CC_66FA222A056F,0.1320889163385613
CC_66FA54E8B3D3,0.04233840008575614
CC_66FE6C45C6F4,0.09683931230291928
CC_67016E46A61F,0.07258010809621879
CC_670458DF7918,0.5749556456965182
CC_670556720BDB,0.0446776530337377
CC_6707B68A4774,0.622953295236751
CC_670999DB5A1E,0.1470420250297102
CC_67232143508F,0.42378809877865453
CC_67246B4ED7B3,0.09639466634072205
CC_672BC5712B93,0.3329266896276827
CC_672C5FE5666A,0.09064516617784521
CC_672CE82F984C,0.08755774518535535
CC_672E6FF02B79,0.076364959567402
CC_672F08B35608,0.16694335163553356
CC_673F09D8B541,0.141963506567318
CC_674024202AA1,0.037869766802271956
CC_67450C7E7B6A,0.12382610508052325
CC_67466E16A16F,0.09349613996059243
CC_6747DCEC0AE3,0.6454047688920921
CC_674AE1C0023F,0.4139446363257158
CC_674BA24E77B6,0.22165278484033651
CC_6750DE77FBD4,0.05897883325857393
CC_675379CAA2A7,0.15647152786947935
CC_6753C5556922,0.047656365013249095
CC_675509BA0BE4,0.1850672781916606
CC_675572D4E506,0.14506951684913197
CC_675A43EF2993,0.2675381300114664
CC_675EBCA976AB,0.10461809558608522
CC_6767F72D9180,0.4403193001269904
CC_676B165DAE74,0.6496096261452453
CC_676CE1A21AA8,0.07933278962160159
CC_676D79D64486,0.634356068584087
CC_677B2907D328,0.24993846268970277
CC_6780098C459A,0.5394743197045815
CC_6781E42C1EF8,0.059198382438057154
CC_678407AE22AF,0.08136869056655618
CC_67894871B242,0.1506691540665455
CC_678ABD3B112E,0.10008542477484521
CC_678B02C37B1B,0.08674411174855942
CC_678BF1851E70,0.08389955357993159
CC_678BFEC8C384,0.04903135846100308
CC_67933515F7BF,0.1014363911151166
CC_679BC21319EF,0.08793200157512902
CC_679C9EEFA91B,0.1450484763844822
CC_67A3FB218182,0.8145332729296781
CC_67A65C2E3D91,0.09852374715980183
CC_67AABDFBDCB3,0.14455699892840707
CC_67AD2013EB3F,0.15319063290707352
CC_67AD8FC139ED,0.08678045254916247
CC_67AFFBD44509,0.44615941369962914
CC_67B1189A3913,0.09481132803533007
CC_67B1BE13BB47,0.21165334523490062
CC_67B1C7C433F6,0.42148819585806435
CC_67B33C21BC0A,0.07015484785561257
CC_67B568E5D485,0.05288876349628914
CC_67B6CA2DA7EC,0.0641522492749647
CC_67BAB47232A4,0.14618837768624204
CC_67BED50A9C94,0.08604081351921467
CC_67C367B1D794,0.0947045224892433
CC_67CA635EE77F,0.11693394206511631
CC_67CAEEB3FC0C,0.16525973986530074
CC_67CC77F868CC,0.3200075680595632
CC_67D238646559,0.13236633346058463
CC_67D47A2617D9,0.15962901006921898
CC_67D480F0697A,0.2739442481435808
CC_67D87C9585C0,0.08224892571520709
CC_67D906DB251B,0.15598560435665562
CC_67D9D038EDF1,0.0896085049635097
CC_67DD96D6A45F,0.2012020010449525
CC_67E0E0EE74B7,0.11523458791198697
CC_67E8F57A6D75,0.06640391519261038
CC_67EA5D2E0BC1,0.11728913205993234
CC_67F32FA6B3A8,0.1673293395938177
CC_67F3B67612CC,0.5707663919215138
CC_67F430F40919,0.19629546291848815
CC_67F44AF126E7,0.4252624050278021
CC_67FCE789C26D,0.08417058602872318
CC_6800B7EF8E7D,0.12814262817376582
CC_6804090809F4,0.7340067269657846
CC_6805BEA482DA,0.296354599527019
CC_680FA7ADF687,0.5829467979869322
CC_6812C7B13B66,0.7894871897133244
CC_68134EFAC106,0.08992172885885297
CC_68149EEA2D25,0.35186675409611434
CC_68185556DA27,0.6556655257811934
CC_681AD64466CE,0.22956471549620647
CC_681F6AD4AE98,0.09516258793477647
CC_681FBF9521A0,0.05198012786990923
CC_6822AB43A21A,0.3243280115678457
CC_682379EFCDCA,0.09286271569847496
CC_682630946491,0.6363935313224848
CC_682681E09B45,0.17022551389004204
CC_682868E6D0CA,0.06511523318662263
CC_682BEC5D14B2,0.7528495246750266
CC_682C3858C755,0.19730116619027105
CC_682D45019B36,0.659239282486767
CC_682E10BDB84E,0.05372144935637918
CC_68342C2CD6AF,0.05427702801296249
CC_68349820EDF9,0.7542618833729342
CC_683AEA1D74B8,0.19129749412864255
CC_683C556F3929,0.07068603126741685
CC_683DA0D65DE7,0.7760635416040517
CC_683DDA6A18C7,0.1877184979022509
CC_683EB3E0E3AF,0.1982042224827451
CC_68411AE2B64E,0.21090868781086022
CC_6844B6E445D7,0.2115362561088197
CC_68468D0B3865,0.040748966281098156
CC_684EBB4538B9,0.08174978017675318
CC_684F94F5A2BF,0.32994445860910276
CC_68509ABC103C,0.10235041173703388
CC_68527890A428,0.14168194438794246
CC_6852ACD5C8B5,0.16376326692985083
CC_68541FFC06DF,0.14464081738925808
CC_6854BF0E7B3A,0.04639839333405408
CC_685595790369,0.1271787824883827
CC_68562BC8108D,0.3182724450947477
CC_685EF665541F,0.6570551011751349
CC_6867B3248C01,0.4755986482677582
CC_6869BC55B2BC,0.07129737124069155
CC_686DBF96689E,0.054619745213692096
CC_686DCFCAF1AB,0.5982872234944268
CC_6875A0C7B038,0.08584849455438688
CC_68778D187B74,0.6735024430401552
CC_68783B5283D1,0.052203365493683464
CC_687D5DAD6014,0.10523190847451731
CC_687E653D5B9A,0.08938113490078856
CC_687F60B70952,0.13000910843454205
CC_6886D19D1C40,0.638345475335372
CC_688731C529A9,0.056232545923620994
CC_688A4C98C162,0.17582155073107109
CC_688C1222A108,0.07156451946407653
CC_688CF57094A8,0.182828325700133
CC_688DF448C1CE,0.6060814661143819
CC_6896128CFEDE,0.13175516494525724
CC_689BC1EE05A4,0.05305121032341954
CC_68A12AF63D62,0.060083095642247675
CC_68A34A27A91B,0.05707024233274201
CC_68A49C869570,0.22004807409687088
CC_68A68371D005,0.23794886290213751
CC_68ACFE419F59,0.3329772373469371
CC_68B034838BDC,0.2199857254891396
CC_68B265C9489C,0.05251756486645641
CC_68B40052A1CF,0.26524526403247756
CC_68B492696B4C,0.6536422675428254
CC_68B52515DF05,0.1672873320621457
CC_68B76CB11DC2,0.7037452955899172
CC_68B78BB06BC2,0.17047433090555544
CC_68BF0C12506C,0.07461638341642819
CC_68BF3BD32C96,0.18743077897027866
CC_68BF96B41CFE,0.17875739640966476
CC_68C0F220DBA9,0.21493517975414173
CC_68C1ACD861CD,0.23852934138689247
CC_68C7135E0AE7,0.7596655752821604
CC_68CAFC191630,0.28848403870378403
CC_68CBF57A5BC6,0.11592861416670597
CC_68CD6C4A8D09,0.17391993561264601
CC_68D03EAD1B68,0.6602798638731491
CC_68D28971FE5E,0.3234374374562652
CC_68D2BB6DF9CF,0.05930750882863491
CC_68DF3B1FDA6C,0.058255125317765034
CC_68E0146B7958,0.15481189333827788
CC_68E26BDF5B91,0.1720875092196736
CC_68E2E8ABF6CC,0.2242051063247057
CC_68E352B16B0E,0.7638583907075241
CC_68E3F21E8747,0.12695650178990914
CC_68E4A9CE65F2,0.05175818557482011
CC_68E5A38A9FDA,0.34753410884242175
CC_68E87E827989,0.11283267790928093
CC_68E9C68F43EB,0.16006615445528521
CC_68EA84632A7E,0.048543109977208024
CC_68EED2A17D2B,0.03100162757401766
CC_68F40665E2E9,0.06198971913665744
CC_68F54937BE03,0.08052403743614381
CC_68F90B4225F5,0.21969283895037667
CC_68F9E99BDA08,0.3261818765267436
CC_68FB4441B662,0.17852018966386957
CC_68FBAECEFDAA,0.3424190591902291
CC_68FE792C1436,0.1391826176360855
CC_69017C732DFF,0.25070216688607116
CC_690385DE9014,0.48154755287013556
CC_6904BFAB8102,0.16621587870667118
CC_69068E93BD7C,0.07642100747832725
CC_69070CB634E8,0.05369226890496302
CC_690B6325A4EF,0.0939946566893694
CC_690EC5DC9486,0.07764011028144542
CC_6911F8AF8FF2,0.0786777811797887
CC_6912EFFF714C,0.4560760271972367
CC_6913D2FBF143,0.23730452461533907
CC_69176ECAD8C0,0.04747595383165488
CC_69182CCD02E0,0.16609632268439461
CC_69199F77436D,0.10535229414522615
CC_691BB091F4B1,0.043244911870492744
CC_691CC5FCBAAB,0.08610785716782171
CC_6921DE0E336A,0.045893097014385785
CC_69231106E3E0,0.16375975395209533
CC_69237502A244,0.10312211372256734
CC_692471232A94,0.13719115550062327
CC_692A91971E02,0.47249426772672987
CC_692C0F9A1169,0.16541441420888056
CC_692D6D406B2B,0.170999280015552
CC_692E2E0D0BAC,0.15507642541042904
CC_692F61F36E61,0.11899915474765972
CC_693209A56143,0.11965111424322383
CC_6932F0432539,0.2781440715042285
CC_6932FEF179AE,0.10376014174868867
CC_694036FEB699,0.10177961498375292
CC_694087A29B0F,0.06317323567391869
CC_6941BBA972AF,0.0988780196593062
CC_69434AB552F0,0.05407023812513907
CC_6945F09EE995,0.05047570397812447
CC_6947D897EB7C,0.07456859436270413
CC_695011EC6CA1,0.10014949924724366
CC_6957920C6F49,0.14584341756830863
CC_695C5B845FD2,0.353162767091716
CC_695D088A758B,0.6584462552476141
CC_695D420B9A12,0.0583027716080725
CC_695E1B82521C,0.15836565268288444
CC_696404EFD990,0.05401284066276031
CC_6965FE4706F9,0.18911387876048424
CC_696887CAA9DD,0.19129620098867295
CC_696C965A2540,0.14560323626112298
CC_696D784429CF,0.16918028035067778
CC_696F2D66A2D4,0.1939491127862051
CC_69707E33235B,0.751293759443403
CC_6974EC6839AE,0.10209276657191188
CC_69774FF5B0B7,0.042087677107228244
CC_697EC98313DB,0.16194733915157272
CC_69821D3F613C,0.27707573649435896
CC_6984A9C1B696,0.14028116321923353
CC_69878DB176BC,0.05873704236153086
CC_6989BBF7A40F,0.08308902330052935
CC_698B24CCAC6D,0.18740466620751253
CC_698BA3F709EF,0.10342784219287922
CC_698BD67E7EE9,0.04801972487465862
CC_698D1AD18611,0.050296878108299616
CC_698DB84F8F86,0.16040232823101458
CC_698E179C5F2E,0.057847039423574775
CC_698ECFA37D54,0.23967246000908102
CC_699472340212,0.07232271646417052
CC_699A2EDDCD3B,0.1089335646727176
CC_699A58B7D87D,0.11942496760208376
CC_699B583B9C43,0.06886055376302802
CC_699C5393E3EB,0.0459568619700459
CC_699E22601934,0.5009001968179863
CC_699F59D52F5E,0.09125644162232467
CC_69A692D85387,0.11200562037730921
CC_69A74ACB984D,0.67242764172302
CC_69A8214506D7,0.04528982103338677
CC_69A8AA95FC43,0.501603694627589
CC_69ABAA8AEA67,0.05714943929716726
CC_69AC03EB0487,0.18843540207857523
CC_69B1173EFF47,0.14846181317650725
CC_69B54102C1AE,0.09013745375550643
CC_69B674F2D9B3,0.06642452203628904
CC_69B919991D50,0.048199770612151
CC_69B9C694E239,0.15271584123152782
CC_69BADFCBA9D1,0.1719901658392114
CC_69BD91999FC3,0.12611964358597766
CC_69C166A4933B,0.041888062685635954
CC_69C49FE88552,0.2208203991162681
CC_69C8E2EA182E,0.2760890348857161
CC_69CBF61BA994,0.16348043647558302
CC_69CCA2FA0084,0.08984072427565573
CC_69CD58AF5F89,0.1605595542803101
CC_69CE881542E7,0.09844191191025162
CC_69CFCA78EF10,0.05794452711791402
CC_69D57DBB6494,0.07633341194310075
CC_69D6B6E71E6F,0.16081100135452325
CC_69D75D46E610,0.15902666181447883
CC_69D88406816E,0.13707594920836036
CC_69D96257B061,0.08641410849118215
CC_69DC8B86DB60,0.6794729905261568
CC_69DD0D6CB1CC,0.5603355225406489
CC_69E0D45B481B,0.21281124142633123
CC_69E13AAF0287,0.62095932144698
CC_69E6CA4BA165,0.19125872116285358
CC_69E70B30BD80,0.044507085154458115
CC_69EFE0AB9FA4,0.5651016470112578
CC_69F1803DE0A9,0.053543641882225004
CC_69F719B0F305,0.15348760595654715
CC_69F7237CAB9F,0.12551468351676429
CC_69F7DBF6FD01,0.733552181307555
CC_69FA57001125,0.630869669574136
CC_69FBD8759225,0.20225818174987018
CC_69FC895E5541,0.7230880061779297
CC_6A00699842D4,0.07574958491495702
CC_6A03D74F0719,0.42078336552844264
CC_6A061C46FE5B,0.2488304492356895
CC_6A080650CC48,0.15250871649981035
CC_6A08246D89F4,0.05012626410326515
CC_6A120D55B5F9,0.36011716764248275
CC_6A14095033C2,0.6843987939500916
CC_6A189A969595,0.22905461208110472
CC_6A19746C0DC4,0.3480775455239414
CC_6A19F5E9A0E5,0.767026560049865
CC_6A1A43B543FA,0.1447235522633333
CC_6A1B223E0761,0.08511048824407101
CC_6A1E136745EE,0.1395310282860849
CC_6A20DFDB9966,0.20510267690977574
CC_6A2121E75EA0,0.2179655376995684
CC_6A2D3E0B8994,0.7017648070770557
CC_6A30D0E5AD22,0.13744049151953813
CC_6A31BF5985FA,0.6661036743325836
CC_6A34D98F8F91,0.05525709987066326
CC_6A35FB28673B,0.6948533992890262
CC_6A38B1A69BC4,0.394328730118365
CC_6A38B7DE0CEA,0.06298196666144991
CC_6A3D027F0926,0.09190319886807671
CC_6A40BA89C9FB,0.3298481689399475
CC_6A4189969A8A,0.12075181748383759
CC_6A45D850EBFE,0.10638572337443483
CC_6A47683C0DC3,0.054651528263159124
CC_6A4CBC1735DE,0.06167503301635172
CC_6A4DB70B6846,0.7588856107257776
CC_6A51E799DACE,0.10716519873978755
CC_6A5C4D268706,0.04429092008579025
CC_6A5C5D7C6CDE,0.7604093331333255
CC_6A6036128C41,0.08620999248036394
CC_6A62D1D309AF,0.07201032109514065
CC_6A643E725866,0.33307683495850043
CC_6A65A2FDFAB6,0.16138126920343918
CC_6A661FEFB6A5,0.23151419213692298
CC_6A6C9CB2E91E,0.07488886662017001
CC_6A706D97F751,0.12922554259831737
CC_6A7232D59F1C,0.07112956023231565
CC_6A77F7E0AFAB,0.05413641547874286
CC_6A78D63C7B88,0.25808702602530625
CC_6A8668936512,0.24818283338088315
CC_6A872C1EF0B3,0.37958193618811104
CC_6A88029C385E,0.16475625792138535
CC_6A8B550A481F,0.4193768314763554
CC_6A8CF4A7C65F,0.06907247534554939
CC_6A8E4C02227B,0.17296689964254516
CC_6A9C4F55DB51,0.4296202881439317
CC_6AA454A3055C,0.08592997793432912
CC_6AA6C43174D2,0.1508988917879678
CC_6AAE950ED1DA,0.16904590925915713
CC_6AAFB4D46D66,0.14187405698645028
CC_6AB6A1FEC0C0,0.6968967465042792
CC_6AB8535E1917,0.10945307679502132
CC_6AB9FCF7993D,0.42144290768130677
CC_6ABA8380DD61,0.22464264698417882
CC_6ABB5DB4E475,0.140744993705511
CC_6ABB8FA70605,0.6309868869965567
CC_6AC66F95C550,0.2941159285848575
CC_6AC7F69E33A6,0.4676093631450648
CC_6ACAB4B6CE54,0.3505467871566811
CC_6ACBAC70F77D,0.1253948405696427
CC_6ACF08D13AC6,0.18168983180803072
CC_6ACFE1296766,0.0894693039186717
CC_6AD1B293BFC5,0.06303153184302691
CC_6AD534027B30,0.1918386188330059
CC_6AD62350E590,0.16965428204574134
CC_6ADC1CA18525,0.10609535396713173
CC_6ADC9F011F87,0.10918859566265474
CC_6AE453FD268A,0.047068603763160785
CC_6AE804C71613,0.6261239652839096
CC_6AE845EE7579,0.10553283703321628
CC_6AE9D0068FD7,0.062461360111985234
CC_6AEC86D7375B,0.06524689354080446
CC_6AEE03D0B9A3,0.6552765266994249
CC_6AEF26D98312,0.147549260285372
CC_6AF0F156FB89,0.2522512388974965
CC_6AF5F5173925,0.14983243165120236
CC_6AFADD9FFFA8,0.07611176050131994
CC_6B040C43432B,0.4944979445939285
CC_6B0623523263,0.12462178315423067
CC_6B06501B1544,0.14725185469348864
CC_6B06E38FA7D8,0.19171438574221017
CC_6B0E89069CE6,0.21594559445482525
CC_6B0FA22EB394,0.09740528537058407
CC_6B15B0520C94,0.13850191666541178
CC_6B16EBB73F1A,0.12694264347941647
CC_6B18A7A99677,0.04020111474630064
CC_6B1FC5D49048,0.6361904586121845
CC_6B221E1CEDF2,0.19430050994764397
CC_6B2762A90AB2,0.4136505770295312
CC_6B2F3CAD34E1,0.08859391181225247
CC_6B2FDDD0D7FF,0.11386730054202088
CC_6B335F5747C8,0.13356806880372557
CC_6B391A38EE5C,0.04984340110269178
CC_6B48AB9FFB8E,0.14637118870675836
CC_6B49E1F42DEC,0.1222471796715497
CC_6B4EAAF8FE1E,0.21514726754927138
CC_6B51F020B477,0.14204771407212807
CC_6B5368966426,0.21673210936157433
CC_6B553898B0C2,0.19909170093526185
CC_6B592B8827BD,0.10681609000251532
CC_6B5CBDCE0927,0.11920068732676892
CC_6B5D73B32D06,0.12202986771612241
CC_6B622825525D,0.20217361415853863
CC_6B64D19754F2,0.15669738610785
CC_6B6A36116FDF,0.15404082632497618
CC_6B70C0BC12C0,0.06799635114769738
CC_6B76927A2B17,0.10847719150393209
CC_6B7738F7F381,0.04613043303279425
CC_6B776D13A55A,0.040609936739398625
CC_6B777349CC2E,0.12079450957767321
CC_6B7D2901D7DF,0.23001409877832985
CC_6B7DFD2E96BF,0.06574931365985937
CC_6B810A71085A,0.7583720114628143
CC_6B819B2A7873,0.06197624710621184
CC_6B8387800ACA,0.22461712697106936
CC_6B840E57A9BD,0.10910948512603011
CC_6B8DC490BE3A,0.12260227304894274
CC_6B8DC861D19E,0.08662762462810303
CC_6B8E93EB69B4,0.056281775340136085
CC_6B904745C120,0.38318883654304414
CC_6B91E2BA4D8A,0.09439379416815835
CC_6B97895A9B33,0.12628681218157572
CC_6B98D3CDB2D9,0.11537129574451754
CC_6B9EF56EE88C,0.6667572913428128
CC_6BA0B35D71CC,0.661603182882697
CC_6BA5F4BB1C36,0.05933431039049919
CC_6BA85D376EA3,0.18603838921341118
CC_6BA8FAF791E9,0.15615763938704136
CC_6BACE1E465D0,0.08961571695127377
CC_6BAF777D4CDC,0.07349830810478378
CC_6BB434F24B65,0.06988823117405626
CC_6BB4A898E048,0.1564318271883392
CC_6BB5DB7F431A,0.14990610425631884
CC_6BB62B9D3BC3,0.4818096154777717
CC_6BB9FC5315D3,0.3218243366469787
CC_6BBCC6F0325F,0.06564431967773557
CC_6BBEEED3E64F,0.24675058449362006
CC_6BC144859881,0.055033559103011845
CC_6BC36AC21F48,0.039848119847185545
CC_6BCB06C6B112,0.08583486784581913
CC_6BCB74BE94ED,0.343162234844672
CC_6BD0AC4A160F,0.27442548637546027
CC_6BD1B1B9B064,0.361761756105719
CC_6BD26F209C34,0.16862358722747522
CC_6BD2E853A289,0.06227075289765728
CC_6BD36A7B2F0D,0.0836748699347486
CC_6BD42003FC37,0.14753160565467038
CC_6BDB50210B5D,0.253783453806151
CC_6BDB5CF39811,0.3710855635469822
CC_6BDC0EB2386D,0.0885238882282062
CC_6BDC2C155F52,0.24628098829874773
CC_6BDD851D812F,0.20264628197197831
CC_6BE2980F780B,0.10045540820042895
CC_6BE9E964B01E,0.051205715731817626
CC_6BED2C1B62B0,0.061988731995170396
CC_6BEE01374922,0.047609081160210696
CC_6BEE6E47AF58,0.07437503847671043
CC_6BF062B294AC,0.11228973341003526
CC_6BF10C1DB435,0.07031273921280416
CC_6BF47B5A43C7,0.0775696493832589
CC_6BF4C88378D0,0.12878721239384788
CC_6BFAF634010B,0.0970467310436669
CC_6BFBE309A968,0.2681575782505818
CC_6C0321D3D47E,0.2837957379138528
CC_6C0395B27B58,0.7359972640945431
CC_6C0683C38C71,0.15054482704941735
CC_6C08CBA93460,0.1537435058531546
CC_6C0D5D157D4C,0.1546532035740743
CC_6C11350A7134,0.11990706167726424
CC_6C11A4CB1719,0.22287143684437333
CC_6C14140B60A2,0.06562261332562863
CC_6C14E56AD78D,0.1988311280201176
CC_6C1A7287CA0F,0.80306145041441
CC_6C20703AA012,0.11047776746783433
CC_6C2431507647,0.1774837455578863
CC_6C29AA0F5F1D,0.12557138459067224
CC_6C29F4D1D068,0.15784438113587015
CC_6C2AB7D1FF45,0.057990212408199994
CC_6C2B91997047,0.07325002858147922
CC_6C2F09109795,0.16600891653248
CC_6C2FFB25BE2A,0.7316333247619837
CC_6C302F0CE13B,0.18613637706237807
CC_6C327D9208AE,0.21968602019401268
CC_6C32D3CB3100,0.1852975307355864
CC_6C34FF640DED,0.09194360197365237
CC_6C35640D5E9A,0.6297913486331566
CC_6C35F94301D3,0.13539055553338902
CC_6C3D2D058882,0.18338918142158744
CC_6C3E5AA1AC3B,0.05127668862364572
CC_6C436801274C,0.08500898607157975
CC_6C44ED518620,0.4092740862467966
CC_6C45E1B0FD68,0.6457826032869438
CC_6C4CCCCDE7EF,0.1445042169979322
CC_6C4D6820D258,0.11693377852465366
CC_6C5137B95704,0.058284752985646796
CC_6C514E72E87B,0.18135430704365882
CC_6C523A9AA694,0.17039077668339092
CC_6C53DE145D18,0.5015737000362942
CC_6C5AC579CFD1,0.1983059002814899
CC_6C5DD5D530FB,0.39023687567946974
CC_6C624859D400,0.05159755322066151
CC_6C6D321EF665,0.10832904379025539
CC_6C6D3705F652,0.07366280722552339
CC_6C6F9D117EDB,0.287425352582972
CC_6C723182C131,0.13925456901684857
CC_6C729FA363C0,0.06460336339674458
CC_6C72C51B5B84,0.18929751569337666
CC_6C75AEAC877D,0.460775072640884
CC_6C760954209D,0.1519624720352147
CC_6C77066F627C,0.536058498390423
CC_6C7830F1A337,0.5387261598343094
CC_6C7F3129653C,0.19756175046739752
CC_6C7FD16E66B1,0.09412852895228371
CC_6C8577483349,0.05300863192490411
CC_6C876DADE62F,0.10440353986098938
CC_6C87C0D7ED2D,0.07792555688725293
CC_6C87E6E2BC35,0.039736859098033296
CC_6C89C270BEAF,0.08502708057536276
CC_6C8E3423161A,0.0904914783905711
CC_6C8F77F8D8C6,0.04751773135796079
CC_6C9214A1DD8B,0.0663357982830651
CC_6C9FD5C95754,0.5130880719362445
CC_6CA433C0AB49,0.10552457181309707
CC_6CA473EDED32,0.06781979016665697
CC_6CA85B0A97E0,0.1203023994539399
CC_6CADF14E6490,0.23178424443211104
CC_6CB074AA615F,0.1453108188550695
CC_6CB0985AB80C,0.14128071494119498
CC_6CB0D1D0665E,0.13598896301903637
CC_6CB66B0F96A9,0.04731613267833
CC_6CB7A2BE9A17,0.8189948939551289
CC_6CB7DEB209C3,0.1603488109749219
CC_6CB84A025863,0.0633235028524958
CC_6CBD141A4C20,0.13358693850969328
CC_6CBD5FCE0D70,0.3004747295722808
CC_6CBD9A546B98,0.10093302055877651
CC_6CC1F00B55FE,0.05181186300001056
CC_6CC2568521F0,0.20329485546566536
CC_6CC2697A8F81,0.09377088996166247
CC_6CC2F849ECAB,0.2321781530281511
CC_6CC7949FE0AC,0.31596247850851034
CC_6CCB0E9FC922,0.0994695594736176
CC_6CCB1499C679,0.5211008616381305
CC_6CCE085E7BDF,0.20580559657141412
CC_6CCF9B03A597,0.07023413757074679
CC_6CD21BF9564D,0.7437257855306307
CC_6CD994CE0BBA,0.06879754636994678
CC_6CDD1680D5D5,0.6081809371506095
CC_6CE26487B08D,0.23105421652335165
CC_6CE4408DD719,0.049614852335026424
CC_6CF4543028F2,0.6829089307047372
CC_6CFAC13BECA9,0.7721544252449665
CC_6CFB229D4798,0.11960419683024852
CC_6CFCCC14E98D,0.1236717909488815
CC_6D0144C0A2A1,0.046326093019055714
CC_6D047CCD0431,0.06850072040611192
CC_6D04A83FA41C,0.157301752304356
CC_6D0D60891DF7,0.11358341183977168
CC_6D12C5313B22,0.1193034983681877
CC_6D154DA6CFE7,0.0781993361434882
CC_6D1766FC0E2D,0.19118770442584515
CC_6D1B20FDD21C,0.7653087224464475
CC_6D1D42E6F08E,0.11144138083279227
CC_6D20E9F1AA1D,0.48709666432689736
CC_6D2B44A13FBC,0.04024669930440071
CC_6D2D11C107A1,0.02601546467191417
CC_6D2DCD2CC154,0.12995136346406228
CC_6D2E5C1E20BA,0.13531654787109854
CC_6D30E86C8176,0.12005239651821856
CC_6D328B90AFC8,0.7855623975753655
CC_6D33A92F805B,0.07663645661360641
CC_6D3D0D73F405,0.542689319693501
CC_6D3D169DF931,0.10574608587893242
CC_6D3FCBC535E1,0.07141465939075128
CC_6D426B7E0B26,0.6846868350034278
CC_6D43FFA10D55,0.06350788755929264
CC_6D4656DA87BD,0.1385200551130605
CC_6D48E64A2153,0.1228948516640362
CC_6D4CC44D737E,0.6357908012136729
CC_6D4E7B45ABE4,0.18080498421883232
CC_6D4EBEEB97E3,0.21525050460850514
CC_6D5302CBB19A,0.03818149815670488
CC_6D5357B211DB,0.08263812219128257
CC_6D54AF1CCF55,0.13968564495172373
CC_6D553E991745,0.09836284327294698
CC_6D56C46EE16C,0.04695033436483311
CC_6D56FDEF9404,0.690377435694385
CC_6D5DA9F7A0FD,0.0636148197022813
CC_6D5F5DC2818B,0.5410194922475589
CC_6D5F7F62F168,0.2765773514937652
CC_6D60AFA34B93,0.3452134889871263
CC_6D61F92F59F1,0.10345596954919571
CC_6D683A9376AF,0.16539304615210343
CC_6D6C5D17FD9F,0.16887073197048239
CC_6D6FF8132FAE,0.1025954884050099
CC_6D73BF89386E,0.13488566080045303
CC_6D73DBF6C301,0.17706429160975676
CC_6D759B412950,0.4936944575879278
CC_6D79459F82B9,0.18105575296991339
CC_6D7C4F16959C,0.08865189090879438
CC_6D9139670225,0.12791540623300943
CC_6D969AA5ECA2,0.22081749081717258
CC_6D97F1886BB5,0.1577063611429958
CC_6D9E0A0B2C5C,0.047804970947368894
CC_6DA550291FBD,0.19737243273734922
CC_6DA9A64970C0,0.27005045980477227
CC_6DAC231470D0,0.22507755175059305
CC_6DB12FB6B6C3,0.12929186730779568
CC_6DB442B29815,0.23812274611137033
CC_6DB800D891E3,0.07569676842908814
CC_6DB8DD48754D,0.15429595724095055
CC_6DBE43F7AE91,0.04824677650876757
CC_6DBF6D74D7E1,0.12721135691822702
CC_6DC52041115A,0.280176064566494
CC_6DCB6F04DCFD,0.5560582361057017
CC_6DCC2761B581,0.06413977877412128
CC_6DCDBF850407,0.038931156719571106
CC_6DD1EDC405B8,0.13404084833977503
CC_6DDF5C1BFC5D,0.12171215889835393
CC_6DE93AB05B38,0.3149522425961525
CC_6DEB558FE790,0.16574776203282418
CC_6DF0CCD00A36,0.10047127710235934
CC_6DF36686EA4E,0.26931469941504116
CC_6DF6310D7EEE,0.07424670916801085
CC_6DF9059A5700,0.13723245007849066
CC_6DFF90E03FA0,0.4782362024029374
CC_6E000A66D14D,0.08705242568005014
CC_6E004F76F90A,0.03960373307356036
CC_6E009178D1DC,0.1867101090618663
CC_6E00BCD9059E,0.7523519935014003
CC_6E01463B2748,0.055095033842583074
CC_6E08189EDC3A,0.15439529360298593
CC_6E0F04D7C91B,0.5226714672163228
CC_6E0F8AB7C277,0.24445493434951823
CC_6E1253819338,0.15492353776054035
CC_6E12C184F840,0.2700718132868519
CC_6E131F068F36,0.17568384228971615
CC_6E14E59BBA79,0.18810398341704465
CC_6E198580405F,0.10918741115878756
CC_6E1BC97819D8,0.13145586865945663
CC_6E1C8B96DCB3,0.6982522177796346
CC_6E1CA1A1536F,0.7956500874480648
CC_6E1D6BC405AE,0.1808605157433521
CC_6E1FF3EED0B3,0.13337565872935792
CC_6E2147F003D5,0.10969822291285425
CC_6E224EC66804,0.21996836226029476
CC_6E22C232C350,0.07712592699135543
CC_6E2430FC56CA,0.23578439592648764
CC_6E247A95E9EF,0.5098163842793909
CC_6E27534D038F,0.1222914290325228
CC_6E2A3ED14751,0.1722744567142896
CC_6E2A9DF57E52,0.19139681341538156
CC_6E2E1FE7E40C,0.17761355281207974
CC_6E2E56C5E1C5,0.2992555866771866
CC_6E3249727979,0.5906015746961135
CC_6E360D8A3349,0.23322318423710636
CC_6E3630145EE4,0.08017322201832447
CC_6E36D9EACC5E,0.12724364905507712
CC_6E39F838CD39,0.13311295561263722
CC_6E3D53767B28,0.627283094663879
CC_6E3DA074126F,0.06415384157249393
CC_6E3E67A487AA,0.16271321464611965
CC_6E3EF35BD2E5,0.08232174390624128
CC_6E3F9D236C11,0.17263339230452335
CC_6E447971505E,0.16736698374704692
CC_6E466C975E9A,0.1154212739681344
CC_6E4985106668,0.05101134067585489
CC_6E4B30ED7CF8,0.0830845748228678
CC_6E4D296B7939,0.10374995584848487
CC_6E52863341ED,0.11153301364571684
CC_6E52C2EC1CAE,0.15947972491098683
CC_6E5BA9DA26F4,0.23560648865546444
CC_6E641C435270,0.13163814034263693
CC_6E667941AC4A,0.06147106510865278
CC_6E672636A2F3,0.0699015054238146
CC_6E6AB92AD008,0.1623873431452397
CC_6E6DF29051D0,0.2354115578829039
CC_6E7106410101,0.1220654518359702
CC_6E715BA6657D,0.1442364514085469
CC_6E71BE313C58,0.13247552102511495
CC_6E78C472A91F,0.36580072538116176
CC_6E7918E08139,0.37580169736668484
CC_6E7FFAFB2DAE,0.08912486105427667
CC_6E83E43F4297,0.3794164302951197
CC_6E87AC5CBCAB,0.4487999922591285
CC_6E89F1CC0821,0.6656300803645452
CC_6E8A58A8B22A,0.23683335440911954
CC_6E8B5E65065A,0.2767057462646623
CC_6E8C61BFCA8F,0.12872783272766555
CC_6E8C99C99E4E,0.24368735128551297
CC_6E8DF0A1F736,0.30007687883632195
CC_6E938A61F47B,0.10492140085654048
CC_6E98BCBC2549,0.12151206614764617
CC_6E9A32537693,0.05465174392989691
CC_6E9B28B6382E,0.3027874611261163
CC_6E9FA42F62B3,0.03864453818279996
CC_6EA0407AF0B4,0.10653321816776129
CC_6EA4BF9D8B43,0.059059236860405206
CC_6EA6DDEB54CE,0.28286716206500084
CC_6EA99680D50B,0.13067700314135725
CC_6EAB03D9A4A8,0.25837175089529973
CC_6EADCE71C525,0.06462549256337591
CC_6EB16BDF3C69,0.04413296622284311
CC_6EB755019E00,0.2305621842378253
CC_6EBB2E2B3BE9,0.14699544179625024
CC_6EBBF4EED0ED,0.09935445310598896
CC_6EC1EEAFC389,0.11399168569942748
CC_6EC3BCCD6C5F,0.4477073782955963
CC_6EC671937917,0.5477599845919038
CC_6EC9A666AD3F,0.360573174863248
CC_6ECD4E11FF5C,0.6344765740126015
CC_6ED0C5D3AEDF,0.1916776146651484
CC_6ED92198F7B8,0.36174440041950173
CC_6EDB939C378C,0.6352724139650755
CC_6EDBDC0DE552,0.09664526303982128
CC_6EDC12D321DC,0.07656820229922368
CC_6EDCC6770ED7,0.10042812233976257
CC_6EDE8624307D,0.1815320507077318
CC_6EE01E672807,0.1872870812075926
CC_6EE168BDA38F,0.3859735739818967
CC_6EE2D22346C8,0.48752087734160987
CC_6EE77A2EADC0,0.0788027003884417
CC_6EE8C6B8E126,0.17082087240907548
CC_6EF2E8D6626F,0.6499396400134098
CC_6EF75FCE719E,0.2882626850982833
CC_6EFF52032822,0.14311509705038145
CC_6F01966E75A1,0.29536690635223084
CC_6F041DE9209B,0.04319574039960231
CC_6F06774F1F16,0.07754815880707379
CC_6F06B90BA110,0.5288897271405482
CC_6F0796D1794D,0.08633760334400808
CC_6F0A5A3116B1,0.5108211636495883
CC_6F0B2C33FAE3,0.22585294477984424
CC_6F0E1A92A9B1,0.2553457288770498
CC_6F0FF5AEE79D,0.14977130915609466
CC_6F12E2C02049,0.17689773588706367
CC_6F203155FC2D,0.6384069265266928
CC_6F2083495108,0.13890750730290746
CC_6F21AA1B4F32,0.13627739285634205
CC_6F2205F5E91F,0.22912026991086454
CC_6F22E5DEF6E8,0.25823163353422973
CC_6F24E727F772,0.3301381784197167
CC_6F2760B199C9,0.06970615244486861
CC_6F2868388408,0.06381326570627341
CC_6F28DAB9793E,0.06765259223863014
CC_6F2972D21143,0.2325002361181263
CC_6F29EE202B8D,0.0632154952677071
CC_6F2B6E3E9440,0.06395034524273174
CC_6F2C27E67DA2,0.2669232581986594
CC_6F2F3A802ED4,0.1794481969010347
CC_6F3310501E1A,0.2099531589425482
CC_6F356772C89A,0.3398300861613136
CC_6F3940DC0BA4,0.1513039223478699
CC_6F3DB2C989CB,0.19988607134445222
CC_6F3E56A25D1C,0.22603553096504778
CC_6F40CE34D294,0.04040845176114347
CC_6F449421B0E8,0.13048484467688762
CC_6F473153196E,0.045996587767047195
CC_6F486CBFD386,0.3565834872222935
CC_6F4A9AB95952,0.11926354557165912
CC_6F4F8B475AD1,0.06406090917079078
CC_6F55DEE94996,0.6890648870072735
CC_6F580FFC99D5,0.2894317129035264
CC_6F5C53963A4C,0.20409737899649344
CC_6F5C89684419,0.3539827309371767
CC_6F5C8DB2D438,0.12774333571874502
CC_6F5D9DBA205D,0.18208090590005863
CC_6F5F59AAA68E,0.7706576108673973
CC_6F63CE03C83B,0.10588937721950101
CC_6F644BBC7DAE,0.06185825715742689
CC_6F64C2AF7BEA,0.0686941506422761
CC_6F667733B0CF,0.09663778891224875
CC_6F6AA3ADB7CE,0.07211775868426067
CC_6F6B98ABDA80,0.05185653778932795
CC_6F6D66E4E817,0.0532319525571298
CC_6F748B6381C0,0.24701676893213934
CC_6F76DF143430,0.18679787098949202
CC_6F7833427CEF,0.17090408979947697
CC_6F78D885E653,0.18319002624162345
CC_6F802591850B,0.25391550787977984
CC_6F804F449FE1,0.19600993695764166
CC_6F819642D3B0,0.037050274107795884
CC_6F81B8AAB2FC,0.04399587909204429
CC_6F838A13C8F5,0.10674917658284946
CC_6F86DC977977,0.6086604210542811
CC_6F878C919F84,0.36370672160220974
CC_6F8817FF7C5D,0.13328013247029152
CC_6F8D9A027A34,0.09541470073505816
CC_6F8E2C767F62,0.1253689619474264
CC_6F9017844300,0.293364265098315
CC_6F91F6D4DD3A,0.7202276956993099
CC_6F92FED838F4,0.20638517911467952
CC_6F937E943111,0.061421309604593945
CC_6F93C7CFA7EB,0.6928139488231192
CC_6F96690A4E5D,0.20440673302785978
CC_6F969BB2559C,0.21243825336779013
CC_6F9B6C47D808,0.5779727308636833
CC_6FA1B9573590,0.055544083467323827
CC_6FA1FE657D98,0.22003384754953242
CC_6FA3666A932E,0.7140459335142331
CC_6FA77A51DC9F,0.5796631677803342
CC_6FAADB321DC2,0.09687940496026917
CC_6FAB2BD386B2,0.06614229972525351
CC_6FADEFF9CEF8,0.11887074577081791
CC_6FAE4C784329,0.19259718220643074
CC_6FB0C90BBC75,0.3328030311378486
CC_6FB6C1F547B9,0.6650584552775338
CC_6FB7ACBA9CAE,0.08098256580477696
CC_6FB9912F8E4E,0.08182260790729637
CC_6FBB0BE37C6B,0.23053959961311693
CC_6FBE4E6CD341,0.2276119512324728
CC_6FBFD8F65951,0.10248027761458249
CC_6FC0CDA1E45F,0.44623165313048335
CC_6FC134BB8A05,0.20500776862104417
CC_6FC18F82A532,0.13963710045027047
CC_6FC32134094C,0.22407964021008414
CC_6FC3ECFCF2E0,0.336957742041141
CC_6FC9C0CD2718,0.07051047170131712
CC_6FC9DB8CD128,0.037754436200495435
CC_6FCDB113F719,0.7746293086005819
CC_6FCEF85771A8,0.3205758156300349
CC_6FCFC4CC0393,0.1337881805225403
CC_6FD3254F11F3,0.07655494159649597
CC_6FD4DA46D18F,0.08833230193702866
CC_6FD60B1552FD,0.09705378488553765
CC_6FD939ABAA06,0.17171352171986004
CC_6FD95DD593BA,0.042879093132633404
CC_6FD9DB98354E,0.15554545485890522
CC_6FDB30626BCE,0.6546135422957766
CC_6FDC65C50975,0.10212203833064482
CC_6FDF03CDD4FF,0.7635861955824783
CC_6FE6C21D1E9A,0.6454661106646866
CC_6FE6E5E900CA,0.096057328964506
CC_6FE70FA6EAA0,0.033554958163438946
CC_6FE7135BE6CE,0.1684353454900376
CC_6FE72BC2A906,0.5332406476728024
CC_6FEE1D89D55D,0.39823503360362766
CC_6FF03AF08941,0.6529268501474241
CC_6FF2190E9605,0.17073902800321994
CC_6FF64B548373,0.17806017334005333
CC_6FF6CBDA0BDE,0.052273679536344334
CC_6FF70EFADFC2,0.6801071682731525
CC_6FF848364B3F,0.08763989416695342
CC_6FFABFE2C48C,0.10668617315792046
CC_6FFCF51D0517,0.18486861261224358
CC_7001FCB0D011,0.25698148878188426
CC_70035092BB10,0.7774687313035488
CC_700D672479EB,0.17289903030258458
CC_700E0701217C,0.0696438217400934
CC_700FAA8232D3,0.1434421819679333
CC_7011D7B0851E,0.4743020956515346
CC_7013B8BA9159,0.09897368611441004
CC_701442114B87,0.1084362758105936
CC_7014577FF979,0.29731825240209947
CC_7014A84CCEF3,0.12491879615851098
CC_701624FC4B4E,0.0550476969147682
CC_7018615825CA,0.18637372880071396
CC_7018AA1DB649,0.12737491492825415
CC_701C73586F38,0.4866562346437095
CC_701CB89E3912,0.1785118096385944
CC_701EFBD90203,0.11999268145855209
CC_70214EE1BBA0,0.17744970945873445
CC_70221F5E6718,0.3372665999455504
CC_7025B45A2AB4,0.0668016772650806
CC_7025DE3C1081,0.24435718779707724
CC_702A29A687F6,0.08522823801771562
CC_702D0C6DAB28,0.7505311637704157
CC_702FE2011D04,0.06167279174972644
CC_70345F02D0DC,0.17297363456609058
CC_703462C6B77A,0.1839168968956101
CC_7037AB51C352,0.46670838266715065
CC_703A69A00D63,0.07044729586107093
CC_703ED3CF3F53,0.0726669608902859
CC_704075C5A523,0.43934635211513784
CC_7040B6BE6D19,0.09819065925363613
CC_7044917378E3,0.3055104113266577
CC_70454E73F4B8,0.5313094557134391
CC_704637949F40,0.06537954984976663
CC_704659DBF12B,0.19897891717918684
CC_70491F19265C,0.4502479001657959
CC_704CCE985672,0.16908231105704072
CC_7052934EE4FD,0.3596114929169583
CC_7057916A18F7,0.2090322407747541
CC_705D946D5DD3,0.04927711607106737
CC_705EDE2EB5E9,0.16324506200080863
CC_70628F01D184,0.24076458161748399
CC_706590F87F73,0.08829533769419165
CC_70664DC3CDC0,0.2518588156499807
CC_7066DBBC8A1F,0.08839106622216031
CC_7067B7410BFD,0.1259586039747002
CC_706B0C7FA966,0.1576217938367363
CC_707FD7B1BB4C,0.148516731382538
CC_708725ADEA94,0.12775818125630478
CC_708CFAA499FE,0.736335772610642
CC_708D72179C87,0.19301503882648455
CC_708E44A9E203,0.19307473946277592
CC_7090EB20CADF,0.1713716654534011
CC_70930A260B94,0.11569863163243163
CC_70937720B3D3,0.11317159566186419
CC_70962C576615,0.6498732336775158
CC_709761099BF3,0.7510866500563866
CC_709B16F08328,0.6794163144437942
CC_709B656A3731,0.20293497425157522
CC_70A5031978AD,0.0899569394467489
CC_70AD212D013F,0.0682147248232385
CC_70AE2F39A0AB,0.17272853910184618
CC_70AED8B49D09,0.056192259634608596
CC_70B27966ACBF,0.7751447576915342
CC_70B8BAFB621D,0.44314567705958785
CC_70BE645B7A5C,0.05041761696581346
CC_70BEDDDEC34D,0.05001836758962981
CC_70BF2596BE09,0.6645916265645493
CC_70C199A93FA2,0.06525183087995648
CC_70C68157C827,0.10313339579510003
CC_70CFDE0E2707,0.14101098513528815
CC_70D25B84FE5F,0.22437777391496172
CC_70D31F27BAB3,0.218222825133542
CC_70D3C8AF15D2,0.08829355220702714
CC_70D57752B3DF,0.6246780443325417
CC_70E3173D948C,0.07098623915276762
CC_70E3466FBBA4,0.21007812789423297
CC_70ED82C6AFDE,0.053823661853448744
CC_70EEA83F27AD,0.1070262585816278
CC_70F0EE8D69F6,0.040236050598245865
CC_70F668032F6A,0.08366504393918321
CC_70F7C0501B92,0.4315835199651555
CC_70FBDBDDC2DA,0.11944203094090752
CC_70FD6520E48E,0.43507121565452794
CC_71058D189805,0.058354745526751295
CC_710642FFD95D,0.18709866341073927
CC_710A65A33895,0.2497242847177467
CC_710C598116B0,0.49560248729095413
CC_710F3E623A74,0.04648613766917522
CC_711042AB5534,0.17045769119740614
CC_71132DBF492F,0.20429181205818048
CC_7113F0DEE9F6,0.082222907764696
CC_71161F8EC238,0.5833886506915075
CC_7118852483F1,0.07093791231598039
CC_711AC37F1D5A,0.06359313652959359
CC_711E2DE1D512,0.12409951002016295
CC_7120A01BA38D,0.08560347294272161
CC_71252D9D5389,0.2238633898075495
CC_712A0768D512,0.3759269175700673
CC_712B09D37522,0.06159191360714393
CC_712CEF828ACD,0.1576451858981002
CC_712EFDDC8F76,0.17887346233805299
CC_7132564FFAFE,0.15140238146579726
CC_7136E77877CA,0.047602518142988076
CC_713D4E47BB94,0.053526453955105004
CC_713DE784F4EB,0.15468605163970392
CC_7140067D83C5,0.5018433021622337
CC_71407E3597BD,0.06274781802824714
CC_7141A7E02150,0.14106101340946248
CC_71438B55AB64,0.06462020072834937
CC_7143C117A541,0.06777713381615248
CC_7144D344845D,0.3493008308073854
CC_71456D7BB15B,0.051993105569686025
CC_7149D13DA449,0.30897344872904703
CC_7152820721A2,0.43957718120535966
CC_71543C33E402,0.719874424371295
CC_7155EBB065A5,0.05431262568485249
CC_71579E6A8F2A,0.10308759635899908
CC_715F9A700E90,0.06986558081550517
CC_716270439D20,0.18025648317451531
CC_7165CF007ED5,0.4335754825970242
CC_71667FFBF793,0.1756349019835825
CC_716893AAB4BB,0.18993685962292536
CC_716C1EA3AF99,0.054791357287222155
CC_71717566BFB2,0.11677663895890304
CC_7178E9DBF194,0.08957527691775365
CC_717EE6BEFDE4,0.11893551986014206
CC_717F33D0F559,0.11216076119837812
CC_718213B89BCF,0.04217858123695459
CC_71845E889975,0.055984940281979235
CC_71847482F521,0.07120140521915003
CC_7184BDC51437,0.38488307432132796
CC_71851405D596,0.14592960553428316
CC_7187D19F6EA2,0.4878756713245421
CC_7189BE364CD7,0.5529285501479557
CC_719022FBB86C,0.30407290937888254
CC_719257A082C1,0.6333010903964089
CC_719A5398F43F,0.0785379559606078
CC_719D0B95C139,0.06987251102990914
CC_719DE1B4952C,0.08166382020434176
CC_719EC7F80791,0.2263374809160396
CC_71A5E64518FA,0.059984709448142715
CC_71A7F34F8BC7,0.31436659823180235
CC_71A95B3B8879,0.08730610695167194
CC_71A9C8992534,0.11601315090538189
CC_71AE60F778E1,0.10725671610146506
CC_71B0A6BD2225,0.4144418072605198
CC_71B25CF4BEEC,0.4484849917044643
CC_71B4BBD24100,0.0795601394744316
CC_71B6B0F6F158,0.05053579283146688
CC_71B7981218C3,0.058069853275145224
CC_71B8C9B5DE24,0.6659079262495362
CC_71B97387D463,0.10402658220980854
CC_71C0AE51AF80,0.047020158165295624
CC_71C0B9E76FA4,0.1507252163142527
CC_71C2E1B7391B,0.22870514076223616
CC_71C8F520E3A9,0.04256060805584985
CC_71CCBEF2D420,0.052525857687013934
CC_71CCDD962EDD,0.27288904942987213
CC_71CEFD39AD0B,0.2043396676817975
CC_71D0743372CE,0.18365623503218503
CC_71D2B9ED7923,0.12158811458381477
CC_71D75F6FCB4D,0.2899606378061373
CC_71DA512F92DA,0.1054160458780177
CC_71E0D60FCC86,0.10138051831730288
CC_71E6A7DEBE53,0.03566661819354396
CC_71EB1484F33C,0.04961596800469321
CC_71EF5DE2015B,0.2281252635283441
CC_71F014546391,0.6263653366471699
CC_71F2D673B052,0.06281986453025071
CC_71F377A5B0E7,0.40186946709035354
CC_71F83F37BA3B,0.11988149947933487
CC_71F8634E1CCE,0.1061951576680021
CC_71F880C897A3,0.20966126305152533
CC_71F8F9570E91,0.1452573928433753
CC_71FE463377E4,0.06488624992399644
CC_7201F3E59278,0.6880129598173129
CC_720484026ED6,0.219129128175472
CC_720636B23667,0.662998138828982
CC_720743C9B2C6,0.08507584405340554
CC_72074CA2AF1E,0.3192835918327861
CC_720EEC7DA729,0.044756083991422536
CC_720F86670142,0.07357065020548623
CC_720FD4FE6D12,0.09665529947854842
CC_7212DAE9D48A,0.1157554158829788
CC_721378401C2C,0.3259658201375696
CC_72192CF7A8EF,0.07216749257919347
CC_721E4E7E295E,0.2293697631825638
CC_7220BDEAFE36,0.09254762019062603
CC_7220EABD2D26,0.09191273795862809
CC_722128C4B26A,0.2284913390859194
CC_72220F0857D7,0.08990310816461945
CC_72250776D2BF,0.13817360321060862
CC_7227D7752768,0.32407467265607487
CC_72310A84BF95,0.6100570135546219
CC_723215556F1A,0.053940577865864925
CC_7233B3EE8C9F,0.1377831270394548
CC_723B23D721A4,0.8197613537537857
CC_723B30E93028,0.1099022689856641
CC_723BA8294C47,0.13088238644704592
CC_723DAB9D2037,0.1865719102055066
CC_723F650E0EB1,0.24111462041613438
CC_7240E8D19BCF,0.16701361506826412
CC_7248EFE3E6FE,0.07502664247668445
CC_724ECCCA1ECA,0.1623472133902404
CC_725491B2E717,0.03815987484040202
CC_7254BA25E935,0.07767439637800622
CC_72608D514A63,0.044931125716868144
CC_72627D53AD7D,0.14803828266587815
CC_7263CA86CEE0,0.07420087301459985
CC_7263D9D68CB8,0.2640387344050743
CC_72644954BD47,0.1058635747418559
CC_726453717B0D,0.6400042793847625
CC_72660AA2766F,0.2806993521587516
CC_726BABDFAD59,0.24379657002008964
CC_726BD2FCCEB1,0.04257350156817945
CC_726DA0BD446D,0.6341001140351077
CC_7272365A030C,0.5540799161720932
CC_7272908DB5EE,0.16616222827765456
CC_727506DAB9ED,0.061757852338217054
CC_7275121FB49E,0.034544864192021324
CC_7275E868E5D1,0.07465041463385644
CC_727C3199073C,0.12319717999740412
CC_7284300BA410,0.42648232709357553
CC_728499B6419A,0.09137063066915194
CC_728907594C2E,0.12335971839963722
CC_728BE2D4B653,0.2851361899548722
CC_728BEBECE959,0.32748078357729554
CC_72911427B140,0.043912104952522284
CC_729511DAC39D,0.11702133113255198
CC_72971B6C943E,0.12734959190511955
CC_7297304989F8,0.30026839380425296
CC_72988E7B3F1E,0.18084980317209534
CC_72990BCF575A,0.06598383126232994
CC_729C779F050C,0.20623205731983907
CC_72A17EDDFDBE,0.11744799806224926
CC_72A216E69746,0.06540734895845915
CC_72A372ABEF72,0.6634470423988882
CC_72A5DE2D95DE,0.09837054470755466
CC_72A68A9C5308,0.04116350204211812
CC_72A7338CE31A,0.13092460411637658
CC_72A8A69A836C,0.21806356074981154
CC_72A8BDF8966A,0.3046902498885997
CC_72B00FE093EE,0.17560144752600565
CC_72B04CE3905E,0.07307077901088307
CC_72B1183AA636,0.2849532131171836
CC_72C000CA77F2,0.043550452393334826
CC_72C008D593DD,0.1279094719058796
CC_72C22160AC20,0.12426832745667071
CC_72C4AB28C057,0.08029316458739694
CC_72C93D22367B,0.21610046388455798
CC_72D24852BBDA,0.11353969505831707
CC_72D2FDF8EE9E,0.16506037085369374
CC_72D8FE817E68,0.13625066548985204
CC_72D90C81B97C,0.7605326578991621
CC_72D9234A3691,0.05748567651193228
CC_72DA0C4D9F50,0.7637854013150048
CC_72DC50FAA69C,0.1042432769890194
CC_72E93409D10A,0.17526868117998828
CC_72E99BF04CB6,0.7410617874737879
CC_72E9E6F17C3C,0.6971834402152777
CC_72EB0FF655CA,0.5718713049885815
CC_72EDF54A4FDE,0.06858808940466049
CC_72EE74428267,0.1501189865328922
CC_72F5EA30A87D,0.049806769370583134
CC_72F6213280BD,0.1562132396141777
CC_72F7B4B18C6E,0.1183069629718712
CC_72F901EA4FDA,0.11303147401499772
CC_72FB87E6D3A9,0.5417013008535811
CC_72FC3AEE2704,0.06029616287452312
CC_72FEF68678DC,0.13963838761844577
CC_7303D5B9C5FB,0.30042842936484876
CC_7308D6A37A5C,0.11520539864750656
CC_730ECFE46D86,0.1922194303547486
CC_730F09DC987B,0.11541934949328683
CC_7310BA3BD485,0.1905605039766668
CC_73117FE4AFB9,0.05208946785601681
CC_731302C10CD3,0.0329348187911353
CC_731460E0F3DD,0.3395023808064149
CC_7318034A8F89,0.16272537958230604
CC_7319522C28F4,0.42202259152276955
CC_731990EA0123,0.16667863842097708
CC_731A49B8BD74,0.6987982776195041
CC_731F7C539215,0.06533029473052468
CC_73204A446507,0.12202999798698264
CC_732F34B1A9AF,0.16565057883133627
CC_732FD61B5E20,0.11096730659898305
CC_7332F871673F,0.1665820581217498
CC_73348DDF3941,0.16173079738535603
CC_73350B4B782B,0.3228251230051443
CC_7336A7F85243,0.3168849347723097
CC_7338D7AEE155,0.16311355987323445
CC_733A38B437D4,0.06900853234498609
CC_733B7F16D286,0.027796353832726644
CC_733E8B9F9AE7,0.08124064480510255
CC_733F59F54A86,0.6643809487572768
CC_73440A97E746,0.1206155259569203
CC_7348FB28B71D,0.06905782456198764
CC_734973D0A1AC,0.6138008196828855
CC_734B5BC60218,0.051911381106769905
CC_735028581015,0.13094713036868716
CC_735207CB45A9,0.1901738090026001
CC_73540016DBF3,0.18330167502644457
CC_73573843EF65,0.13046527388065154
CC_73575F53527D,0.42539081889496444
CC_7359CC1033E5,0.09217095985924308
CC_735BF5D70D15,0.061768277339543334
CC_735D95259F29,0.13337291571928928
CC_73617CBFC95C,0.3307938084151124
CC_7362463E3F01,0.2566967977063398
CC_7364AF94A4E0,0.36783752717423013
CC_73668048D3E9,0.03690294487780617
CC_7366D4F1C409,0.061769570627442115
CC_736BB4EAA2B0,0.16685631036804582
CC_736C5B90E7C8,0.15769209479896795
CC_736F5902A3B8,0.5856284331850672
CC_73707F79F8CA,0.1050638069522241
CC_7370B9B0009F,0.13421207514004907
CC_7370C9EA2D49,0.09257021975045808
CC_73785108A639,0.14976635414321599
CC_737868D99F09,0.11840068966084838
CC_737EBA230FDF,0.23924526163513207
CC_7380B9F41D7B,0.20122626254765397
CC_738A3FC70F3A,0.18563188356445623
CC_738B782A9BC8,0.17539834530404708
CC_738F2628C6FA,0.16140620976592962
CC_738F7422A932,0.14019798728704075
CC_73959FC1322C,0.7442616273928983
CC_7396054B7A64,0.3835361494387763
CC_7396E9A18B25,0.21481368176115154
CC_73990B309C21,0.03894691150717578
CC_739A873AC1CA,0.21521611636593035
CC_739B6D8C84B1,0.33902233994854425
CC_739B9A9B9364,0.13944877284827897
CC_739D3F67A3F8,0.23911530541932632
CC_739DC64A0A85,0.16057525733800093
CC_739FCA17D595,0.22794941631512025
CC_73A0770FD990,0.0733571195503395
CC_73A0AE1D27EC,0.1514190613243505
CC_73A3AC053841,0.1427451815436224
CC_73A7195222A4,0.713034026191049
CC_73A83D099950,0.2774827673650434
CC_73A85D76C0F1,0.14222239224990077
CC_73AAB6C7DDD4,0.4325715517868723
CC_73AB6D3A0D44,0.7139271294214136
CC_73AD259C36C8,0.2003048048924742
CC_73B008C32E66,0.7184449180034147
CC_73B602EACE08,0.09871587288508894
CC_73B93DCE29E1,0.16220450884462545
CC_73BE0F7D2503,0.795508556579849
CC_73C0FBFB87A4,0.23881900156348487
CC_73C31728E9F7,0.0892322727519858
CC_73C5892C10C4,0.16248925135617628
CC_73C646CAB298,0.2965917763047302
CC_73C6DE4837DE,0.10571077875088224
CC_73C833009177,0.6493713923665847
CC_73C88B74E97F,0.16090035436913447
CC_73C8BCA2C31A,0.15704309649746614
CC_73C914C1495A,0.15018601337259274
CC_73C99848AFFE,0.4295247613730462
CC_73CB1BAC1991,0.1156534642559627
CC_73CC7EF46B78,0.32306871249907104
CC_73CEE9AC086C,0.6685328920120667
CC_73CF09E82ACA,0.3152253160373139
CC_73D8CB1FC6F5,0.23424700134466617
CC_73DA243FF5DB,0.1246434926171556
CC_73DCD5C5CC95,0.13005016831211091
CC_73DE7D63A964,0.16311625170411045
CC_73DEBA8A8057,0.12217125536192905
CC_73E0E35D9524,0.7777676549078324
CC_73E2BC9DBD1C,0.1598971674753517
CC_73E59CA68C87,0.20266860066666353
CC_73ED5FF4A9AC,0.043029239847646575
CC_73EEC820F370,0.7292255861737583
CC_73EF36B5BD9B,0.16659772470476147
CC_73F073699CBF,0.11970648960133949
CC_73F2E1EDFF3F,0.14994585062261795
CC_73F3C66E3331,0.11616215760933243
CC_73F4D6C8E3EE,0.16383676959047605
CC_73F7B5A1EA5A,0.21298341644505664
CC_73F9653D5295,0.17333169947893445
CC_73FE7C590B6C,0.11979513722241109
CC_73FFD3E43959,0.26034731407927925
CC_740261687A52,0.08938159969686764
CC_7405293AC2C2,0.6347113092562221
CC_740AD2817106,0.04453195564492156
CC_740B50645099,0.04079555562455327
CC_74113163318E,0.07819575143119026
CC_74117781CD22,0.7717039944417511
CC_74124E7B9AB9,0.1294025951187936
CC_7415D0F5C976,0.3590304465823678
CC_7417D6D0E13D,0.23903680631358948
CC_741924B36949,0.10379945874822165
CC_741B787A6955,0.03969450709688162
CC_741E11EC830F,0.2036212489535289
CC_7420CCFBA5A8,0.22645094071935018
CC_7421E5DFBD85,0.18913599063705616
CC_7423774937FD,0.0676240317519466
CC_74292D2A27B9,0.04147728537334135
CC_743B4A204799,0.7708535082540566
CC_74412A3D8A53,0.05558744523528253
CC_74421A6937B9,0.23634416019277485
CC_7448501B3A27,0.4821969691684508
CC_7448FB8BF8F4,0.04622776134093502
CC_74493667E33C,0.2902450905670132
CC_744A3E7741B7,0.2018952925743111
CC_744CC52AC57E,0.5711310423518932
CC_744E6A3DD063,0.7652673812222404
CC_745098D07F81,0.03945707226479012
CC_7450DE5CB6BA,0.06409712238251172
CC_745169388F78,0.20957532319358213
CC_7453412FCB1C,0.09961091435432066
CC_7457398EA077,0.0796173394460229
CC_745774475025,0.13326813500943252
CC_745CEA8506F5,0.08732068482326118
CC_745D694707A0,0.0867757487121458
CC_745DB0437387,0.8020252415325466
CC_7460571CFB84,0.04386261464794432
CC_74625769DFBE,0.20502388594545523
CC_74690AA4D839,0.20530296348483076
CC_746920ECEDD1,0.6768997630776644
CC_7469DA4908CC,0.0755592715539117
CC_746E0C2E14CB,0.7774358938449855
CC_746FA04E0166,0.17549576411570675
CC_74701109E0AD,0.16989594847644157
CC_74720001988C,0.08231960304943389
CC_7473A9AF5AA7,0.08234726358920533
CC_747DF4989E23,0.09118542457008748
CC_7481ECFA2EB3,0.4803363678784103
CC_7482349B2827,0.6620424203883315
CC_7485234EB699,0.7513459965591798
CC_74863EFDAF6F,0.07022543763987026
CC_748C352920FC,0.5382848794299754
CC_74944226FDE7,0.05823585927904915
CC_749507553669,0.03570922957250455
CC_7496630FE47F,0.2335510594803522
CC_749706730559,0.7436722833885306
CC_74990B119896,0.08435300995096892
CC_749BE1EB5B27,0.10971002808981342
CC_749D35BEF776,0.17676525647807417
CC_749EFE5438E0,0.06143984064349615
CC_749FA145A878,0.6875343784062304
CC_74A5385993B3,0.10838001244064484
CC_74A583E5A398,0.08395268104818446
CC_74A6BD43EEAC,0.04945461492769053
CC_74A7EB40367D,0.20893124649147574
CC_74AEDA3F0A2B,0.1044753478686586
CC_74B32D6E58D6,0.21717553011530696
CC_74B3FB584EFF,0.279236617719316
CC_74B45446BF3C,0.14272106656715364
CC_74B921BCA877,0.1465549775443501
CC_74C48B2F04C3,0.3090891505683844
CC_74CE421BCC80,0.0948290895798924
CC_74CE822FE0F9,0.2338725941896315
CC_74CF7DE940CC,0.08355516486139804
CC_74D56B7868AE,0.04953839741027667
CC_74E19D228329,0.1308396470474553
CC_74E1F8682D8F,0.6425758934712673
CC_74E3CC3283AB,0.11174229300853314
CC_74E61AC71DAF,0.21206682352558345
CC_74EBE81FEED9,0.07472995477784243
CC_74F1F99DB34D,0.05345150476194689
CC_74F4106869D9,0.05624190770930447
CC_74F5570A9B87,0.23096833772604644
CC_74F692443C78,0.08207347936190529
CC_74F9FE7197EF,0.16628610219288917
CC_74FC37207D3B,0.1610916089596337
CC_75013F8AE022,0.20660559208077264
CC_75041EB0E895,0.6634351836514577
CC_7506270210D8,0.10891645555104142
CC_750AED01B546,0.7213933133296799
CC_75123C22B3CC,0.14958732336471814
CC_75142008F9B5,0.05836928498174619
CC_751975A2A8AE,0.22743009380697615
CC_7522E284A13A,0.06029352234083198
CC_75238B4020E6,0.11316381061963161
CC_7527C57FF36C,0.051270483376423405
CC_752944244318,0.4747684454867702
CC_752A189E5C19,0.2519962583001071
CC_752BC0A1002C,0.483966571118819
CC_752BDE3A989F,0.6103693797614298
CC_752EB42279FB,0.490160218638791
CC_752EB7FA76DC,0.205719080840447
CC_752FB43DE510,0.10908122872046444
CC_75315F9224E8,0.15039645674616203
CC_753890A49D89,0.09017066012087141
CC_753976C3E44E,0.09524510172753617
CC_753F816AFCFC,0.07554223487266566
CC_75408147363A,0.49147639940869103
CC_75436D6E484A,0.14011553859557913
CC_754694D8B58C,0.0524353792384402
CC_7546BE644D35,0.1024896093013004
CC_75503C1546BC,0.18144225748748455
CC_7554A03876CF,0.27702531189655316
CC_755686810F42,0.32094091053377855
CC_7557DED01D95,0.05577131234788999
CC_7558E930BC61,0.7024647300598341
CC_755B5B811458,0.18233606553272952
CC_7560491CB3CF,0.16068088060006677
CC_7563F65D5EF8,0.19940811089724106
CC_75643FE75B19,0.5439472662371443
CC_756B6D38C25A,0.3330422642064147
CC_756C71838329,0.07005809601168647
CC_756CD9BF9519,0.0777935718313653
CC_7571D6BC8D35,0.3144228837387547
CC_757366EB3851,0.2752225614929552
CC_757F38E0D1FF,0.23861393875056797
CC_75805C66D322,0.06056859286188515
CC_7580A4C0154D,0.04393861874453346
CC_7581029AB58D,0.1800094454986087
CC_75836AA41529,0.10677662212872108
CC_758BEAE6FAAC,0.26724457418106595
CC_758C1F1E8C48,0.20651164920708592
CC_7593434EEC05,0.14455265977244358
CC_75962314F66C,0.20712824213052
CC_759A036DEE72,0.045290052258984324
CC_759BE4F26FCB,0.20045133556929198
CC_759E668C117A,0.11732156474850722
CC_759EAD1BD1E1,0.19157355003809554
CC_75A017C6408D,0.27391594252541684
CC_75A6FD4B3CF9,0.06689682473534421
CC_75AABAF7AEA4,0.04824383489730299
CC_75B755891900,0.09744382068126262
CC_75B771EE677B,0.05044572612578239
CC_75B81DBAA1F1,0.6424834988226749
CC_75BBB0766E4D,0.0870303087385528
CC_75BD543D05F1,0.19574587681638997
CC_75BD6F075E74,0.7648237714181673
CC_75BDB6153238,0.11822220668345104
CC_75BE39D4D04D,0.1344100171219788
CC_75BE7C09AF96,0.6183202501607321
CC_75C53449D957,0.6443189665070674
CC_75C562414B47,0.1461559115282351
CC_75C93950F1AE,0.04861383816774306
CC_75CCBC0DE001,0.12771800579281728
CC_75D20A8ABA7A,0.23396226858664707
CC_75DDCC22589D,0.06914015688771905
CC_75DE7BF6470E,0.0700239414884208
CC_75E01A79543C,0.10664996540695784
CC_75E21BCFFC22,0.1003597912387491
CC_75E33B027F7C,0.06666446292798013
CC_75E79BCA96A7,0.2995738291376878
CC_75E8D5971B45,0.3398627493744996
CC_75ED3B3959D3,0.43177733803780277
CC_75ED3C769A32,0.18362641005534802
CC_75F232B66237,0.10387615984050888
CC_75F49E9053DA,0.06265362416354367
CC_75F800FCDB9E,0.03713785152059358
CC_75F8523D69AC,0.15245059665876476
CC_75FBFE63EC5E,0.07000095036939077
CC_75FDA73A68E9,0.0844498096768886
CC_75FE20AF1BE6,0.2147851707855349
CC_7601F194310C,0.04682133736070836
CC_7605062B0B94,0.10540339454633099
CC_76050CC6228A,0.0805402944184006
CC_7606B8BFE29C,0.2814349424166284
CC_7607DD0F714A,0.06052025700297966
CC_76087D32BBFF,0.18761932564838063
CC_760B538B6A7D,0.4821881862073728
CC_760E2D6E30E7,0.13712191051083253
CC_760E48AD6228,0.3093409333635556
CC_761098F7E57C,0.7342732261487475
CC_7611DE9C93C4,0.05750310532440943
CC_7615ADBF0A44,0.20603927993427681
CC_761DC0D49C10,0.07892104375366978
CC_761F84453931,0.11976229221801693
CC_76260D3CBEB0,0.7255677735722309
CC_7635B8F78D25,0.2129884336426761
CC_7637B6A86F32,0.7825960203208442
CC_763918ED9C7B,0.08062678383757586
CC_763C54CE7E30,0.37049083241017833
CC_763DD28FFC0D,0.09495192091277267
CC_763FCB0EB559,0.12975883254094475
CC_764018D2D96B,0.043840341383050464
CC_7640207D6E2F,0.24799060450135157
CC_7643DCE0ACA6,0.10437923797539628
CC_76475041AEB1,0.04268971199503312
CC_7649F10A6261,0.6452383279026223
CC_7652973E6EDA,0.7161183866360833
CC_76542009ED59,0.6671589902112285
CC_76551F3BD804,0.20296607248649873
CC_76568A6F635C,0.11352373961394376
CC_76584D2E330C,0.04776331603140567
CC_765B20096A61,0.18195265914287445
CC_765E07BA9969,0.18854645740469606
CC_7660185EF44D,0.19468052312273657
CC_7661C7CD14D9,0.16624597082257433
CC_766455D1D3D0,0.5255458358691633
CC_766471A171D9,0.14551167098577827
CC_766B70DE8370,0.12318131797755168
CC_76708AB37F87,0.21055023664458292
CC_76719373ADBF,0.13627090266555666
CC_76742ED9F408,0.16631910166216696
CC_767660303A7F,0.45310359368314923
CC_76790BD4207C,0.08420449154327272
CC_767DE89F76B9,0.25920492256685673
CC_7682BD98A0E3,0.07334007622170743
CC_768853FB2E53,0.16072745110278933
CC_768B74FFCFBC,0.07852564831989525
CC_768E7D1B0193,0.15163371857589972
CC_7694286E19C3,0.04323345312610696
CC_7697D9D99F00,0.052910019402439876
CC_769AE63C7B91,0.4188089210685371
CC_769AF9EA17C9,0.18248067352291436
CC_769E2EBC893B,0.6613254916859217
CC_76A0608EC3DC,0.17059668292297142
CC_76A3562F9A02,0.22484027758168898
CC_76AAD59B9B87,0.17573157519419577
CC_76AD83147C95,0.18044813764786166
CC_76AE30B6449B,0.6151874327684771
CC_76B2A39A46C1,0.04425045487695399
CC_76B41F3CCC53,0.13607257119004612
CC_76B4D26AF9AA,0.26435173755889885
CC_76B56B4EE42D,0.21561519041596608
CC_76B90C1D7082,0.1427810544990448
CC_76B9D93DB39B,0.21263234957565835
CC_76BCF55C269A,0.16957659912956138
CC_76BF199F68DE,0.11217412371884665
CC_76C30BA02BA4,0.05521156773860163
CC_76C7CAB984B3,0.2773354831490711
CC_76CBB90BA659,0.12896565182752331
CC_76D4AE81ED3F,0.07273400518628602
CC_76D5D54ED9FD,0.10124848402095729
CC_76D913979B02,0.06816923640403302
CC_76DD58892058,0.31821448962505516
CC_76E14ED571CE,0.055798769669915725
CC_76E35EC75BE7,0.20548665902828805
CC_76E73F88D60A,0.20334502268973903
CC_76EFF513326F,0.08355625212662014
CC_76F204074848,0.06122142246965232
CC_76F2A6831B65,0.22828912594739456
CC_76F559D8CF25,0.18076982085343418
CC_76F6AF008B6F,0.685332170242499
CC_76F8D6CCD70C,0.16772137136986595
CC_76FA5ED8C0AC,0.1541183205799861
CC_76FD05C2D4E1,0.3160773445113506
CC_76FD7A1236BE,0.08641215016813854
CC_76FF46BA9696,0.10273409074830445
CC_7709F92F521A,0.14655188409113107
CC_770A0580ECC0,0.1915984570284146
CC_770BB54831E9,0.1305389260588936
CC_770BC24EFE8A,0.379983293639566
CC_770BF659B4C2,0.10075387741072081
CC_770CA29C2CC6,0.13092969463724924
CC_770F334857BC,0.0807141068202003
CC_770F79072F81,0.6626011035446436
CC_770F852F85F1,0.1629747758210483
CC_7713A2D2E4BC,0.330115568716329
CC_7717FD2D5AB7,0.0329823560558305
CC_77185E6B5117,0.26175582711958306
CC_771C100F7D3D,0.06505895099537291
CC_771CE5EF1CA3,0.04754719366587984
CC_771DB4C84C72,0.8051249848099109
CC_7721F80300D3,0.6473307691152596
CC_77240000C4B4,0.1091548103220021
CC_77279B69212A,0.1516744406505039
CC_772CCC0E0030,0.7086510891235409
CC_7732A6F04CF3,0.7166487461903212
CC_77339E51B205,0.7202346520106422
CC_7733A03B8E73,0.1130449428170481
CC_77348BAD853C,0.08874481725376723
CC_77375A29B8E1,0.14913598376013143
CC_773903228887,0.12256202088969026
CC_773B0904F93C,0.7109907742133292
CC_774766A0A6BD,0.11772802810606016
CC_774CCBB563C3,0.3462685537853535
CC_774DDF472B19,0.04220984315698216
CC_77534F53FBF7,0.0835546371642879
CC_775A474B0139,0.732499672152097
CC_775D64EB7ED9,0.2908981091274664
CC_7764FE240C51,0.19387907332502957
CC_7767191FAF1E,0.132060466383022
CC_776AD12EDA0E,0.22035893685611505
CC_776BF54223DE,0.5117689417973253
CC_776CD68A2ADA,0.6742979705146096
CC_777065F66489,0.11683684856615444
CC_7770BB184369,0.07607183076525537
CC_7770C7113315,0.1272050290535494
CC_7771621ACB9D,0.08439326099498098
CC_77751DCBFFBE,0.20120433362767706
CC_7775BD415A7B,0.09258893192743255
CC_777C994E07B8,0.0766312166689406
CC_777DCBE650D2,0.3719646452671368
CC_777F4E129651,0.6568331478782643
CC_7780812F2CDF,0.13480602027452931
CC_778332023EAF,0.053099975363020954
CC_77898C1FC099,0.3152139092773134
CC_7790BB425891,0.04503174882725197
CC_77911B19E200,0.17274956464714009
CC_77938AD61EA3,0.05667374283652088
CC_779466F6B626,0.0882444515914588
CC_779622EF85F9,0.19307477045717925
CC_779E56178E7B,0.6325157118407806
CC_77A20A8D98D8,0.16631922524266413
CC_77A28B281C31,0.06452487112600014
CC_77A29EB2E715,0.19835331795497643
CC_77A2F936A9A4,0.08663122955316818
CC_77A51F9A6F4D,0.25376005589489925
CC_77A72F42BF53,0.04903454642790448
CC_77A776AD6284,0.11413252751258803
CC_77AA83A12CBD,0.2210857395448645
CC_77AB63EB23DF,0.04658820084361218
CC_77AC2350322C,0.6335381614248743
CC_77ACA8B07B45,0.11854233484843071
CC_77AD03870441,0.12670206632922293
CC_77B3504AEED8,0.043501921006318216
CC_77B6357B6A73,0.05179207956841919
CC_77BAE9AF99EC,0.4516195560525462
CC_77BB7E6BE8BB,0.04276629293126319
CC_77BF46AF3859,0.15253018246113786
CC_77BFAA0C00DB,0.05152624640195321
CC_77BFF0177A5D,0.4619908173466728
CC_77C1D0F2228B,0.3458252738398796
CC_77C39BA494B1,0.07861435095289096
CC_77C50FF98FD0,0.8305433920214286
CC_77C8AB4B72E2,0.22482560579372018
CC_77CE8111BB70,0.7722805528150749
CC_77D4FD72BA4A,0.14307507488402735
CC_77D8EBC1E325,0.1528881166956678
CC_77DCEEAEA600,0.17417475145704234
CC_77DD3F221CE0,0.12818812875524585
CC_77DDB7CC4E17,0.06686438516507553
CC_77DEAAD7675D,0.7814181576608029
CC_77DFEDB03AA7,0.2136384404475622
CC_77E14B07A8C1,0.15459299363622675
CC_77E24E11BDB5,0.7535159256832963
CC_77E9B5117FC4,0.06691008273945803
CC_77F0B575D02E,0.3141376202488408
CC_77F4CFE5D1A2,0.11041663322703821
CC_77F63A695094,0.24654047391800876
CC_77F85AF82CED,0.06198527910650102
CC_77F9BC929379,0.16209126389698406
CC_77FAE55C9677,0.06692574491448115
CC_77FB6525D80A,0.382665080427369
CC_77FCC5A3CA13,0.7729241652638219
CC_77FE10B20E36,0.3068002526374809
CC_77FE56ACC494,0.13703206296173492
CC_77FF1DD0B75D,0.17074551401379773
CC_78010F5FFDB2,0.09950380286898283
CC_78109C2115AE,0.14132146481262614
CC_78119B4E732C,0.04634191183858323
CC_781373D123F1,0.07864136108771379
CC_78176A2F7CF5,0.04023946930748084
CC_7819EF49AB71,0.09170616623221858
CC_781A24FEFC50,0.1916229317153645
CC_781BDEB35B82,0.08236807570178058
CC_781BDF019374,0.18437372919976913
CC_781F860DDD24,0.03368060125978113
CC_7830E80932B2,0.12079110396867013
CC_7833CD370245,0.12700626459481976
CC_783692068E23,0.1122198948746936
CC_78399E6B7FCA,0.13287653171399333
CC_783A0105A7E7,0.5954196096141484
CC_783C939A8A4C,0.04860814391607376
CC_78439CCEC51B,0.13252345633439913
CC_7844757EE3A0,0.7750767225638835
CC_784496FE87F9,0.28439774818253827
CC_7848D50BA0C9,0.06493844744116659
CC_7849E7EBC389,0.40759773790476234
CC_784F5C232246,0.26552778694404106
CC_7850B8814744,0.7606331391474965
CC_78510A1F493F,0.5052140201509314
CC_785213184145,0.19102307006033883
CC_785DCE2B695D,0.05627038919368828
CC_785F4C726988,0.0559761675975047
CC_7862CDD1178D,0.10577346659514505
CC_786708471B8A,0.059908512295284155
CC_78673E47CF86,0.05833624920926124
CC_786E9E47580A,0.06350960994449563
CC_7875098A2F10,0.1282906766415896
CC_78768CAF31DC,0.07824616630206685
CC_787A13F44B03,0.2626919600854806
CC_788423D7A203,0.14307195929852592
CC_788A702179CE,0.11765565088823653
CC_788BD5640D04,0.060378713414512376
CC_789686C59325,0.04770398882800835
CC_789978E89FE0,0.0607773142950286
CC_789A5A9064F6,0.1270182096370125
CC_789BD86BF11F,0.6557232134686611
CC_789E94797F0A,0.11078580364612985
CC_789F20CF4E5A,0.06956138011817423
CC_789FA66D34B4,0.08360387486415369
CC_78A34DD9924E,0.1439618549374289
CC_78A5A387F20C,0.09553359776191907
CC_78A9BAF1B72F,0.3048493058069758
CC_78B1BC3AA6FD,0.18750625243942592
CC_78B20C57F6EC,0.03102949716084281
CC_78B6483F1716,0.09807987611961988
CC_78BEFEFFF92C,0.057354900359288565
CC_78C03C1DFD15,0.19355825330299098
CC_78C08678177D,0.07551104366967536
CC_78C5409B8B9D,0.11928883901788734
CC_78C6444B4D8D,0.05790263035214358
CC_78C733F222DE,0.1034252363939524
CC_78C7B1B185F8,0.18798674157795112
CC_78C80E089F55,0.20441395704131335
CC_78CBD0186A56,0.19800148609721302
CC_78CC72F7F893,0.19476542741404196
CC_78CE12CE774F,0.141777513680251
CC_78CF1276F439,0.22898466488852068
CC_78D0072BD559,0.16347230372713173
CC_78D40B7E0001,0.04080522264552515
CC_78DA9FB2EB6B,0.09274879275936294
CC_78DC40549336,0.3326103783781923
CC_78E0C6E07478,0.1299043517278789
CC_78E5CA7C2585,0.29294636185740164
CC_78E5DA164A12,0.08266630198417842
CC_78E5DF69BDDD,0.5254614996624674
CC_78E7E719DAA6,0.14903879380110335
CC_78E811BFC652,0.04669753667361694
CC_78EA5BADD8AF,0.15660496519719294
CC_78EC1DADEF0F,0.12103365986021727
CC_78F007052963,0.08709933908085274
CC_78F1B59484BB,0.3178026611279077
CC_78F3A3F11BEF,0.07047777681576514
CC_78F6DA8A6590,0.6060549405840708
CC_78F6E1930261,0.242278619730283
CC_78FD56EADFF5,0.05075878141927379
CC_78FD8CC3D4EA,0.1343302134040762
CC_79002A7E89B1,0.5865411483808635
CC_790402E398B1,0.08922213576383922
CC_79067F7401F7,0.11314354509271189
CC_790CCAA7B0CD,0.0887085613272747
CC_790D963D77D4,0.20550842466025313
CC_7911633964AC,0.12702890727659055
CC_7914638BFD46,0.08310025804394576
CC_7916DF2ADE9F,0.17965988844443734
CC_791CA1CC32E9,0.2635753966821427
CC_791D1A5BC1DF,0.33940461458889526
CC_7920C5B69EC7,0.12374057554033328
CC_7920D6F4AC0D,0.06120778759756405
CC_79235586C7EB,0.21900200582680265
CC_793229DDD90F,0.676227641162116
CC_793589C27E1D,0.10633522627654815
CC_793A1AF07F9A,0.8036289313357792
CC_793A747B47A8,0.05327939523440757
CC_79426EA563D2,0.15417941274504124
CC_79433ED461BC,0.1816545598422913
CC_7946ADA661EE,0.05651583406777142
CC_79485D003BF5,0.641598639808907
CC_794AE2B05025,0.06511480112513035
CC_794AF33FDF6A,0.11425617311035716
CC_794CC37E6BC7,0.18611490722619162
CC_79504A76576E,0.17931123368041957
CC_795439388051,0.23890469702962477
CC_795BF882A157,0.6329672796806495
CC_795D5FF1DA24,0.1777626191951779
CC_795E5F16B25F,0.5487305464034986
CC_795EA9940909,0.20449471188324142
CC_7962BE7BA95B,0.15130770668815918
CC_79652729501D,0.08364081116177617
CC_7967480F85AD,0.7108319507978155
CC_79679E2F7C0C,0.046481014698804925
CC_796B852ADF17,0.0744031997300625
CC_796D5433F03F,0.7655187612735367
CC_796D7E6832A0,0.2546197501059829
CC_797055F5A1CC,0.10998913858911337
CC_79709C41D234,0.1538584468678311
CC_797306AC9262,0.2268330416579968
CC_79733503D857,0.21527888174590876
CC_7978F00AD4E5,0.47035581175552527
CC_798223AF546A,0.12556308783460118
CC_7983E3430B99,0.15249825392793243
CC_798664E81259,0.42227453901326306
CC_79869CCA9414,0.11436969072729761
CC_798FC91284D1,0.13258659679515922
CC_799095EAADE4,0.28475138438914777
CC_799203D25EBC,0.20152312085893684
CC_7992A1BC1755,0.08405216538304151
CC_79931E4D7D8B,0.41036776918687135
CC_7993F1B2F4C9,0.2503645468504058
CC_7996C41EA22A,0.0859941173772397
CC_799B014DCC41,0.10524695281370558
CC_799BECFA2B05,0.7525143261103746
CC_799ED26CDD3F,0.43212096270474804
CC_79A158862745,0.08157086280366663
CC_79A1A4DB704F,0.42192103768907563
CC_79A6D8BD96A2,0.055790049044389056
CC_79A71A21500A,0.6574723384081056
CC_79A88097A81C,0.05746902771212181
CC_79AC7FEEAC81,0.10231326104288005
CC_79AD684316BF,0.6587180029882739
CC_79B1EF3B154E,0.6484583801943051
CC_79B222892FCB,0.12231950683163598
CC_79BB9408D389,0.08083937658018817
CC_79C0C8FBA9D6,0.09912268653928216
CC_79C250C88F83,0.05807480833521965
CC_79C5046F6E7A,0.18552613984096844
CC_79C6B44005E2,0.6326661395536084
CC_79C861E35F91,0.18359007023170476
CC_79C9B3459852,0.059494009218838
CC_79CDCAB6447C,0.11403124524371855
CC_79D22B4B36CE,0.2630645437414193
CC_79D25EFB0E2B,0.041763611311909574
CC_79D2A5E828B6,0.05318329523410248
CC_79D51B427AB2,0.34300002045942407
CC_79D77859453A,0.05023765690008734
CC_79D9CFE27A48,0.36846201737633544
CC_79DE7F658F49,0.452618446437757
CC_79DF83F78D32,0.8026687656074494
CC_79DFB9B07A8B,0.13167605881398012
CC_79E1CF345486,0.03680821696055758
CC_79E2A6041B0B,0.12748222274828486
CC_79E33CF583C1,0.24440716372881063
CC_79E3F809CC15,0.14613728508348398
CC_79E73D8EC073,0.10188181953990197
CC_79EB6EC324CD,0.08205450349940033
CC_79ECBEE287AE,0.21086648364118168
CC_79EEE1EFBBA0,0.10631534615319335
CC_79F7D864EE33,0.5119826846949799
CC_79FA8690AFFB,0.17914035946588633
CC_7A07A033899B,0.182453671731354
CC_7A0CFB9EA5DE,0.09602352470614373
CC_7A0DE7C21CCC,0.044603741751720875
CC_7A0E0A118FBA,0.6287073797712648
CC_7A130A86E1FE,0.17049866414714604
CC_7A139260E925,0.7053959225055554
CC_7A13B98B1394,0.2804920328536346
CC_7A164FB665FC,0.08048562092304691
CC_7A207150D67D,0.1340133866472254
CC_7A20DFD09504,0.06029201779141728
CC_7A23774E851F,0.17744820082069818
CC_7A239068F94C,0.36126477915555255
CC_7A262D1F1874,0.08840520463461293
CC_7A279DCAD395,0.05968279496164484
CC_7A2A294B33F2,0.05038597047103023
CC_7A2C8C837D15,0.06610528391347073
CC_7A32F52EF80A,0.2037255747530473
CC_7A349E5FFD12,0.14436550504189616
CC_7A3504AFB302,0.6382320556428549
CC_7A369D37D6C0,0.19898115324202612
CC_7A36F63AFB85,0.11569866485724567
CC_7A39798FA320,0.07003537260050795
CC_7A3DB02CE66A,0.26709894971559917
CC_7A3E2690A049,0.038883264164701954
CC_7A3EA5635835,0.5824676500085519
CC_7A44E01FC5C6,0.15344184952997197
CC_7A4A2A077905,0.1609177340454603
CC_7A4A31162706,0.16876583599986567
CC_7A4C8F85AFD9,0.5997125827514111
CC_7A4CB82DFCEE,0.17340977724626908
CC_7A4E72D07C98,0.05041048722637984
CC_7A518DEDA305,0.3119437857659515
CC_7A52414D8378,0.3333240844188489
CC_7A54712FC095,0.32362935623670813
CC_7A5495EAECFC,0.15165895298964818
CC_7A5F0BE711DD,0.42161901924674783
CC_7A60F36D8D1B,0.6138420521978079
CC_7A62079FDCB0,0.12817023196042743
CC_7A666B208A59,0.11290068489306944
CC_7A6ABFD973DF,0.04371897751838348
CC_7A6C03E1A70C,0.1412132944656905
CC_7A6E605CB25A,0.6222970579401939
CC_7A6F7F029618,0.04975251689419406
CC_7A6FD388748C,0.5910929808918332
CC_7A7212BF92F3,0.10073500124071336
CC_7A73FFC7A94D,0.2533692596830568
CC_7A769E1502EA,0.11977568585492429
CC_7A793BB816E3,0.18102253810816069
CC_7A7A4EE08469,0.13317064952099367
CC_7A7A94D65411,0.07496661029111394
CC_7A8094094E48,0.7303995433520922
CC_7A81AA7EFF91,0.21612174673288526
CC_7A8A1CA36F79,0.765628445755702
CC_7A8F9323180A,0.1622254432466932
CC_7A91CCE0D106,0.04270447035448363
CC_7A9211892C37,0.6669476348529447
CC_7A94AEFDF7FB,0.3617813505284969
CC_7A94CDFEEBF3,0.07217554483931876
CC_7A98838E9D2C,0.051080732942709386
CC_7A9B173ACB9E,0.06724865208389398
CC_7A9CDB1FC516,0.1365831524812814
CC_7A9F4E52D720,0.07532353840304028
CC_7AA027D2E854,0.12940734088347378
CC_7AA7DD0778AD,0.06366583242282442
CC_7AB3EE4002B8,0.23041880384899405
CC_7ABA77780139,0.1140857534199348
CC_7ABA7AFA948A,0.04132487422032631
CC_7ABA96ADEBB1,0.7894748153512493
CC_7ABEB07730CA,0.2620513407390511
CC_7ABEBB434673,0.1099646311997801
CC_7AC50E981067,0.21022628048689826
CC_7AC7E522EAB8,0.6166835361007439
CC_7AC98D9E8AE3,0.24446364954897032
CC_7AC995228421,0.5799531863713712
CC_7ACA71042EDF,0.04603201171156159
CC_7AD0EE24A90C,0.17048611193248692
CC_7AD2A3C3888C,0.11384844478506244
CC_7AD6820AE34D,0.096730862195078
CC_7AD7F30FA12E,0.19510064371095556
CC_7AD99E83E3D7,0.413577303345871
CC_7ADD4E1B53F3,0.13501208961531186
CC_7ADE1531A4DA,0.07558544413795966
CC_7AE0020ABA45,0.1752476032208698
CC_7AE28274BA59,0.14975832903882794
CC_7AE3E542C7A4,0.20620569446011636
CC_7AE465A31D8B,0.7566864293057813
CC_7AED6EC98906,0.20534568470146616
CC_7AF357926673,0.44221466351252764
CC_7AF5720AF0C6,0.11488249096999861
CC_7AFC4B6E7D21,0.5435272001263265
CC_7AFCDBDD6118,0.11548965134546621
CC_7B0A20EABF45,0.05847674241178882
CC_7B0E6E8AA16D,0.052266598103410146
CC_7B14ACEAC066,0.06410654723891754
CC_7B17B75A726D,0.26063802570745837
CC_7B1986F97D56,0.10159502167327036
CC_7B1DC88CF191,0.13124277615289445
CC_7B260F8E992C,0.06959705017157773
CC_7B3785DBC946,0.10979107140904994
CC_7B37D34C4491,0.4048585175675208
CC_7B385ADE5583,0.15195055533436502
CC_7B387DEEEBD4,0.3099680835689474
CC_7B4BD740BDA5,0.1361542731273851
CC_7B4FB904898C,0.3587286004872055
CC_7B511C695B53,0.047277305622846724
CC_7B53E0011646,0.16886784089835247
CC_7B54BB813D19,0.09716761617507028
CC_7B558DDF5B1F,0.20497827826276271
CC_7B60C83472A4,0.2861999848130057
CC_7B63D93C3537,0.15912829809680032
CC_7B63DAB6D493,0.45219898112193163
CC_7B6562AD0782,0.09732872465987832
CC_7B67B6807572,0.15894307373386354
CC_7B6A8C09399B,0.14563215352596223
CC_7B71415C30D4,0.06645015245608453
CC_7B73D42749CB,0.12931546002073327
CC_7B76164AAB07,0.10139814963476135
CC_7B7783C2D708,0.07546254997560815
CC_7B7A0C575735,0.09039048343730706
CC_7B7D09AB2424,0.16143379527573362
CC_7B81B1E86540,0.11403899764885761
CC_7B8DF90568D7,0.7408093442152252
CC_7B952D7492CF,0.05665694476362565
CC_7B963E24B442,0.08115014404094595
CC_7B9B5399EFC9,0.6509399171001079
CC_7B9F1210A664,0.5098014528564025
CC_7BA3FAA97C85,0.1878506178955182
CC_7BA57ACB112F,0.4785723432847771
CC_7BA6D5DC49EE,0.1050487647773056
CC_7BA7B72331D1,0.0952189861312073
CC_7BB085D22312,0.09421329104320701
CC_7BB0D4BA710E,0.2175414120726607
CC_7BB5BE23D550,0.11049329006046411
CC_7BB7BFC05D58,0.16864541179121384
CC_7BBCF37BCF9B,0.33010593636243246
CC_7BBEE42475C8,0.7233083121186479
CC_7BC001BD0E42,0.7272646518493351
CC_7BC01E968D11,0.738887187299895
CC_7BC1A8DCDB35,0.2321883338885801
CC_7BC6B0AC8549,0.12120581779790567
CC_7BC7F6883CDF,0.16113745345449165
CC_7BCAA8D56DD8,0.4194745410658454
CC_7BCEE5E871E8,0.6341747140149263
CC_7BD155BDAFAB,0.11794004192956156
CC_7BD3CDE63147,0.5533789193447848
CC_7BD47C18AC6A,0.11224809936883162
CC_7BD51BAA3A93,0.11266481259739376
CC_7BD7F53439F9,0.10954761132422233
CC_7BD9566D64DC,0.05380161569594678
CC_7BD9E38A7CBB,0.2331388126807946
CC_7BDC0F551838,0.05581980080329195
CC_7BDF07D204ED,0.10573947946668975
CC_7BE0FBE33AB3,0.14029633355925447
CC_7BE41428C460,0.10996872471800226
CC_7BE9CBA62B06,0.0468452952837156
CC_7BEAEE0E0F04,0.7172283780852964
CC_7BF20419194F,0.0657641857110687
CC_7BF37CD98F68,0.6770695254368686
CC_7BF415748214,0.3866244890837772
CC_7BF47F8658E8,0.1889953314804309
CC_7BF5EEFC1916,0.10511197595107613
CC_7BFB38240E74,0.10052052645884273
CC_7BFDC0A3E616,0.2885155225735071
CC_7BFE42336888,0.1381847004872669
CC_7C0087998C20,0.5625338777246274
CC_7C0103B86E90,0.12669220215884197
CC_7C0218F7CB39,0.09491739856609768
CC_7C022CBA838B,0.06399064566618211
CC_7C04C5193EB6,0.3455486411482406
CC_7C0A582A50B4,0.651322654202476
CC_7C0EB7DD09AB,0.14990004164625276
CC_7C1081941C2D,0.0889330113598038
CC_7C135E0C350C,0.21114740881437663
CC_7C13903C037B,0.3104266414105708
CC_7C14385EE547,0.10925171300396117
CC_7C17680BD38D,0.10269263091798717
CC_7C1922B0A790,0.2618093067045532
CC_7C194A6BE7D2,0.07585594883898002
CC_7C1C4935DD4A,0.1428069854805985
CC_7C1CFDC659AB,0.210732919992775
CC_7C1FD49B55BE,0.075387378561625
CC_7C2254833858,0.15845081353576013
CC_7C2296BA2BC0,0.1330215351055182
CC_7C2604C72A30,0.21092501248279721
CC_7C27190E7E8E,0.08176703444554446
CC_7C27E621F26D,0.1967772818607269
CC_7C2CA0CDF6F7,0.15588473696748423
CC_7C2D4308738A,0.1909068496500786
CC_7C30F7A2DD0B,0.1664017944079464
CC_7C340220B3AC,0.12819609985322233
CC_7C3A18C15EB2,0.06491197599539697
CC_7C416C476FB9,0.6471509318930584
CC_7C42C57B3188,0.04654639328500047
CC_7C4691FD5816,0.10225152950049368
CC_7C4B54D9DF41,0.6870112489028248
CC_7C4E20F25269,0.10436610146958483
CC_7C4E4B311429,0.14656613915012318
CC_7C53966C65CD,0.06613791147247267
CC_7C56DA052C9F,0.0603983145573256
CC_7C58202C2FF1,0.1405649063377004
CC_7C59FB6318F9,0.6157826301385387
CC_7C5B46B5CCAF,0.1383790687869714
CC_7C5C942DA3F9,0.18608489516294915
CC_7C5E009DBB8F,0.0937416604435026
CC_7C5FA072FDC2,0.2026291527800721
CC_7C62A20E8CD5,0.14912248738181494
CC_7C6652DE1142,0.18656743839950823
CC_7C6EE4C6EA69,0.22254988499741812
CC_7C6F5C237B9A,0.2151539453557036
CC_7C7653BB17B2,0.5221267432937923
CC_7C7794933665,0.17297326380405684
CC_7C7829AD46E0,0.09975885408718385
CC_7C79F9A5809E,0.1546412353697042
CC_7C83C07EFC0F,0.2480261168867964
CC_7C83E9232C67,0.22062169022794156
CC_7C83EB0AE1F3,0.14493783501597934
CC_7C8586DA7066,0.24410134491696156
CC_7C88709957D4,0.29092257559762164
CC_7C959962854D,0.09609282809396305
CC_7C970A94D5E2,0.0502174533703269
CC_7C9A6E4EF0BB,0.22955063244116136
CC_7C9CDFB269BC,0.04749797582222471
CC_7CA035F15624,0.2310033449137144
CC_7CA05AA22DCD,0.10071485404604759
CC_7CA4E578DE34,0.15721697791940648
CC_7CA673788D33,0.18402194060650168
CC_7CA73CF2DDA1,0.18705310436438027
CC_7CA85F67B5DC,0.35587479484630935
CC_7CA86004B844,0.1676698129918625
CC_7CABA4EBE62E,0.06424439117078315
CC_7CAF331761BF,0.05664450416786957
CC_7CB08E2F8A78,0.74848779405348
CC_7CB1413ECF02,0.2247388915314727
CC_7CB17532D3E5,0.1689659668399815
CC_7CB1E74A7C9E,0.06924751114358452
CC_7CB2C50185F4,0.3425252264226413
CC_7CBA90806C84,0.17854035001473728
CC_7CBED6EA85D3,0.10895329574184284
CC_7CC0C7C9692D,0.13012450811056683
CC_7CC1D5B1F8B3,0.04086351721021263
CC_7CC43B47C2B9,0.8264354582790052
CC_7CC7C93F94B4,0.06512149739165048
CC_7CCEA6BD51FB,0.2942181746660558
CC_7CD1FA278B26,0.2157001730638369
CC_7CD9EB1DE627,0.06963181933320982
CC_7CDA4323FDF9,0.07292729741114079
CC_7CDF501EA143,0.08707686255353805
CC_7CE09F9E5112,0.08140625130012316
CC_7CE2F784A666,0.3797336783890206
CC_7CE532774012,0.794549390137624
CC_7CE572CFF953,0.04510796941677657
CC_7CEBFC19191E,0.180693726618096
CC_7CEE68C9F8C0,0.04586601644347231
CC_7CEFCC809A46,0.13128032166715858
CC_7CF0A2986F18,0.08614436613535874
CC_7CF21E8649DD,0.5374055128585201
CC_7CF240376148,0.11441685897564835
CC_7CF25D8CE0D0,0.19508546691624434
CC_7CF352A56994,0.04438621141117795
CC_7CF35C1C0105,0.04170226782741419
CC_7CF49CD1681B,0.14124283335880408
CC_7CF5B25AB2FC,0.06928402704354686
CC_7CF6E9015D1D,0.19079259670484092
CC_7CFA23EEC2F6,0.07080239352831637
CC_7CFFE9BDA008,0.16556560188389763
CC_7D00DEEC59F7,0.09602027349852811
CC_7D015554F9DE,0.18274450120119223
CC_7D01C35513AF,0.07925246840893034
CC_7D03E3DB7F97,0.663708893036642
CC_7D1166DB1B08,0.16798328979164615
CC_7D14B47A26F6,0.38878703089459477
CC_7D175B134A53,0.04564801197159024
CC_7D18950A3E46,0.3969016791891331
CC_7D19C2EE9340,0.0630309335233801
CC_7D1B28EDFCDF,0.16315101582468416
CC_7D1F04EB9253,0.7056360493619417
CC_7D1F9D955A8E,0.08704264105543338
CC_7D25003DA7CD,0.2140445285726927
CC_7D25757FAD25,0.18526358225042933
CC_7D27BA4650BF,0.15142059312770248
CC_7D2A7462E04D,0.07644963401934132
CC_7D2CA2AA1DFA,0.5345738024745744
CC_7D2D62A88DAA,0.12682177542188816
CC_7D2F50645DC2,0.17917399847494583
CC_7D2FCF929468,0.1541413842027355
CC_7D3036ACBD2B,0.04989136248684003
CC_7D31DE6B0DFA,0.1408245312985931
CC_7D32A09A90DE,0.18583447735505348
CC_7D3AD4DC8018,0.5084542774391002
CC_7D3B7CC40D55,0.1432231203219136
CC_7D4059118027,0.10018091265911441
CC_7D40883593AA,0.1491751415371782
CC_7D42DEEF91C1,0.6545039723918393
CC_7D42E04E1F1F,0.21233765145391828
CC_7D43B6546972,0.19919749912037
CC_7D447F8BD94A,0.7372320826575703
CC_7D4670E68BE8,0.06134200465381125
CC_7D4728794F2A,0.2838046502139296
CC_7D48EC19C177,0.2235896218868724
CC_7D48FDBC7167,0.1669164045755516
CC_7D4934BBAD6E,0.15771407876194565
CC_7D497B3F745C,0.1470035788126109
CC_7D49E9E16B70,0.21096916068470511
CC_7D4DD8CA7A98,0.11186622050606584
CC_7D546A6ABAB9,0.38483903929945484
CC_7D54843116ED,0.09366604349203736
CC_7D5511B666FC,0.6797438721772979
CC_7D571301DFE9,0.11540815133250142
CC_7D57AE094AFD,0.1064431383343204
CC_7D590B73ACE8,0.06422318876059438
CC_7D5BE48BFFB0,0.2763259948696011
CC_7D5D9ECFB3F9,0.12259169090278324
CC_7D62523AF7E2,0.18152884437836364
CC_7D66D5D4397D,0.059586653450379376
CC_7D7139C9BD88,0.12350476152430075
CC_7D76141DE78D,0.09010542697590604
CC_7D7A03CFF2FA,0.17310355322026458
CC_7D7B0A1FADA7,0.11690412119987684
CC_7D7BF6113AA6,0.12242578490184516
CC_7D7C1FB645A0,0.05229337834248238
CC_7D800171DF2D,0.17498411250232832
CC_7D84B7549390,0.08893833917288142
CC_7D8BE30EFB4B,0.050224495406661254
CC_7D8C41BD0A78,0.05912458650790929
CC_7D8FBA36B367,0.26779786643591763
CC_7D92ED939B40,0.0723182599404852
CC_7D9A08ECBBAC,0.10221863677728363
CC_7D9AB8BC22AA,0.5721088441551758
CC_7D9FB6E456DE,0.5948186707827803
CC_7DA178E7359C,0.07677774561197279
CC_7DA517063F78,0.3630712090708704
CC_7DA92D6AFDF8,0.10680976964892812
CC_7DAAD0F31BBF,0.13769025095390552
CC_7DACEDDFFBE8,0.13020698197905728
CC_7DB2244411B6,0.7526624276327589
CC_7DB4861B64B6,0.11720888339471677
CC_7DB6CEFD6D8D,0.20132828226641367
CC_7DB9DDD3A5DA,0.1147531683028146
CC_7DC1E7D78A79,0.12450634991713783
CC_7DC81FD42428,0.5449977788788729
CC_7DCDED690718,0.5045982487244217
CC_7DCF1563DDEE,0.0852469140621585
CC_7DD0D06C1FCA,0.15222289228254304
CC_7DD26C08C4A9,0.627182130211252
CC_7DD2D78F8679,0.29299270580546044
CC_7DD4A9A6E4AF,0.1942887154457087
CC_7DDEB81434DF,0.13069298672001756
CC_7DE1666FA226,0.04364669407098888
CC_7DE276F50FEA,0.39780208707495546
CC_7DE3E015694D,0.7239990702858677
CC_7DE47E7C522A,0.0643706392169213
CC_7DE488D13623,0.05406664870343324
CC_7DE492115113,0.19065666005280743
CC_7DEA2CB14992,0.1331204660642002
CC_7DEDB3FC8430,0.08209828085395927
CC_7DF31FA7E25B,0.03429843694175918
CC_7DF880F0B595,0.1480047590204488
CC_7E03D7483AB0,0.19369210358362832
CC_7E070A83E0ED,0.47072449498031954
CC_7E0D56F6DC5F,0.09674727978176431
CC_7E0F6CB1DF18,0.609735903842731
CC_7E1036C6E6D2,0.303176927605433
CC_7E1227A3D953,0.2918390358730861
CC_7E14D39F9871,0.15381985115745933
CC_7E17A95CB20A,0.12936122738984662
CC_7E19606F94D6,0.17421966829039853
CC_7E1F17A4F69A,0.24675558537894715
CC_7E2122F9329B,0.20261267975819144
CC_7E25CBE1A551,0.05215558136714282
CC_7E284E301DEA,0.1825848015455938
CC_7E29A702C891,0.1402840550809294
CC_7E2F570FB198,0.07928713451769391
CC_7E3383EE989D,0.2143327048031817
CC_7E346F7202A1,0.06696769153071207
CC_7E3482FD7B94,0.3605918260015075
CC_7E35DB5421E4,0.18287662828215795
CC_7E3AB9B91A20,0.2003838720938537
CC_7E3ACC31BEF0,0.05625681814019253
CC_7E3B32BE21E0,0.11759534513799004
CC_7E43DC905EA0,0.16372730517048778
CC_7E459336C5DA,0.2603456681297678
CC_7E49AE22203C,0.052331138962899613
CC_7E4A0A9C9BA2,0.2180564415307192
CC_7E4AD619309B,0.05446779931856277
CC_7E4D42802054,0.06197238431412365
CC_7E504CEA3BFD,0.14602164343832152
CC_7E53F255BFC0,0.03070886278931686
CC_7E55773C6B0A,0.11601562231967408
CC_7E5FBD1D4397,0.22371971639148974
CC_7E615F9E9F8A,0.061803288130525755
CC_7E689BD02410,0.0459247307792764
CC_7E6D7F468412,0.22739163172778626
CC_7E6F9B7EC0D1,0.32400747732601726
CC_7E777040F646,0.08511416838438988
CC_7E77C31C1AFD,0.047215825269562
CC_7E78B86CA8F1,0.5372523938734941
CC_7E7B0F718150,0.09003864101265063
CC_7E7C6A042A66,0.11891119528282976
CC_7E7DFACD8A7F,0.2976658050569647
CC_7E833855F64F,0.10844267317400688
CC_7E83BE9DD2B0,0.11314172403590013
CC_7E84A644B372,0.06088511826548211
CC_7E8701C8B9CC,0.16209482229001057
CC_7E8843266AC7,0.055664934108396145
CC_7E8C32042F5A,0.17643269512122317
CC_7E8CF4407085,0.06818562441370893
CC_7E8FB918C1A7,0.3682680818096769
CC_7E90DD88E9AE,0.6020724267870049
CC_7E982753B8A0,0.1473048121063533
CC_7E989F99D5C1,0.08621733513571214
CC_7EA034EBBE61,0.12079291254132236
CC_7EA0A63EEA55,0.21485454618666747
CC_7EA1F08CC24E,0.11704882720682405
CC_7EA50A141005,0.21119371095077338
CC_7EA6F0BE737C,0.05128458017187994
CC_7EA8C50ED6A5,0.12076537965017531
CC_7EAA539ACA1D,0.362581079726382
CC_7EAC3181FE4D,0.10074312724176362
CC_7EAE623CD57C,0.0878498746945337
CC_7EB65C09DE9A,0.14240162292491493
CC_7EB8003E5B71,0.11014430569678621
CC_7EB938DD5ABE,0.11138359855221365
CC_7EBB6FAAD4F5,0.27429528173196727
CC_7EBB89621407,0.3500763808449752
CC_7EBCDFEE6B7C,0.2889598306443687
CC_7EBD5B68AC28,0.710414316040759
CC_7EBDB049C6E1,0.15833211449077958
CC_7EC08A6D726C,0.4249315783216498
CC_7EC09E311414,0.08268751733000926
CC_7EC2C75BCB6E,0.17163063459463462
CC_7EC437260AE2,0.06727525312739592
CC_7EC5241B88F1,0.048334538449839856
CC_7EC7626D9304,0.14881120631299427
CC_7EC7BE95D068,0.0661323757449179
CC_7ECB2C8E558D,0.12049007369149525
CC_7ECE0233A9CC,0.11426299428017614
CC_7ECF7A15CDEF,0.23232854818073467
CC_7ED75B0563BE,0.11866332381612858
CC_7EDA3DD67B5A,0.5761176561862846
CC_7EDA5842C46F,0.13235751840952847
CC_7EDB5227E9EC,0.08617959055136667
CC_7EDB8A8769C4,0.061620406300524636
CC_7EDECA48843E,0.3462322833467336
CC_7EE137A10BD6,0.7183361133414369
CC_7EE3C8409E43,0.23635674147336122
CC_7EE3C9028F86,0.39421774276797317
CC_7EE5450CD4A4,0.0894625352540263
CC_7EE7726B2A9A,0.08150212379892148
CC_7EEE384CC9B5,0.20167716597508964
CC_7EFCB28E21B9,0.3834627129583119
CC_7EFD195DBAB3,0.28298528725642447
CC_7F01355F369D,0.23591200409546972
CC_7F01C4E32DA3,0.11072672518409121
CC_7F0714834945,0.03662572766730291
CC_7F095E66F8F3,0.541986689896769
CC_7F0E1682BE49,0.0813629981474077
CC_7F11AD1BF565,0.1467366173421946
CC_7F1DFE779C1F,0.49749519301916995
CC_7F1EDA0A89DD,0.45450955577418817
CC_7F209C5C69F0,0.1285786470231153
CC_7F2436F8D3FD,0.1188604843025612
CC_7F2757FFA3E5,0.0853842238736406
CC_7F2A20D2B2EF,0.07526306765314461
CC_7F2D314375CD,0.05055517251119588
CC_7F2EF826695F,0.036335240549110276
CC_7F317AC4D3C0,0.23198416791176535
CC_7F31D17AC29D,0.056121143508754225
CC_7F3515DC0B32,0.6813409871783681
CC_7F35722CA65A,0.06286265300587571
CC_7F3663CCF9AA,0.12678731712042862
CC_7F37BE9DA154,0.06395412064999687
CC_7F3D475140A2,0.17723783195425044
CC_7F40AD64A07E,0.6885501857360281
CC_7F428E9EACC7,0.2870367094779736
CC_7F4883C3E768,0.7104532721061648
CC_7F4C2D3DC678,0.06273522074863846
CC_7F5141ADA63C,0.7669698834414554
CC_7F5305ADACB3,0.06374040138816284
CC_7F54F0A0FEE0,0.1371463815373491
CC_7F5B2B748959,0.22655343247499132
CC_7F5C0649CDC8,0.07665117948288316
CC_7F5C816FF4CD,0.13069221905679015
CC_7F5D145A6A92,0.1514450702536571
CC_7F6100F21562,0.2835616873301499
CC_7F63898D1D4B,0.381654930565718
CC_7F651C9125C2,0.251728743606642
CC_7F681AFC0FD2,0.12298457830242412
CC_7F68DBF12692,0.5706003369409194
CC_7F6A19BE3AB9,0.14078632067607486
CC_7F6B645D227E,0.3717837653231312
CC_7F6EBD10FE05,0.11996343488600494
CC_7F710BB6029F,0.08684536950111811
CC_7F72E9BEC608,0.21885994457567812
CC_7F7B0C39A977,0.2848070675707097
CC_7F7EF7B37397,0.22093737533660046
CC_7F8020D844B8,0.3467629149174518
CC_7F835D23CE88,0.12085050101284311
CC_7F83E551B218,0.19820297190103464
CC_7F878C2ECEA4,0.16266908814206332
CC_7F89CC19CA71,0.2276599069802035
CC_7F8D9F4E5DD7,0.23212892319165976
CC_7F91ACBF8422,0.11250866095746988
CC_7F9337FBE219,0.06518401982079684
CC_7F94C38741B0,0.20360354757243876
CC_7F966BEA983E,0.24331706309495624
CC_7F9830EBA971,0.7490640006584148
CC_7FA21083FF9A,0.7214086451781808
CC_7FA2F086DA08,0.2215325953399569
CC_7FA4E77F6943,0.6609404294699388
CC_7FA6FA19093A,0.09881496213827759
CC_7FA708F27E6D,0.6738846001729618
CC_7FA82F26A3C8,0.08676128021913695
CC_7FAD77B06D6F,0.15899105154201593
CC_7FB3859D96FB,0.1850184364135067
CC_7FB5F366E42D,0.0891065977859858
CC_7FB8E01C165D,0.4674033649659847
CC_7FB9094A1CBF,0.1884970635554473
CC_7FC0A214662A,0.4046784942562601
CC_7FC14DD37133,0.5413236682517918
CC_7FC57CFE252A,0.18716915077779422
CC_7FC57FD13303,0.15016047586312647
CC_7FC84EFD9EFB,0.05254201671088279
CC_7FC91F51ED88,0.5371747895816924
CC_7FC9E6A68D10,0.14050388813528508
CC_7FCB0164338B,0.0488963485393987
CC_7FCBC3D755AA,0.25130857654435684
CC_7FCC5BC34328,0.09639594453334768
CC_7FCE535CF8B9,0.0497365834275114
CC_7FCE6EE1D24A,0.08966172273919669
CC_7FD13C3104BB,0.4884063532981834
CC_7FD9B7C393FF,0.07224608706857083
CC_7FDA04C08C57,0.053678898079935256
CC_7FDC17237ABB,0.6237179515876183
CC_7FDED1017471,0.7234195429470959
CC_7FDEF8370FF6,0.2205752086070706
CC_7FE64A537BA3,0.45850179898502075
CC_7FF006AB718E,0.10511108776219
CC_7FF07D195F7F,0.07665353973436832
CC_7FF249691400,0.14385474589366057
CC_7FF2C44512D1,0.10911328564226963
CC_7FF39B488D74,0.4596643558982004
CC_7FFBD989F191,0.31776393145321236
CC_80049693FD2A,0.040218819727030786
CC_8008D9D9F99E,0.19877766053211735
CC_8018B73F7BE6,0.13199314120835443
CC_801CD79AEDB9,0.18406309012522148
CC_801E4B28D18F,0.09285707452574019
CC_801F49D3C717,0.3278236455659599
CC_8020C7D95AAE,0.22974455856860518
CC_8024958B90B6,0.17255905343320108
CC_802E147F7CA0,0.08788547837573651
CC_802EC342F298,0.05054242612121753
CC_8032B0BFD448,0.1862123104827687
CC_8034D25FA589,0.7577006642210455
CC_8035FBC45512,0.07078820930037437
CC_803860B575ED,0.06239129659730035
CC_803ACD5C4708,0.2056769347232895
CC_803BE9BF9BB0,0.10344629465916348
CC_803E5AF17274,0.14102556652560078
CC_803EE75F8E70,0.3770141360490137
CC_80449A7E7043,0.2262638915047274
CC_8046A5FCB01E,0.06731566649472853
CC_8046C8E17699,0.1901079794631319
CC_804895AB2971,0.1772683175751161
CC_804A7B3ECB28,0.05768776309430641
CC_8050568C0845,0.1863480686411683
CC_8053F274F0CF,0.1059190522947783
CC_805A12FCF7D6,0.11264232892343591
CC_805BC9BB9887,0.07572510904809214
CC_805F6791D4CD,0.07261826657111513
CC_8064FA316A59,0.17195521270673628
CC_80663C90FE52,0.19301668072337552
CC_806A3D14548C,0.07344504532378042
CC_8070D2758ED4,0.17186759343659966
CC_8073256F4AE0,0.24985767208054038
CC_80748CBD06F4,0.27657708880672893
CC_8079546A19B2,0.2013966280518682
CC_80797DE058CE,0.1519820190306182
CC_807B9F02D55D,0.05816213031763019
CC_807CD4C6962E,0.05710771842809821
CC_807F815BF916,0.07483407948969101
CC_8081146154FC,0.14454105529405664
CC_80845D401D4C,0.08768293165777896
CC_8084B67F0989,0.18209782235166094
CC_8085881394F9,0.05349856296162292
CC_80864B8AFCAD,0.0633515059904299
CC_80892DCBB821,0.3209314037980713
CC_8089F641AD55,0.20470805521499016
CC_808E2E9F135D,0.251365341017658
CC_8092994EAB58,0.07390976116134797
CC_8093D5827DDA,0.10204215571689237
CC_80973AA0D771,0.13395937943830227
CC_809795E4FEA3,0.13648778167171605
CC_8098627224D5,0.570267921783079
CC_8098BE047A36,0.15451238710781845
CC_809BF70567ED,0.12937525608232303
CC_809D2F4CEB66,0.03684188800422348
CC_809E0C0369E6,0.3517233923890376
CC_809E148E215C,0.07226225052164179
CC_80A00159EC4C,0.614178728416262
CC_80A3E703A05E,0.1094806086971785
CC_80A673C7F619,0.40342870158649313
CC_80AC3E821EEC,0.0745563348647241
CC_80AED316AFD1,0.35089342507856036
CC_80AFC763C66E,0.1556583625527576
CC_80B0063340B2,0.18281934847358733
CC_80B0EE947298,0.09084223671096857
CC_80B104DF00B8,0.0987677976161484
CC_80B301266F21,0.22072248681745826
CC_80B32EED2C79,0.05284474946001287
CC_80B63458AEEE,0.0914423672877985
CC_80B77981C0E8,0.1110228387629266
CC_80B88677EE5A,0.7364751616438928
CC_80B9F2F454BA,0.17277568550962394
CC_80BA37304E5F,0.7539998144180761
CC_80BBF83A986F,0.2136374292595628
CC_80C812F8F41B,0.43320705706808155
CC_80C9BE31077D,0.20735863854583422
CC_80CBEE89AE98,0.18995189927220174
CC_80D33E45C82F,0.700978525468843
CC_80D495DCECD2,0.2961354991727375
CC_80D855B63268,0.33816320017651874
CC_80D90BAF3FCD,0.13404711160147895
CC_80E0EFE21833,0.2783841163125888
CC_80E31CDA427F,0.0568893027010394
CC_80EC5AD6F917,0.06127606126009847
CC_80EFC70F5DA3,0.13306231814644426
CC_80EFD078D0B7,0.3273338821544577
CC_80F26EFCF8BF,0.1705288154024116
CC_80F565D1A985,0.2144519863766771
CC_80F628074B58,0.08381967888570355
CC_80FEA638CFCB,0.1007558960477811
CC_80FFBE226BCA,0.4382948704750714
CC_810806BBBF03,0.03355937001779688
CC_8108EBEFF33B,0.7929868516363114
CC_81108FA9AA59,0.25966604860092
CC_811145633615,0.0773518630511171
CC_81124E3126CE,0.1986332581203698
CC_811342C6B3B8,0.2231652117730961
CC_811FABF47646,0.2251858599553307
CC_812302A472AB,0.2897958889472375
CC_8124F3A93151,0.11606793932442164
CC_812A978A99F7,0.5352162087919551
CC_812E82DB72E6,0.10635592217670105
CC_81300037B7F5,0.10874614620471838
CC_8131E0A7EAD7,0.08462879579656632
CC_8133629D7AA4,0.1812018686250296
CC_81348A46999B,0.7439929279546877
CC_8138AB6A817B,0.08821721176623451
CC_81394153D68F,0.3398204234234771
CC_813991A8E98A,0.11772978738230044
CC_81399EAA5F81,0.06174460037156283
CC_814224167666,0.6379196821795733
CC_814442A6B4F5,0.07841330530133264
CC_8147468B6511,0.2352368254669556
CC_8147EB63F4B5,0.21986858442446766
CC_8148826E388F,0.11352630409502085
CC_814CC0711E2C,0.13229844742529992
CC_81500D788784,0.07098010906345817
CC_81515A5E4B09,0.06744026128414057
CC_8153F4FD1399,0.4461256684244099
CC_8155689D2578,0.6330871204755647
CC_81559928DE06,0.15435276451441038
CC_815692CCC3EA,0.3901240464336747
CC_8157A2EBEEE4,0.07915526094778177
CC_815EDE57757D,0.128784337129335
CC_8167D39172F3,0.25254211873840143
CC_81729FA3F7ED,0.13290175920640496
CC_817393EC4CE4,0.07314028799090494
CC_81747B22BECF,0.2875312025914854
CC_817604F0BA47,0.1142148097496251
CC_8176ABD82B21,0.13601266368477258
CC_817A2E67F841,0.09983564677861696
CC_817DDA761DFD,0.2710675200096258
CC_81811029DB16,0.8023046565526626
CC_81873180C1E4,0.13899130774661467
CC_8188077BCB45,0.09340677391203006
CC_81893FCA78C9,0.08458685650954002
CC_818D53E1EA71,0.6560451760519842
CC_818F6F3A96AE,0.2962715891944283
CC_818FD8C26684,0.2387359510541492
CC_8191557EE7CD,0.5295737451496072
CC_8196085184A4,0.0496755511209629
CC_819749F2D38C,0.3383232998376181
CC_819FBFF1AE70,0.13440986938061023
CC_81A0293CE59B,0.04001108759838
CC_81A06F096871,0.18193330903843782
CC_81A6AD7422DE,0.043944060355923256
CC_81AA38A9E25D,0.20466576158270994
CC_81B17F3A8102,0.14828609216147945
CC_81B3585D4E14,0.10818298227704862
CC_81B411E3D0A4,0.11754954231189955
CC_81B54CFF9C22,0.07575936503991461
CC_81B5AA80E80A,0.478208968320017
CC_81B9A6989333,0.6019199517493616
CC_81BB3541722B,0.1689743020351476
CC_81BC632A1A18,0.08541281858196291
CC_81C14C675561,0.12894854939801959
CC_81C24094C926,0.16767854923143405
CC_81C74F60D4F8,0.3791081425188315
CC_81C938374A65,0.04501574393405301
CC_81CB55C4C0DB,0.09964505217858541
CC_81CD43E3C7B7,0.3286026887079075
CC_81CF171DF295,0.1600198270595669
CC_81CF590724FC,0.16447704481174685
CC_81D078A57BA1,0.06924465706738196
CC_81D3792907ED,0.10006136059125843
CC_81D3E644D5BF,0.044743647736908795
CC_81D4A8732846,0.1294647686505697
CC_81D65454D4D9,0.33335582070475894
CC_81D886D0E847,0.29622720589785995
CC_81DA26986976,0.10227405546111554
CC_81E037C20B81,0.14740125672686347
CC_81E0F5ADF9A3,0.6686590206777897
CC_81E279325770,0.19433260681117998
CC_81E40887F088,0.0790500074805181
CC_81E5A7C6C6C0,0.08516858913663723
CC_81EB3E88424E,0.05817519997216723
CC_81EE6AAFCF9C,0.08955504166686587
CC_81F74EAAE378,0.11905046842375396
CC_81FFF9A7E895,0.0929996149740491
CC_8205F17ED3D3,0.15191448180510397
CC_820ABA670559,0.20763129060935506
CC_82104AD50FDF,0.3114093091098635
CC_8213F978EF06,0.09306391873925969
CC_82188BCB113C,0.08103602832739101
CC_821D50C36B40,0.06803775296956335
CC_822006ABAE34,0.3967744552268906
CC_822215A18B8A,0.2269059402421963
CC_8225547BFA5E,0.14042199495822255
CC_8228E3D8AE3F,0.3046078534781552
CC_822D9738A650,0.17713892764613803
CC_823289FB2D9A,0.7112037701877099
CC_8233B170D3AF,0.13020680962834827
CC_823630D4CDC2,0.04514392881542885
CC_823DED01D8CC,0.1261519004538175
CC_823FBB8C3C8B,0.18352025501401079
CC_8247D60A5F96,0.5136269110310652
CC_8249C026CBE6,0.08610867973667034
CC_824B38B9F0BF,0.11384230918722386
CC_825054DF2B90,0.46349798805135
CC_8258EAE0E577,0.3329553910842023
CC_8259A723C9FC,0.20637664039694928
CC_825CA7B45116,0.28946659210730213
CC_825DCFCC3B7E,0.22085994118224242
CC_825E32A06369,0.4112771364758995
CC_825FB731B4C9,0.04157548996412473
CC_82603363B9C1,0.04965640935347597
CC_82603551F6DF,0.14329354973800343
CC_8262790FDE07,0.24961387060793006
CC_8262D38AE315,0.14166053295759184
CC_8268316DAB93,0.0904286081159834
CC_8268E8D60C22,0.15884015186148798
CC_826B34C70F1D,0.037093791715434
CC_8270C716AB3B,0.05299253733339208
CC_82716EA511A2,0.07551930159020874
CC_8274DE6446F4,0.0783293956266338
CC_82758D978087,0.07486311232327367
CC_827A6119DCA7,0.07688280307929282
CC_828909159724,0.18965290016529243
CC_8291DE14646A,0.08955730720286481
CC_82956C38F137,0.5131612390407081
CC_82960E2E1522,0.34464038859339996
CC_82993D89439A,0.22840419451735902
CC_8299FE1245D5,0.31423047565045725
CC_829AB601AE46,0.05316370594364241
CC_829BDD5DC6E5,0.11266958467151775
CC_829E2008C78C,0.06204742571922567
CC_829EB39D3302,0.6581349868106324
CC_82A02889767F,0.15656741373826305
CC_82A6C114ACC5,0.3679997176342966
CC_82A7471B08FD,0.29703721105870945
CC_82A75E9BFB26,0.0696297951443173
CC_82A825486EEC,0.10952943395473787
CC_82A9A132E478,0.1802388769471028
CC_82AC0CE03932,0.07685163571888444
CC_82ADFBE46CA8,0.12984148861598693
CC_82AE891DCD65,0.049168115026015854
CC_82B0CB9519B9,0.12964576017275076
CC_82BA1A31A271,0.11345062099124965
CC_82BA3E470DA3,0.31888222736391814
CC_82BB02E95B5B,0.05201673136074765
CC_82BF785694A5,0.07299620668518235
CC_82C07799AAC9,0.5741228663343751
CC_82C37EB7AEF7,0.5129435436208911
CC_82C6FE1D5788,0.04816601641844955
CC_82C9699B0788,0.07868169245643418
CC_82CD637D8CF5,0.049939613964418546
CC_82CE707E5457,0.17539843395614801
CC_82D3EC982567,0.4040884395278571
CC_82D5A1900C26,0.06574978709829152
CC_82D6631D4013,0.22691432030420772
CC_82D6830815C6,0.12980399732692643
CC_82DA617E6C45,0.1955577826984836
CC_82E07C3D0C68,0.20080342781879482
CC_82E17C7AE92C,0.6094206169976019
CC_82E7A9BE73EE,0.44084902152907174
CC_82F0F11F2432,0.17813426062096327
CC_82F31A4C63C0,0.09971312011485259
CC_82F62F9543AB,0.10618857719648452
CC_82FA897D2D51,0.4250909848188546
CC_83021F1F5C02,0.05553035577614655
CC_83023FA67021,0.22263067193811487
CC_8303D4D8D697,0.0787118859408069
CC_83074E312228,0.04303640369699778
CC_83078E2EFED6,0.22227176697595624
CC_8308F2A27241,0.06972971600990792
CC_8309473E42A6,0.5000719630087873
CC_830EB4BBE2AA,0.10863934809534954
CC_83128DFCDB8E,0.21762178082917583
CC_8314F0E8649F,0.7657679065446715
CC_8317B20114A0,0.22840599144579818
CC_8318806D4FC3,0.25546998137060906
CC_831C5A568BF4,0.10805331275398425
CC_83215AA12E50,0.11675376400248352
CC_8327ABC05D80,0.1416589145334452
CC_832C1C24D405,0.11707650116053528
CC_832C6DC284B8,0.22514629517263618
CC_8334AD4A63EB,0.0543229023700989
CC_83356232937A,0.14559233851535008
CC_8336FAC8BC95,0.08134133492693779
CC_8337C98433A9,0.6384110329165733
CC_833BF65131D5,0.16420520572351113
CC_833F705A5C42,0.13700848506716853
CC_833FE83203D7,0.25629259780161356
CC_834001235455,0.2415255290389819
CC_8340CCFC1262,0.16804442251106877
CC_834489E6A5EF,0.34616892172303865
CC_8349D6A94DCD,0.2801397450206097
CC_834FAFE377C4,0.13336317295092928
CC_8353C5B96A3E,0.10014810940931877
CC_83550EA9CF61,0.20055275579698978
CC_8355A33413A4,0.0711805485467075
CC_8355BE3FCF58,0.1430164901419625
CC_835C2ECE5C47,0.10931626376553075
CC_835D5ED7DDD4,0.6548681406483194
CC_836253426DCD,0.12738208432754017
CC_836357E711FA,0.2555981644819757
CC_8363BE19570B,0.15009075210888306
CC_8366FBCD5550,0.1127099729287381
CC_836D5391F9DF,0.18917164194196667
CC_8372B6A2E609,0.14159795585716106
CC_8375B451EE3A,0.17625442035309216
CC_8377409F502F,0.7260981534946553
CC_8377D1BDD00E,0.1043929810526429
CC_8378825BF450,0.16551823884969155
CC_837A21AE52CF,0.11699844620881658
CC_837C4DCA9DBA,0.17811902821402756
CC_837CC9BC915A,0.1583705736001549
CC_837E243DECA6,0.177660010532044
CC_8380642A6090,0.04601515138694854
CC_838343457B75,0.05307601964690695
CC_8384E5D53A89,0.06250701825441793
CC_8384F344A9FC,0.08223344947937808
CC_8385EE3D6E34,0.24447484279930926
CC_8388627DE1E2,0.16633272750424283
CC_838A01CF9E5A,0.0837842449782864
CC_838C2F08310D,0.10485212955109277
CC_8396ED5E69A2,0.18133716975201866
CC_83A04E0D23DF,0.6986668918322636
CC_83A11B29B86B,0.17343942159923822
CC_83A3929FFEC8,0.2497841538477362
CC_83A3D63D7B74,0.26643651815202857
CC_83A4605EC51D,0.13088859227763752
CC_83A56C2FF006,0.2791646234525271
CC_83AD8B3CADEA,0.6311220936007804
CC_83AD9753C75B,0.17695034025534317
CC_83B0D3E6DF47,0.2129461707771562
CC_83B47B0C69E8,0.17440372145047414
CC_83B865B83005,0.357417727523146
CC_83B8D5D5C84D,0.13869093187345602
CC_83BA71418C9C,0.17184180686744327
CC_83BCA013FA9F,0.18781718028197217
CC_83BEE4D94392,0.048130044902525954
CC_83C22E9BF224,0.2790908588324224
CC_83C430D8E002,0.2172126745181245
CC_83CAB102591F,0.13514486253978478
CC_83CE379DCF23,0.06412997097404236
CC_83D248E2ADA9,0.1952593147970721
CC_83D3BFFD43E1,0.76133582070865
CC_83D6C1E67601,0.14340312741005062
CC_83D97572B111,0.0655288175004784
CC_83DF667C00D2,0.1454618059441436
CC_83E29E197566,0.6652756188415214
CC_83E2E0F35394,0.6498009250024082
CC_83E798A1D565,0.20697977215048335
CC_83E9A18D533F,0.09384476359183595
CC_83EFF0E17AF3,0.07519565058153033
CC_83F10D7593CA,0.11088667250938278
CC_83F27BDB40E1,0.4447514323524029
CC_83F2B435DA95,0.1563056233477321
CC_83F4CF4CB898,0.17996670359764627
CC_83F557684445,0.6103578437071102
CC_83F643F841F3,0.1695361143322867
CC_83F6F07B536B,0.09874086034379664
CC_83F9BDA0B79E,0.16594349005093548
CC_83FA4F8FA1BD,0.19606101384061
CC_83FCC4BB67A6,0.1953607665980543
CC_83FD7787C5A9,0.3224958641989738
CC_83FDB8DFEFF6,0.05033576608070345
CC_8400A14E3F6F,0.12022069489309908
CC_8401AF4A1D48,0.05879988242465084
CC_84074F9D8AC7,0.25113951683363406
CC_840766403CB6,0.25250548880401247
CC_840774B8AD67,0.0729776803435886
CC_8407D8693370,0.04236463513627879
CC_84087B3A631D,0.21631513132847396
CC_840E3A68C7DC,0.5500493938537647
CC_84104F5A51D1,0.0575442302483412
CC_8410540DCD35,0.06627488733061414
CC_8413B4912A70,0.1148582686071016
CC_8415119A4B69,0.10019410512844891
CC_8417E10149AB,0.187125231086355
CC_841EE1F6A6A0,0.15340717634396392
CC_8421447CCE63,0.034645264388126276
CC_8422A67A5412,0.09993725367288782
CC_8427CA2934C8,0.05528613656685107
CC_842B4A67D36D,0.11159119632829169
CC_842CD5238CB8,0.08266661838666962
CC_842D2DE0E3C0,0.053415026001564156
CC_84304DF7DE61,0.19349642614114582
CC_8437A6C54449,0.23532005934909464
CC_84384F87EA8A,0.21827624937418735
CC_843B738F094F,0.19768749309881847
CC_843CB20C9738,0.3969743248372571
CC_8448B1E35DA1,0.1469290128567637
CC_844DA5FA5D43,0.05196101405829504
CC_844DDBEC5850,0.4772747872550746
CC_8450562F8BBE,0.14490666194438356
CC_8451124411AE,0.23781642267658204
CC_8451284A291A,0.17544083650837364
CC_84523821E27C,0.15515238245853638
CC_84562D946C54,0.19096820297899925
CC_845A2488CCF1,0.15662481119257593
CC_845D423C42C0,0.11082449490064714
CC_8461774FB635,0.1940935157732256
CC_846624A85021,0.12320980329234721
CC_846C5C8C6819,0.23322878235303873
CC_8470C69D1B6C,0.05250062114145877
CC_8478F1310247,0.11206759247434513
CC_847937259B51,0.042988841706553024
CC_847B04465980,0.284441716829004
CC_847B56BEDC51,0.0648336360669563
CC_847B872253C6,0.03357393201714492
CC_847CA9F820DC,0.15717698675049546
CC_8480A42B8FD8,0.10936594786801601
CC_848960CA31A3,0.12691738040779107
CC_848BBC971B78,0.14249400946975768
CC_848D1A346431,0.044168195985912255
CC_848E5C9D0B57,0.2497993141605897
CC_848EF83F0057,0.20467915674459566
CC_8490CFD9E11B,0.222445512725492
CC_849112BE2CAD,0.7605169207658081
CC_84912F7B9B41,0.21125604259020103
CC_849D59A65C04,0.11509679092392049
CC_84A2E3B11728,0.11204663285279941
CC_84A41B9D0BA2,0.18992423885908716
CC_84AA0311C589,0.04097893593658986
CC_84B321B020AE,0.10919806859568078
CC_84B9D554CFB9,0.06879797970006327
CC_84BB35CB01E4,0.1427345167887785
CC_84BE392B6662,0.22472560935731783
CC_84BFFBAF5B38,0.30596683342473324
CC_84C02BD7176A,0.18590280770166037
CC_84C20DF4F875,0.055552929163685004
CC_84C77562FC21,0.14811479247587273
CC_84C794406827,0.08691507111611882
CC_84D07E076BD2,0.07579718994879356
CC_84D12ED55E32,0.467267661043803
CC_84DB737C55EC,0.2002319676722278
CC_84DCBB132410,0.44441555627850393
CC_84DFA2654E53,0.10022376689035264
CC_84E03F40F5AE,0.07707514167002685
CC_84EA5AC25386,0.0945633614114065
CC_84ED0261E8DA,0.04933417616006902
CC_84FC954B172D,0.15575780907443235
CC_84FD801362F7,0.13046252371196781
CC_850361408673,0.24076910576543478
CC_8503931DA5FD,0.06620526724705691
CC_8509561A2E9B,0.17696429412036901
CC_85096165BC6B,0.1641675278692214
CC_850CEAFBE5AA,0.11362521407188764
CC_851277321B1B,0.04935208549954512
CC_8512D7F86E27,0.21924072667107106
CC_851318AF0E46,0.07833850414483705
CC_8515609A8AF7,0.1473019638520729
CC_8517701E4090,0.10575165899694147
CC_85230640A905,0.445242798526745
CC_85252402599D,0.05715907573239267
CC_85257B9C8EE4,0.09744139785639076
CC_853646DD1955,0.22851704698516556
CC_853CA6BA6B6B,0.03603754889602732
CC_8544A53D1D9A,0.07020064739565487
CC_854532C8E2C4,0.07888300585270538
CC_854727248279,0.24446482204072306
CC_854A2C027435,0.36046942974964746
CC_854B02848540,0.17284889773553289
CC_854E5C8034B8,0.25566662806636764
CC_85503D7EC808,0.09555054378980178
CC_8554D166AD5C,0.3854219294116178
CC_8555E19AD380,0.5991493039043732
CC_855694F826CF,0.08545886873992196
CC_855AF362E28F,0.14690292227726978
CC_855E2CB15AF4,0.20292500989623066
CC_85604F154D06,0.08081205776660658
CC_856391A5250F,0.06064769338181286
CC_856A4B8814CE,0.23230093430880144
CC_8574B2C58882,0.19369511167510056
CC_8575A7EFA73B,0.06828720867417469
CC_857702EEF8AD,0.13673379398486432
CC_8582281CD246,0.10077240690638276
CC_8582EEAD0696,0.0845798506802409
CC_8583C01D341F,0.10813291304764441
CC_8586D6F8A078,0.12537009050450032
CC_8588F3E2B49A,0.16956487104904983
CC_858C2DF27D17,0.06660874855124453
CC_858D84B70968,0.5387056284700933
CC_858FE0CAEC64,0.719122665916692
CC_85912C4DCBA0,0.1485175777045154
CC_8592A31B8D43,0.7144705404054215
CC_859634473D76,0.7445054922290635
CC_859712019798,0.1739350601025271
CC_8599D33632A3,0.5896725479385022
CC_859A4F38ADAC,0.18911917842043807
CC_859BF8767B8C,0.3194253855391974
CC_859C7F62A15E,0.0565904085560218
CC_859CA10A2BBF,0.43993751129494435
CC_859FBBE2EBDA,0.20202900116510575
CC_859FC448AA1F,0.21828424362448126
CC_85A14BFD5BE5,0.242973859974675
CC_85A198C86010,0.12268533876421077
CC_85A280DE8323,0.04055789021242863
CC_85A49AF89BCB,0.17369425532186217
CC_85A58CBD5A2B,0.06862176983849595
CC_85A8D1A59F99,0.08663962448776466
CC_85ACDCEA8BA9,0.17174710225573572
CC_85B3C568AF3F,0.06312155468975461
CC_85BF6ECE2835,0.45485901279217006
CC_85BFBACE415A,0.06128865453491761
CC_85C37C9A37B6,0.13594363637627915
CC_85C7E198F897,0.14274804810706776
CC_85C9577D55B8,0.10285857493285282
CC_85CBA47DCE02,0.06696725419628444
CC_85CC74830176,0.04433226839533748
CC_85CD58D9DD10,0.08285107781598156
CC_85CD9ECA568E,0.5526558669883016
CC_85CDF67FAA71,0.1821964352618377
CC_85CF165732FA,0.13395073377551955
CC_85D263C4FB84,0.12686663400040454
CC_85D5C3897439,0.12351223219899629
CC_85D5D9E468D1,0.16302679761878663
CC_85D98819D731,0.23810098380759995
CC_85D9EA4EE0A5,0.048279634753911255
CC_85D9F170BA52,0.6654937956039586
CC_85DE8E68C968,0.12030031032280082
CC_85E277D9753B,0.10384658458170823
CC_85E45CBE3C57,0.4468221408662947
CC_85E57C4C5626,0.0766495657357443
CC_85E65A6C1CA7,0.7044908986597812
CC_85EE07C1FDA4,0.060820095353988246
CC_85F0184870B9,0.1968175877218023
CC_85F276C3D99B,0.08858594275111109
CC_85F28F6F4251,0.11308885078484203
CC_85F42A23D754,0.4547496424863778
CC_85F9727CA904,0.522262731130122
CC_85FBD37724D5,0.11131072368070458
CC_8605A7739771,0.20875085418719644
CC_86088D044308,0.7222059628496559
CC_860BA322ECFD,0.19093503799359415
CC_860E37E1E603,0.2072204551207993
CC_8612FB9659B9,0.19063696725561174
CC_861491686730,0.07930645094397383
CC_8615960BD66A,0.2913682463978064
CC_86188DD29505,0.6147872135372555
CC_861B8E55A0B3,0.04184330163009113
CC_861C1CD2DEFA,0.10568807033651324
CC_861D0FF46FE7,0.18254594371651411
CC_861EC1FFA7C6,0.3804050074382541
CC_8620E3F929FC,0.23577039278396325
CC_862702BA2903,0.07440975597321683
CC_86271F36EABB,0.05083035093538372
CC_862B98C05A76,0.07262764639990582
CC_862C1D6FF9B0,0.2400003377501776
CC_862E6626CE39,0.04369734290141062
CC_86307416BC27,0.11605117313794515
CC_8631EE0730DD,0.10718149983594147
CC_863392C131D8,0.6154032158715493
CC_8636DF115572,0.23143050633370899
CC_8638500AFB92,0.08678971108782918
CC_8639ADBA3BDF,0.07553820084599053
CC_863B3C386DA9,0.07005283723087194
CC_863C74781000,0.0548260733841676
CC_863D53B2F0EC,0.1631884979871466
CC_863E9DF15E02,0.13286089515391292
CC_863EC200AC9E,0.2465127539379303
CC_863EF1BAAD35,0.07405696587502605
CC_864086E0DB2C,0.2586594354266117
CC_86416D79943F,0.1047373741324705
CC_864170568CBF,0.2561038022152906
CC_8643269CA8CF,0.1010870843731245
CC_8645398F94A6,0.051312973252120454
CC_86497D43D291,0.768874390483248
CC_8649F6AF600F,0.16717487246099577
CC_864BABF31CCA,0.21879328678041934
CC_865063598888,0.4027969176031577
CC_865BF6775110,0.04500581774872349
CC_865DBDBEEB69,0.09164310964740975
CC_865E153F9C3F,0.48807603282025036
CC_8660CB567744,0.28567853496552065
CC_866126DFB0FB,0.1342322409820006
CC_8666571EEB31,0.443522906601034
CC_8674F8AE8ED8,0.09526268946100776
CC_86759F24B910,0.07741628530773399
CC_8675D42E20F3,0.1481583555477191
CC_8676FC3D2640,0.5820985427503711
CC_867A710D3305,0.11316894146864429
CC_867EBCE17C7D,0.2647157845251703
CC_867F3EF7E34E,0.20732138962032126
CC_867F7FFC6A14,0.16646498843321247
CC_8680550434E3,0.08885106143177947
CC_8682D2F277BD,0.07724058974899516
CC_868689560BED,0.1025783603358191
CC_8687F92F9512,0.5332395023097012
CC_868A3CC45CAA,0.5079859399650498
CC_868D4E3358D1,0.1802741684748511
CC_868F1B2C419F,0.07858951968530706
CC_869176EC2795,0.08698529622748188
CC_8692B58F6652,0.1516487326741402
CC_8694E56CEFE0,0.12228335737361147
CC_8699F4C0223B,0.03385983335686528
CC_869C77808252,0.27110867807976363
CC_869DDB5FFA7D,0.1916236343523198
CC_869EFD072B48,0.09589401490159048
CC_869FEFA4EFFA,0.11283264968302989
CC_86A33D396049,0.1309443032522861
CC_86AB85858F42,0.32888893723820406
CC_86ABB02C3F84,0.7773290569441456
CC_86AD2D6E1A11,0.05914395285879549
CC_86AF4D4980D4,0.7198426402492589
CC_86B0BC1961CB,0.0785455297916921
CC_86B1104503DB,0.05128679467162338
CC_86B2B3B22C17,0.18870480833218753
CC_86B53E31B5AB,0.3604405271061636
CC_86B5782EB5BF,0.12185725394311038
CC_86B8302DB4CC,0.31431741482996556
CC_86B9EBDE556C,0.09641635140193049
CC_86BB24808E04,0.3459905556506769
CC_86BC75B21D5C,0.1017022877993039
CC_86BEAF8E36B0,0.0815526682855903
CC_86C238643356,0.13420317057429737
CC_86C36B9E84E8,0.07812454563192682
CC_86C790A482E1,0.15054847172129504
CC_86C85637C604,0.31243715097564195
CC_86C9FBD83D41,0.09775909131855418
CC_86CFEB77F44D,0.06743976553231926
CC_86D11AC300DD,0.1876782754326129
CC_86D1EE4E104B,0.7723647793289449
CC_86D2E76499AE,0.06203175682701878
CC_86D595ABBB67,0.14827608098809558
CC_86DB45056AA6,0.6280780118081994
CC_86DC35C59AF1,0.2708290339793653
CC_86DE9B62A591,0.24591585946660074
CC_86E15A0E2ECD,0.11030456493954224
CC_86E1968D77F8,0.11061513477073404
CC_86E3DE1F853B,0.3694995703268708
CC_86E62C8EFFAB,0.07397851242366973
CC_86E6FD46C7C3,0.042118235249544986
CC_86E7640CB326,0.20585518922781887
CC_86EDC712802F,0.1257651975677199
CC_86F0AD898633,0.4102724724425738
CC_86F100A0BCAF,0.10010386059513973
CC_86F67003DA7F,0.14142949575735703
CC_86F839FDC22F,0.7530540180637284
CC_86FBD7D6E155,0.19289077328408974
CC_86FD060EE094,0.40539238590802407
CC_86FE5ADAEE0D,0.2035080909588182
CC_870092A40E28,0.07916603856095025
CC_87033900032A,0.1663757304762749
CC_87048F2C60FD,0.4815124176031406
CC_8704C0460B7D,0.34073195518973554
CC_87065E562980,0.10137217573835348
CC_8707A0F9A72B,0.22744486954889315
CC_8711ECE19E1C,0.6702767434737172
CC_87153B77C7D1,0.1527096044966999
CC_8718E2F7EBDE,0.06671933013582798
CC_871B07565EB3,0.3338019068550126
CC_87204B25FE9B,0.7706194573082669
CC_87232CB033D5,0.23927919051498617
CC_87286A4ADA66,0.2615695422531621
CC_872A36BC4113,0.21650772084587705
CC_872A7D72B306,0.08453569930590178
CC_87364D9DDBBE,0.06187333060371473
CC_87367810F0E3,0.06028731481983758
CC_8738460D8B27,0.6412847645785121
CC_873C0411FB67,0.14066145691408774
CC_874203D16395,0.4728189138591213
CC_8744637340D6,0.4526569164481081
CC_8745421542CB,0.3821837035772892
CC_8746CA087323,0.5031260844066647
CC_8748CED9B5C9,0.09480846381701206
CC_874DF4A29A08,0.3125044874225801
CC_874EFEA204EF,0.12243161634998419
CC_875061E651F9,0.7283592024460599
CC_87582E5C62E6,0.19584824422603359
CC_875C61C2FC02,0.48300732082342135
CC_875EB34D2629,0.21651468012136332
CC_87628F7AE5F2,0.3358108056192795
CC_8763175F2224,0.05804698004416324
CC_876738074030,0.34413942292687105
CC_876792BCBA2A,0.16412725743908066
CC_876FB5FB5A95,0.3975118624580628
CC_87717CE81F95,0.04932017708358165
CC_877218475FD0,0.27253587547404945
CC_8775CA5C253C,0.14867392423547715
CC_8776E6126E3C,0.08487681838525359
CC_8777C4330C67,0.17908792168248372
CC_877ED204BB5F,0.05984510516714353
CC_8781D1FC0EA7,0.19201150643131437
CC_8781D8F1F3E4,0.22159359672178364
CC_87857B066AA9,0.11257516558845268
CC_8786ACB3735B,0.3256010510601209
CC_878D80092C52,0.672543160263774
CC_87909526CD47,0.11888412972493279
CC_8790BD625546,0.1944914261563283
CC_8793CD1D147A,0.25541736437780255
CC_8797E4A007C8,0.050519965044137916
CC_8799F55B9D6B,0.5599004319667903
CC_879F4293240E,0.21607202042470827
CC_879FE8F2F22E,0.1563640024163096
CC_87A2160F2BD3,0.6525795642231869
CC_87A592F2B41F,0.13803820123329344
CC_87A68B6A860D,0.2709122288120744
CC_87A77C986512,0.28571708559148146
CC_87A839B8E7C6,0.1932666562015879
CC_87A84A191294,0.07126089217128524
CC_87AB25D4CFEE,0.44694731698882767
CC_87AB83BEABDB,0.20711764382105713
CC_87B1A35F6905,0.2513292154146397
CC_87B1D403A93B,0.6271286420649769
CC_87B3E2F91024,0.11689796772095144
CC_87BB4365ACC5,0.061626442375024494
CC_87BD15B28637,0.16685897895912422
CC_87C46DD4173E,0.13122092679976624
CC_87D4A9FC32DD,0.13439367131967803
CC_87D59E971C90,0.16946223584490402
CC_87D66EE64921,0.45903368583062976
CC_87DAA6D59306,0.09772718200290668
CC_87DAB6BBE8DE,0.16383092033137647
CC_87DD3999796C,0.39095300994601434
CC_87E03783B178,0.12291461913875397
CC_87E275D79969,0.19587760622660785
CC_87E4215CF7C8,0.19393784831231872
CC_87E74188B70E,0.7749659503346742
CC_87E915B4D05B,0.12317080495073936
CC_87EA67EFF600,0.14477346528055463
CC_87EAD9BA312A,0.21875381367708352
CC_87EE0748A3ED,0.30184817687303334
CC_87F14EEA21CF,0.0991947333676986
CC_87F17BC6CB3F,0.3055421329946876
CC_87FAEC685FE2,0.267143343469125
CC_8801F2F28072,0.1011394689691878
CC_880439C212FB,0.5659632133728635
CC_8806EC21970E,0.06842325939155577
CC_8807E7853B80,0.11150030997677676
CC_880E8B7EB971,0.08557420556836817
CC_881A2D33B105,0.1748985555138834
CC_881A7CBA0B0E,0.09326907063584768
CC_881C28F7E915,0.1525843828404392
CC_881E22E3E171,0.16251614891320543
CC_881EEC566FCD,0.2016809374213568
CC_881F2A37F035,0.14210736347408348
CC_88204DD3ED99,0.17329374713696777
CC_882272C7CCA3,0.2891351105218656
CC_8825DCF466E5,0.15654404467816807
CC_8827D0C68F8B,0.09055102551683111
CC_8828CA9AEFB7,0.13062395745380379
CC_882DEABB0694,0.14315374285919752
CC_882F9260A081,0.5797956347330905
CC_883080901E79,0.35021435436865495
CC_8831B682DB25,0.16069270198796554
CC_88342AC3BCC3,0.10629984832207864
CC_8838DFF3770A,0.1224988252268916
CC_883901FCED78,0.250418057057629
CC_883D0A958B4C,0.27834838345222745
CC_883DC657B072,0.08554867393962794
CC_883EE2FBECEC,0.041380016919324566
CC_88407338C8BC,0.40179146131198956
CC_8840CC1B191B,0.23873995432428488
CC_884253AC3EE9,0.19579115023426769
CC_88469626E422,0.1128388674751438
CC_885208C261A8,0.36493488840268273
CC_8858ECDE3319,0.2876775638697532
CC_885AED9E24C9,0.07931588736011515
CC_885F3429A6C5,0.09184359791450619
CC_885F880D3EA1,0.11100150268970414
CC_88603647566A,0.11204462660205938
CC_88616213F78A,0.1553716827655944
CC_88620F66925E,0.09735261125718787
CC_88650F080FD9,0.08282769256383718
CC_88696AB505DA,0.14925440260054393
CC_886A1CBDE57D,0.568239101482319
CC_886A55A0B9EA,0.1153927980589379
CC_886B56FBA5FF,0.10904724714185746
CC_886E75046529,0.29392987496054584
CC_88725BB141EF,0.13450508708275988
CC_88792B490860,0.0951973383843904
CC_887FF908CB33,0.37571590407177696
CC_8881B8CF589A,0.18304414895208115
CC_888E73B9068E,0.07765178662435798
CC_8890014347BB,0.22525586835005473
CC_8896E825798C,0.11520730052421964
CC_889A7CCC5607,0.3376358175726172
CC_889B9C847068,0.11418633735694939
CC_889F5F256146,0.1868293028671849
CC_88A037892607,0.1826096084330478
CC_88A1FEF58EDA,0.7139214260232307
CC_88A3032B4B89,0.07678899122474815
CC_88A77AD7AD53,0.10491942005673693
CC_88A8107A05C7,0.20619725251868531
CC_88AEE3CC0A3B,0.22493291261721743
CC_88B5FFEF5423,0.10437614960899995
CC_88BE8F27470D,0.12820407767075828
CC_88C27349A262,0.08466002919677364
CC_88C5E72AC45A,0.5986228661226025
CC_88C93E730FE2,0.20528545589212938
CC_88CA56D31442,0.03460403068810622
CC_88CB39F57CEE,0.12461861757190414
CC_88CCA23DE13C,0.4138487283075132
CC_88CEA042925C,0.027933383452061467
CC_88D0087D0200,0.6516623333136462
CC_88D16BEDA995,0.17873060666679036
CC_88D4000B6C66,0.06561955787795473
CC_88D5CF7C6E37,0.09182944875288143
CC_88D8151B2575,0.15036758858025476
CC_88DACBFA3B48,0.12081716188874739
CC_88DD9EA930DE,0.15951594192558732
CC_88DE59EA74A8,0.11168717872936888
CC_88E41EB194DF,0.2653096903657649
CC_88E6EB29EB5F,0.08972866933096747
CC_88E70E9ED76F,0.1372049737817132
CC_88E9003B1BD7,0.13453785195432144
CC_88E9F3E381BF,0.04098761526817821
CC_88EA9998D301,0.2179040022397296
CC_88F113C9DACC,0.10465650844780197
CC_88F2DA778874,0.09525906880345061
CC_88F6444B2F85,0.13055902961829505
CC_88F75868B2C8,0.2805388114604911
CC_88F986565133,0.09215023643163008
CC_88FEB8FBA890,0.07194320649952311
CC_88FF1EA5C5BA,0.21744077138246984
CC_8901AC4B659A,0.2543065883191801
CC_8905D1169A78,0.1081455832896682
CC_8905E80A937B,0.19154545205459733
CC_8906E85DAAAB,0.14258469219614917
CC_8907B51901C4,0.15556971455178634
CC_8908542D3BD2,0.10503894494224228
CC_890A2CC8E5DD,0.18692827603287468
CC_890E78E8EC4A,0.12804247358890536
CC_890EAFF0C0C6,0.1913151352161822
CC_890FBFA46967,0.16529524476637505
CC_8910EAC0284B,0.3106301850697465
CC_8910FD543A93,0.249515328659289
CC_8919255E1F41,0.10698499442311098
CC_8919E339D8FD,0.08707602487382228
CC_89200C56C85A,0.09676002119908289
CC_89217C8BCC88,0.5818319074913498
CC_8926BB4EF2FE,0.7627025059887249
CC_892777C150B2,0.06670581296630261
CC_892CE954C1C2,0.5343930212166983
CC_8933FC635479,0.06347271288919298
CC_8937B1CFAE3F,0.12442640572830348
CC_893C8D011DE4,0.2523360076193247
CC_893DEB779912,0.15280784017415402
CC_89495F39FCE6,0.08611560381580216
CC_894B9BD64131,0.0778614824850484
CC_894BC255E05A,0.047968341974720434
CC_894E40ED3E86,0.22971708179094302
CC_895082E1D7A1,0.7436148201888964
CC_8954FD7AA7CB,0.07437150319586203
CC_8955F84626E8,0.4732910803643097
CC_895676F3DADB,0.07204310927426287
CC_89596A40960B,0.14783299577165526
CC_895EE877C6FC,0.07963966526658331
CC_89615870746F,0.09964486526910674
CC_8966A3D42005,0.09418094457661189
CC_8966E2658B19,0.5312498260054466
CC_896826D5F7D8,0.26293758831745323
CC_896A686552FD,0.12113643415615949
CC_896BC4DFE96B,0.18374101234691315
CC_89705DBBCA31,0.04482151918844211
CC_897193457573,0.20474694822492606
CC_897509E33530,0.49015552224270786
CC_8978B1BB5B25,0.44321067992589186
CC_897E6E7B1628,0.21024200604964402
CC_89824386B799,0.12934079248149627
CC_89840ECD95B2,0.26874638730299083
CC_8985376EDBB9,0.10199601475368389
CC_898A9EA30786,0.22534524957516244
CC_8992CDECC2C7,0.08024051934424381
CC_8993B8BBA8EC,0.42818371179586184
CC_899463A2FACF,0.1042460647066813
CC_899D593F61A5,0.1645364424719654
CC_89A2163453A9,0.20449508154599796
CC_89A771E462DB,0.0739397241721964
CC_89A7885525FE,0.05928497354867864
CC_89A81EA614E5,0.033142801381044654
CC_89A921A63597,0.1890368972857051
CC_89AB021EEEA9,0.2567964766111047
CC_89ADA1320C45,0.17814246750194276
CC_89BE202E30F8,0.5717640588137329
CC_89BF770FB0B8,0.13690427501729127
CC_89BF7F964A95,0.7008234269467081
CC_89C0D7E0793F,0.13904294165718578
CC_89C5708945E2,0.1844068051509326
CC_89C6853DF18A,0.07269974196078481
CC_89D0DB16FF49,0.08018160343277582
CC_89D4997719B0,0.11379778067325981
CC_89D54E6788AB,0.1152767590524442
CC_89D593FDB717,0.6397579023198513
CC_89D5E3425929,0.13100485190109434
CC_89D90556CEED,0.26555829817611876
CC_89E10A6AB3D1,0.6262767459799998
CC_89E8DCAFA0E6,0.2572771572861848
CC_89EF51D61E0F,0.0844954884426747
CC_89F356517996,0.464127675871716
CC_89FB00866BAE,0.3239091880773991
CC_89FF1441842A,0.22485194790974647
CC_8A0826807B1C,0.6040389501909188
CC_8A08F18C55F0,0.5011442128264088
CC_8A0AD2B71D8D,0.16548853289957374
CC_8A11601425BF,0.15237925831084778
CC_8A1705D40ECF,0.19460887557776052
CC_8A1BADB2C4E2,0.08054367732930687
CC_8A1DA191223C,0.1407717127582487
CC_8A20096E7C5D,0.34389674910116436
CC_8A23793AE750,0.05784557817105131
CC_8A30F1F28F07,0.12274092237144991
CC_8A329E12BD60,0.1897469019865687
CC_8A38EBD244EB,0.15901988159856556
CC_8A391CE69D3D,0.03827043167304282
CC_8A39255C8D4C,0.6084569907892484
CC_8A3B61DCBA57,0.6972728862049827
CC_8A3F87E0D8D0,0.038623605295202826
CC_8A4038D2738B,0.0806377056499457
CC_8A4343315922,0.07635830710182617
CC_8A45F16C6B25,0.12077247380539757
CC_8A4AE731E02D,0.13672646498639662
CC_8A4CBF74816E,0.08099034038771445
CC_8A4ECE1CE7DE,0.42189768093084956
CC_8A4F945CC81D,0.32344856956684004
CC_8A511859DE46,0.09203743382789717
CC_8A5438242A67,0.15432223712302062
CC_8A5B75394B5A,0.12083710953876639
CC_8A5B93ACF353,0.08225010234344345
CC_8A5F72F9C8BE,0.21812988572412753
CC_8A62198C6B0F,0.08658750596826781
CC_8A65EE634765,0.09498095216710295
CC_8A7333602C9C,0.12516409447140095
CC_8A747619E991,0.06367589288342422
CC_8A79CB1C9DE1,0.3611710850611495
CC_8A8176C51DA3,0.15511795113037974
CC_8A8192A4345E,0.0782414813114583
CC_8A82A1CC6016,0.608433199290432
CC_8A82D5A67B5B,0.6530104847657472
CC_8A976D89EC8F,0.1288694344227513
CC_8AA872B39466,0.4433711996499815
CC_8AA9DA4F0191,0.38535597256608795
CC_8AAA0C83C75C,0.1547932465788929
CC_8AB166E1E222,0.1531527650572851
CC_8AB8ECFFD917,0.0826185274755871
CC_8AB93325962C,0.22236932494594389
CC_8ABAE47BA850,0.11716320499945199
CC_8ABC74DDF64D,0.10637949283629282
CC_8ABD0B2D5199,0.25235585491184587
CC_8ABD61E3626D,0.14911222273249142
CC_8AC5954C88EE,0.6620784376989584
CC_8ACB02BA6ABC,0.16968263958537358
CC_8ACBFBD7DB57,0.3072131938357317
CC_8ACF294E6623,0.1304432685961175
CC_8AD1EF1B6713,0.20090960858904272
CC_8AD1F2A666AD,0.401907969330765
CC_8AD4C3843B97,0.2696395753307491
CC_8AD7CDC7069C,0.24981642371752705
CC_8ADB4AAD0EF8,0.12201390300816514
CC_8ADBB7A3F710,0.23033740873265146
CC_8AE15E2C4DDB,0.08649357157387356
CC_8AE16F3BC745,0.38092842107120645
CC_8AE97DBFBCA9,0.20312634838107518
CC_8AE9999A3DAB,0.6396393870664671
CC_8AEA25F65FC7,0.07690348280356582
CC_8AEA9A62B9B0,0.7478451941269465
CC_8AF00058FA5E,0.31422809251894734
CC_8AF02D5A3414,0.08441219891658025
CC_8AF171A5B9F0,0.07470124399966382
CC_8AF4698500E2,0.20183390223274103
CC_8AF4A9CB3CA1,0.09215025079916782
CC_8AFB1B527986,0.1200577225471647
CC_8AFD16727FB7,0.18510921748410716
CC_8B0326553741,0.037536576892616275
CC_8B034A75788D,0.03726190015124264
CC_8B0557E0DBBF,0.23476133191731224
CC_8B0D261F921C,0.22561561380223014
CC_8B0D7118407A,0.7644598510197922
CC_8B0D8AADAE8E,0.14033434269748474
CC_8B0EA9CD58F5,0.45191789176255026
CC_8B0F48160CC1,0.24594486770835763
CC_8B0F78538173,0.08400973704779693
CC_8B112BFACCF9,0.12655724444129585
CC_8B136B765B9C,0.19271506717577652
CC_8B14EF71A006,0.4555641931116982
CC_8B154A01E8BD,0.047410123942069234
CC_8B155813A5D5,0.19915514166259976
CC_8B15E26C992B,0.21147012875919038
CC_8B18A3A40691,0.06927858131901977
CC_8B1A17409D8D,0.3290734143726996
CC_8B1E43EB359E,0.16875957636504527
CC_8B1F678D9195,0.09499409333161374
CC_8B20FF1CAF26,0.3490500612737696
CC_8B2323F6CB34,0.17032003879682753
CC_8B23269FCB1A,0.23803888088660385
CC_8B23855692CA,0.12214785485336735
CC_8B26B4EDB655,0.16467864710421326
CC_8B278F52C43B,0.05316193932304096
CC_8B2796233179,0.03748693223460778
CC_8B2A9FC1D230,0.2238992185182142
CC_8B2B61F4242E,0.4667948166435475
CC_8B2B95ECBB6F,0.7319971901439529
CC_8B2E26FF3DB8,0.22771802942262548
CC_8B2EBF5E6B43,0.40790886588680364
CC_8B31C9351A6F,0.12893924030504222
CC_8B385C3E3E39,0.32897720186017104
CC_8B38DE48116E,0.6672495602596721
CC_8B3A4C4B36AD,0.16802429417597442
CC_8B3E97729A72,0.05261662448522214
CC_8B40636DE84D,0.7698341723758826
CC_8B416BD5DCDB,0.061020288401923216
CC_8B41B8121E73,0.08602072643208211
CC_8B42BA2E3164,0.12396960747648236
CC_8B440EA99D6A,0.5136511989925399
CC_8B48E1F143C1,0.0500076449908611
CC_8B53B4F11336,0.13419428457030325
CC_8B57F9A6272F,0.40541711981159845
CC_8B5B0A1A9DA9,0.17294586713463841
CC_8B5DB500A41C,0.14198493832510387
CC_8B62B7C8DBD7,0.7673235522528571
CC_8B63BA445B07,0.1946073847978124
CC_8B63D694307B,0.051761237210894796
CC_8B660AEC8E1E,0.14778317151506112
CC_8B6A007221B8,0.2953499725456216
CC_8B6C3DD80E76,0.06656997279657634
CC_8B7A29B4E588,0.10477852999661155
CC_8B7AE581BB15,0.048994018653173585
CC_8B812F32C56A,0.22836991930610595
CC_8B824D5678AB,0.24389474337923658
CC_8B85B1393237,0.661711305300402
CC_8B87EFE3E655,0.23642065011243737
CC_8B89AE6967E9,0.18970755702002984
CC_8B8F958564AE,0.11275029686397384
CC_8B906F28FCB3,0.30225635291373176
CC_8B9325445327,0.28466019371996876
CC_8B9457520599,0.050342802590140324
CC_8B95646C42D4,0.35123654172773155
CC_8B97335072F3,0.09926403986281704
CC_8B97D5BE7C4D,0.46006526418401555
CC_8B9937161EF6,0.07641328424708713
CC_8BA011266369,0.3175414154071056
CC_8BA44D52263D,0.15509629879550402
CC_8BABC51C24E7,0.05330284108647465
CC_8BAC856C4250,0.24824073794197482
CC_8BAC91C19395,0.733775313246588
CC_8BAD6CAD9790,0.16120509554973766
CC_8BAE7DA7EB88,0.7706470712870873
CC_8BAEC13E2FA1,0.20991865798405743
CC_8BAFD7F96208,0.3334132023835546
CC_8BB52935A06F,0.6435431392987466
CC_8BBAC5378F80,0.1288551635349611
CC_8BC2497F52EE,0.7126834416340254
CC_8BC3295E1767,0.17821524946823591
CC_8BCAFD409689,0.5873736528555613
CC_8BCD4A91171F,0.3178132876784876
CC_8BD405B117C4,0.1433189605110668
CC_8BD5319A861D,0.09182577143480938
CC_8BD534144A7E,0.07556299478651922
CC_8BD5FA185EFF,0.05307928878925168
CC_8BD6AC562D84,0.6557870897288068
CC_8BD735717BCB,0.0810476703960509
CC_8BD76627993E,0.2075981621387625
CC_8BD92D5D8B3F,0.05245855508494453
CC_8BD9CEB8D44D,0.0475668237853723
CC_8BE338113997,0.11402856105127512
CC_8BE619B40EFC,0.14872333840433075
CC_8BE7542AD090,0.14128412864927276
CC_8BE8D6EE543D,0.05026211851343047
CC_8BEB1169204C,0.0947050712700275
CC_8BEC852AC83E,0.04313993620211311
CC_8BED81B8B0D3,0.22267001900776542
CC_8BF8B5915096,0.07515645991927553
CC_8BFB432CC531,0.2553619181840282
CC_8BFD78178DDE,0.13999716006997084
CC_8BFF0096E915,0.11579179405301362
CC_8BFFCDF638BB,0.07053949831564946
CC_8BFFD368EBD8,0.176774094608679
CC_8C04F1D74551,0.045998556945213834
CC_8C069A0689C5,0.1930437795244589
CC_8C0BAF84D40E,0.6756177104595862
CC_8C0C4C76572C,0.07657750538885569
CC_8C0E2E0D5BEB,0.08815890085255935
CC_8C129FC43D10,0.7787841349042403
CC_8C13B5C7EBC2,0.1873506556858495
CC_8C1597CEDAA8,0.15863162945521941
CC_8C1745867BB1,0.17572077841897732
CC_8C18531C73C4,0.22042190985394403
CC_8C1865D97336,0.09475059291683734
CC_8C197C9BB5F3,0.23860103959042292
CC_8C1A312388F9,0.29892224878471846
CC_8C1C177DE4F2,0.050088807389281544
CC_8C1E407C5BC2,0.052429002170401987
CC_8C1E98DED2BD,0.056283644080308615
CC_8C20D5787228,0.09194549556057337
CC_8C26EA179E18,0.04404018407602399
CC_8C2B00F53194,0.4259088151066055
CC_8C2F6CB20BF7,0.15088161133596306
CC_8C3126B01553,0.04339965336914526
CC_8C35B5F03843,0.10360317948305671
CC_8C361D4A0C07,0.17082019707783985
CC_8C37A0E834A0,0.19656129393045496
CC_8C3E6BCB10C5,0.03752868256199497
CC_8C423C5639E4,0.10873058671845115
CC_8C42586A841F,0.14802221900530882
CC_8C440E774B97,0.1364783335079463
CC_8C44A5DF2EDD,0.12103033325727261
CC_8C480634B60B,0.0767381134519883
CC_8C4A42B9970D,0.1276949536516218
CC_8C4B9309138B,0.4243586658067634
CC_8C4FADDD104B,0.2423948047547873
CC_8C50AE60B82A,0.07699662799550049
CC_8C516BF74F70,0.1007181244843949
CC_8C5A029A6AF8,0.18169125114510162
CC_8C649F5381FE,0.07272089012412375
CC_8C669273D14E,0.12180530944395089
CC_8C6AD62FCEEB,0.24289739100359048
CC_8C6B8D1BD59E,0.23956822431478403
CC_8C6BD3E134F8,0.20201969713987303
CC_8C6D5F0AACCB,0.13415112516718447
CC_8C6DB4A95210,0.5472096093912556
CC_8C6F0C01454A,0.14113186799442512
CC_8C70FB43F214,0.12453275096160665
CC_8C714F9EA269,0.14182053930271094
CC_8C72B5195194,0.11226060781297893
CC_8C7303F3780E,0.1360611894911025
CC_8C7375D6CCE4,0.11574075630231065
CC_8C75F421482C,0.12094395729582375
CC_8C77FB3B9CB4,0.07763569452600154
CC_8C7880AEDFDD,0.1201032926697065
CC_8C7C0E802BAB,0.3303194057474487
CC_8C83E62DCF27,0.11721633867843088
CC_8C87C87E7E97,0.10716863761477649
CC_8C88974E5BDF,0.21156353175082682
CC_8C8C6EBCB2F0,0.13291564972614286
CC_8C8DE1CCBFEC,0.37097335187253316
CC_8C9232F05C43,0.06090093171400296
CC_8C939D68CCD6,0.12061850325879975
CC_8C93E38E0721,0.4572290831409898
CC_8C97F2A8434F,0.7349321177752978
CC_8C9E36E8193F,0.3075808383871807
CC_8CA2472C65A3,0.6382696561368479
CC_8CA2D00E6F9E,0.12147658600720038
CC_8CA3C1922ABA,0.04998758296079284
CC_8CA3F42E245B,0.2061587553571412
CC_8CA8EA8C283E,0.22939769977730004
CC_8CB0B4CFD523,0.4816488854603792
CC_8CB0BB3B0EE0,0.1298829537771319
CC_8CB3F4223F20,0.10754011769896994
CC_8CB553CAA5BF,0.1151502600245294
CC_8CBA8957576E,0.19494007372779096
CC_8CBB6C37F81D,0.2144845476464206
CC_8CBD8CB4E0C7,0.12967801762176503
CC_8CBDD0960E91,0.6508846795490782
CC_8CC796EE32EF,0.26975018720662336
CC_8CCB2DF67CB9,0.751751552892393
CC_8CCC9C7FD23B,0.571609400447412
CC_8CD3CA261033,0.38218159122464035
CC_8CD5339DFA7C,0.16877293532933896
CC_8CD6515B2E56,0.7513787670850682
CC_8CD68FC19FF3,0.27659513533581404
CC_8CD9321C690E,0.08121601701704535
CC_8CD9F00B586E,0.06019838271906073
CC_8CDC031FF00B,0.15374599902943695
CC_8CDC5D75F195,0.09826781039019807
CC_8CE71FD7EC27,0.7893878055328043
CC_8CE782CD2DF8,0.7199724285291641
CC_8CE8D5A2BCB8,0.633928343069306
CC_8CE9F45A1688,0.1311358908229481
CC_8CEA7197CB25,0.16246817044590123
CC_8CECC68A55D7,0.18210167478166697
CC_8CED3BF49141,0.23411986005842186
CC_8CEDCEEB2ADB,0.10510793575600515
CC_8CF18EF77AA0,0.08359756746898087
CC_8CF39903A3B1,0.25253877524432367
CC_8CF3F336C699,0.15921859404040756
CC_8CF6A942CCD0,0.20568813335835903
CC_8CF83BF84865,0.12107148048669422
CC_8CFDB1D821C6,0.1961976922953391
CC_8CFF78DD7D00,0.16079125215680387
CC_8D05A3D8C88B,0.055770268799877565
CC_8D060723D602,0.14391690737689303
CC_8D0805F0063E,0.7731142465045534
CC_8D081483AA82,0.5864877171783365
CC_8D0A9547FCC2,0.08240111115817075
CC_8D0CA31A0D26,0.15302892071764027
CC_8D0FCEA77037,0.08156401959314015
CC_8D1306FDB9E5,0.18035089492255188
CC_8D13D758D6D3,0.48621075169317624
CC_8D1408285B4C,0.06588299711676174
CC_8D14B6578068,0.06519861216018187
CC_8D1584B3116A,0.28763561774368374
CC_8D17D92C4EA4,0.08323225285165062
CC_8D17FE26113B,0.0709143332850474
CC_8D1CB0824E58,0.37659326494533985
CC_8D26915A220A,0.31534802004707124
CC_8D2968E7E707,0.22014198220992784
CC_8D2B8EF801F2,0.5245394872845985
CC_8D3B0DF3F596,0.07390284971556799
CC_8D3E021FCA10,0.08392557506684167
CC_8D3EC2E8E735,0.3137495058435297
CC_8D4106E58430,0.7369216549393539
CC_8D42F4222E6F,0.09721286637480589
CC_8D44F4EBAEFC,0.14572174593808235
CC_8D4514B51916,0.21733676831579363
CC_8D45A90E3325,0.3771989089180713
CC_8D4710FBE23F,0.1323657203431762
CC_8D4E05DABA50,0.7305230826920853
CC_8D4E8DD10001,0.2530665609101476
CC_8D5C971B9678,0.06698029380427202
CC_8D5D8EAEC362,0.07402270387624768
CC_8D5E25B5BBE2,0.1304279963012258
CC_8D5E62C6EDF2,0.6881598077907387
CC_8D5F0117EAEB,0.16642289034083863
CC_8D60F43F4FD1,0.33206173137890677
CC_8D6492F6F32E,0.15980448802497366
CC_8D6825F0F529,0.10215734828635477
CC_8D6827556DB7,0.11647662853400224
CC_8D6C287BE16D,0.7702555955692773
CC_8D7278356D58,0.21745385187299285
CC_8D74D3A26AA5,0.13004710217317436
CC_8D74F19A3B2C,0.3275024842480332
CC_8D78AAD9CBA2,0.18620466572181876
CC_8D7AF83FADAB,0.5825885319161854
CC_8D7D323EE90C,0.5243469892803654
CC_8D82FBE2260E,0.16100701602244022
CC_8D835791EA3A,0.11076624547665914
CC_8D8B6EB71D6D,0.05766682009651466
CC_8D8E6014BE96,0.055671088240473156
CC_8D8EACE6B771,0.12159660920105442
CC_8D8F3677705D,0.16101433733594525
CC_8D91D88C8511,0.30513929081835406
CC_8D94BCD401B3,0.6616603799610221
CC_8D968A4E921F,0.32020355531192574
CC_8D98563B83F6,0.5195180384279544
CC_8D98DEA16321,0.15857908699500078
CC_8D991D244368,0.05968148173359206
CC_8D9D7A811411,0.21063023650369828
CC_8DA04B4B170E,0.07089386943030214
CC_8DA16E410D7E,0.6528346900886216
CC_8DA3A31E69CB,0.6192110095663823
CC_8DA73925CC70,0.14683514622365282
CC_8DA7B6EBAB93,0.18240649427015865
CC_8DA7D6A330A4,0.09983649300182922
CC_8DA9434BF75D,0.5565406319687598
CC_8DAD9076F0CC,0.14387408181784078
CC_8DAE66908B38,0.5746594604828673
CC_8DAF61C49C78,0.3264417441433275
CC_8DB0B5FAF523,0.046681613419205036
CC_8DB572A62C0C,0.24193510297473536
CC_8DBE4E29C7B9,0.04959414058703361
CC_8DBF3B310925,0.1385361931969038
CC_8DC4C7A4A3F8,0.2986917227127206
CC_8DC702A4628B,0.7571206064850239
CC_8DCAE9ECC296,0.14596264526113698
CC_8DD2F42C86DE,0.4097821357005925
CC_8DD40D93CCE0,0.14846429356282076
CC_8DD46AA08F3E,0.09872220069718692
CC_8DD82122E036,0.24549914057086591
CC_8DD8B43450AB,0.09907238492316914
CC_8DE098D16228,0.3092015595569492
CC_8DE1D846ACD3,0.36401814977291147
CC_8DE4EAFEF558,0.057548794506750024
CC_8DE6E7C8D69B,0.2262214136040769
CC_8DE909263636,0.15385417551848007
CC_8DE94E0B1579,0.22228291586749588
CC_8DEC04CDC41C,0.45524608010823764
CC_8DF4B85B26DB,0.309548473799527
CC_8DF544460BAC,0.1083688756716324
CC_8DF58A01FD72,0.10907245536804722
CC_8DF9391AD9A1,0.05227972004893507
CC_8DFBF3BB8E44,0.07152187933388063
CC_8DFE193F449F,0.07893286194479945
CC_8E050E0B3CE7,0.07820641206338888
CC_8E0513E76D2D,0.10018554298107478
CC_8E0BA1D7F9B7,0.09066494517472573
CC_8E104D6B12B5,0.2470586286848356
CC_8E1334BE46D6,0.07215053796664671
CC_8E19FF38939F,0.21123644516961057
CC_8E1DE0DB6680,0.3075892676163065
CC_8E1E160162F4,0.8245891632681369
CC_8E214B494FB5,0.1742741037450201
CC_8E2763871CE0,0.4683215762676808
CC_8E2EF3CC50E3,0.04923403429538094
CC_8E2F840400EB,0.35972488537738556
CC_8E345D4A722C,0.09859644412712897
CC_8E35B857D306,0.18680467349642668
CC_8E360779FE49,0.15321156892276172
CC_8E38006F7F3C,0.12317275641738654
CC_8E3DCCDCE936,0.23181727091082593
CC_8E3E09A029DE,0.058147678294409165
CC_8E4284CA4FD5,0.09621369958668122
CC_8E4AB0DC1AAD,0.4261493789058043
CC_8E4D4CB54C2E,0.15977149258955978
CC_8E54E385A593,0.18446296601705642
CC_8E573045F945,0.14938739826094974
CC_8E5AE48F4EC5,0.10600774974171823
CC_8E5C74130F44,0.2791148394513902
CC_8E61F50A6699,0.7666258140856888
CC_8E61FB53E97D,0.05365043733802286
CC_8E6272D9BC46,0.15081228716576378
CC_8E65D4E590BA,0.20473621274483148
CC_8E6AF51A04DF,0.6170923479358101
CC_8E6EEB807FCE,0.2609627701099248
CC_8E6EFE82B347,0.09723888570130126
CC_8E6F4DD32D7C,0.17829260970941915
CC_8E6F770A9FEA,0.045343212510888235
CC_8E708C027037,0.2092657785385831
CC_8E712BC1FF4E,0.3998133963389981
CC_8E7347B6FBA7,0.17309711772240116
CC_8E7381513BE2,0.3001472600366982
CC_8E7C83FC6127,0.16424752525259464
CC_8E8048E0E3D1,0.33832755036470213
CC_8E81F169B120,0.19994830798976757
CC_8E8349065E3F,0.1905643314573643
CC_8E85369162E3,0.03152567304107207
CC_8E854C52A063,0.1976008277535818
CC_8E85757D7C00,0.2447988586999486
CC_8E85E27A9A7F,0.07199028120956193
CC_8E89CD3B0D15,0.6853960945823024
CC_8E8A52FF65A7,0.42610979775822144
CC_8E8DC6CA6350,0.1614467370091279
CC_8E925647E3AB,0.15645561998100174
CC_8E96BFBEA794,0.13846161381022676
CC_8E98C3D73E04,0.4095662623017577
CC_8E9A3C5EDC34,0.06854506283941092
CC_8E9AAEC97113,0.14589901207057304
CC_8E9BD85A09F3,0.320081261997344
CC_8E9E51CED424,0.24016877110808074
CC_8EA2DAE2D638,0.098908382541779
CC_8EA6A64FD3F5,0.15552968995056926
CC_8EAA1998E174,0.2704334539545924
CC_8EAA8B396665,0.2004301434660925
CC_8EAC752D6815,0.6605646137512442
CC_8EBE98D5A3D5,0.38859275331205206
CC_8EC316185155,0.6713733087146664
CC_8EC732E99A51,0.3485020345715753
CC_8ECE00EF3590,0.5119656487547617
CC_8ECE878DF0F4,0.15157496242778468
CC_8ED3E2A84B3D,0.3051358549412572
CC_8ED620CA354C,0.40168156373048136
CC_8ED87F5E3113,0.7016480244922475
CC_8EDAAE9CEF7F,0.059045544143583394
CC_8EDB31389169,0.6514240619102549
CC_8EE05FD95407,0.10655783656941491
CC_8EE4361CDEEC,0.04807003319371889
CC_8EE5A0EA5D36,0.14565440618168152
CC_8EE5D9509C1C,0.08832891465416551
CC_8EE6865AB75D,0.6997328783296858
CC_8EEC93D2FD6A,0.14434851296502463
CC_8EED9F3936F9,0.23535970575751705
CC_8EF1276AB70A,0.76515201467629
CC_8EF79F09CD0D,0.07752205718418971
CC_8EF86E78EB78,0.04820631999060734
CC_8EFBA4E65350,0.07855609232929134
CC_8EFC81681B3B,0.16241810842746154
CC_8F01F02303A6,0.6030752392808048
CC_8F049E5FE61F,0.24335499184840023
CC_8F04C45C9415,0.12179670868981077
CC_8F0832719D64,0.2659253361687103
CC_8F0EE9CC15D5,0.8263412990750961
CC_8F120F926453,0.19561989299213883
CC_8F156333A403,0.1326527223329041
CC_8F1AAFF75B55,0.11223155683851456
CC_8F1CDD3CB26B,0.08988135015300895
CC_8F1F932A0C8B,0.11128903076444821
CC_8F20DB6BB23D,0.252454365867537
CC_8F213A6B5ABD,0.03358371212550716
CC_8F22D26E87B5,0.09901974093485984
CC_8F2344DB1A94,0.15995284989852498
CC_8F26983DBEFC,0.12236101169454483
CC_8F298F34EC2B,0.09454402022204864
CC_8F2B7FB261B5,0.6547922066219709
CC_8F2EDA115345,0.16537012524578773
CC_8F304F30F674,0.1135335130728963
CC_8F3074D1F4A9,0.19950608711339196
CC_8F30B7070D9E,0.05351774605907683
CC_8F32E0E858F7,0.17755944349357317
CC_8F33E2136736,0.09377201391997496
CC_8F3C62A72B56,0.1823132710775173
CC_8F3D5880C543,0.07288529257405893
CC_8F3E0C752C72,0.1627187810498512
CC_8F404F3CF54C,0.7754363483743895
CC_8F4147DFE1A5,0.17074279053066438
CC_8F42451AA956,0.13459921471878036
CC_8F44CA26968D,0.10548959491960315
CC_8F450A36A7CB,0.721681754956044
CC_8F46FB589670,0.7857029381211629
CC_8F48E6DDAA55,0.09200045819341164
CC_8F49A6A8C911,0.09790057285668545
CC_8F520322EE87,0.049474174451564386
CC_8F53CBB2B993,0.11241269649060104
CC_8F576C93F66E,0.5097524717213349
CC_8F577B610556,0.2565155935615577
CC_8F5F56BA2FC3,0.10198208626125757
CC_8F61FEBD689E,0.7250148435711257
CC_8F63AC330152,0.07385712939977235
CC_8F645BC37527,0.04730207166787933
CC_8F66A8E3EA16,0.48325113224546384
CC_8F675575333A,0.13735832704754564
CC_8F67F096A64A,0.19353433005222928
CC_8F6D3147B3BA,0.05587669018647941
CC_8F6EE4BE490D,0.6413385639431196
CC_8F6FEEA54051,0.15781843809186402
CC_8F727777BA60,0.10071570111679458
CC_8F72A955DD89,0.17102224448737577
CC_8F72ADB0CC8F,0.09614176961590029
CC_8F7877CA5D91,0.4570440962423416
CC_8F7A5A300FF5,0.7072959544315502
CC_8F7F54402418,0.3123716310518881
CC_8F8540A94CA3,0.03717487671685457
CC_8F89D76276EA,0.080769007213215
CC_8F8CFBB9E018,0.12961287193663623
CC_8F92AB73632C,0.16358373780042929
CC_8F9C79887205,0.28427383616178925
CC_8FA12536A979,0.04032936461929448
CC_8FA41643AC01,0.08750117787069735
CC_8FA57E5426F8,0.07967782467224624
CC_8FA5C409BDE5,0.2776993097546082
CC_8FA8BD170AF3,0.14067660377038999
CC_8FA911DF8659,0.20123437704464336
CC_8FAB3DCF9F3A,0.18694073860640442
CC_8FACDD8D11B4,0.14653991564867744
CC_8FAE257FB6E8,0.16577018871304386
CC_8FB0F8FC6229,0.2464546848964369
CC_8FB2E7C57E54,0.1026874433415826
CC_8FB8AFCE5209,0.5742398096788958
CC_8FB9A8FB563E,0.10138565826305412
CC_8FBE5E2666F9,0.4989557705947152
CC_8FBEA8F906FE,0.1592780288970057
CC_8FC692F944E9,0.08437645691911444
CC_8FC7D4926107,0.08089350319493104
CC_8FCF98A7A8E8,0.18943875659233844
CC_8FD0953F8588,0.22821589232491163
CC_8FD267F83AD5,0.045498960812213544
CC_8FD3E26A5EC7,0.6622893893032598
CC_8FD443ACC972,0.07725439492271421
CC_8FDD097F76BE,0.1194838285984571
CC_8FE3EA08FC2C,0.06454899468462343
CC_8FE6E0B785D9,0.13333267445405936
CC_8FEA007987A2,0.5745551279429083
CC_8FEEAA241E99,0.670179970966257
CC_8FEEC4BB6EE7,0.1585144145920579
CC_8FF525FCCC75,0.689497411032049
CC_8FF8613D7AC0,0.09749899158791754
CC_8FFD323CDA6D,0.1567085548205814
CC_8FFD86B00E18,0.1270278060071435
CC_9002C18B8B3B,0.18404353404977467
CC_90042DD1D514,0.034558227028711155
CC_900A68867351,0.6722283160293971
CC_900B0EB29DCC,0.7546974124253437
CC_900E3195F4DB,0.18807599394147773
CC_900FAB2E1BAF,0.024399007278764106
CC_9019AE0A166D,0.09202489663292454
CC_901A8562A15B,0.3696697008091768
CC_901B8991A516,0.14881428846630926
CC_901BAEE26BF5,0.05258962140175614
CC_90212193BCFD,0.13598050992785793
CC_902154FF44FD,0.19436845556086066
CC_9021D0BFC9FC,0.049291343380880384
CC_90245F242A83,0.08961834961179352
CC_9025C74CB07F,0.6992892057511464
CC_9026B24CF73F,0.22070261765373358
CC_902885A2F754,0.11273319176575965
CC_902E53409BCD,0.06184276582299063
CC_902E903CB529,0.06431103319252383
CC_903316033605,0.061321925238934386
CC_90331FFDBCD6,0.1502567448515045
CC_9036D161DBF1,0.49576944103109666
CC_90379CCFBC26,0.058130336876547464
CC_9037F9787423,0.14185939813060397
CC_903E0AED59B3,0.048829070314175646
CC_9042536A6405,0.0657529207752847
CC_90430CADE6B8,0.10661466242015112
CC_9043447202DC,0.1909849880715895
CC_90442B913816,0.10825156461827445
CC_90476C3A33EE,0.041540065545371097
CC_9049B4A24611,0.1629044303112896
CC_904A7A64E1B4,0.1492302132489908
CC_904DEC0902FA,0.05831911977846943
CC_904E55ED71D6,0.12122167045108334
CC_904F5ECC1642,0.11331876366001363
CC_9057B14FD9F1,0.10380983418057295
CC_905A1E445ADE,0.043691982090121664
CC_905B54FB2ACC,0.11181786316996493
CC_9061924A0476,0.057878652401248634
CC_90689F9815B0,0.25892013780399414
CC_906AAE6F6976,0.24890607968843442
CC_906B5D0C5D92,0.18034909272473296
CC_9077D6F66DA9,0.33274765728916156
CC_90799C4DA25D,0.17972946736920883
CC_907A72361C8D,0.027788230644305877
CC_907AD96D3A79,0.10981583582905355
CC_907AEB6F5390,0.7740873959637765
CC_907D517B4FC6,0.12403289612841126
CC_90800B1FE7F4,0.061110180876783084
CC_90801A791906,0.1065937821045206
CC_9084020D7DFB,0.11993702103443508
CC_9085A6BDD81E,0.07973861534829516
CC_908E6617F158,0.047246460195249265
CC_908F48D24107,0.0715868573305188
CC_908F6B26160B,0.23684278436851408
CC_9090C28905F6,0.04159667557735307
CC_9094EC072A54,0.6303750655788278
CC_9096471AC9D4,0.722011385016289
CC_9097AD5E2C2A,0.05865826763978373
CC_909889133B0F,0.1495251554193307
CC_9099D927641A,0.18935816677623926
CC_909A6BCD2B78,0.19151297729376612
CC_909B0346F4B6,0.09122442582793949
CC_909B13294B3B,0.08924670237836155
CC_909DB2118DD1,0.6638381780660778
CC_909E3A3566C5,0.6898570169234541
CC_909F09A9C03C,0.041013457212301443
CC_90A48273A069,0.08271599518490018
CC_90A55CFBED1C,0.2585856562052221
CC_90A7B5FC24BF,0.28491281910880506
CC_90AAFF0D984E,0.09092817701449687
CC_90AB2BA835E3,0.17245213512306362
CC_90ABE7B4746D,0.2873170895699053
CC_90B02BF4AAD0,0.07889589168550849
CC_90B37ACEC5F6,0.05526779913576617
CC_90B47B33B92B,0.113644487321753
CC_90BF4D3507CA,0.6889049016291893
CC_90BF935BCF2D,0.04092711346646593
CC_90C1A4BA7BFC,0.11520252913371862
CC_90C20A63B818,0.31470687886273907
CC_90C659ACD703,0.492016319958393
CC_90C70A143CB8,0.12253743686652774
CC_90C8E0995627,0.05224295110633771
CC_90CA7FB25934,0.1290229996466568
CC_90CACEC36F62,0.05674656317501168
CC_90CB1DF08423,0.14461259725485875
CC_90CB6E176D86,0.0724998194717519
CC_90D011D55ADA,0.11477291297432138
CC_90D06EB7B1D6,0.7516753038693231
CC_90D0DB85C326,0.05051931964413533
CC_90D2C2502267,0.16452103765703482
CC_90D39B332FE7,0.2292685033045827
CC_90D4C4A58F39,0.25687570050061925
CC_90D54BE5B34B,0.7021280833855987
CC_90D70C41B763,0.21541411347510203
CC_90D914BAE2F9,0.04286157930295537
CC_90D99549E9F1,0.19336109491045061
CC_90DE91AFEE77,0.4992758039576179
CC_90E4202B0F80,0.0894623523135057
CC_90E4D48C8767,0.05089114780266775
CC_90E5082B3708,0.14959711936265144
CC_90E5BB99FA11,0.22674715748138546
CC_90E657FD0717,0.20187886061780783
CC_90E6E198803F,0.04576933898528106
CC_90EC89637DB0,0.5660012170839617
CC_90F049413324,0.062162849452849056
CC_90F499FDAFFA,0.057322215269620766
CC_90F7115ABCF0,0.04934912603585084
CC_90F856035123,0.21088238023536593
CC_90F8EF623488,0.0484239979606899
CC_90F970707673,0.14858268168441854
CC_90FAC8BEB2F3,0.1516018795245106
CC_9100E5C850B2,0.1464420614180765
CC_9103D8510970,0.3175682612504279
CC_91044A71B1B1,0.037930815550008365
CC_9105587593BF,0.3332307890644432
CC_9107B3C07AC7,0.1660546571291929
CC_91080CC14F4F,0.25239353214618915
CC_910955C40913,0.04921935642964371
CC_910AE8CB4149,0.12898793184489912
CC_910AED9B2F9D,0.3849641843271547
CC_910DAB0868E3,0.37434175969358197
CC_9110FB9BCC66,0.11287673166732944
CC_911118B8423D,0.4748759471121944
CC_9114EB5C0F5E,0.7749846858697396
CC_91167BE4F588,0.07493153912068498
CC_91175E35EC4F,0.07614990931653137
CC_91181D56DD75,0.40632849303698954
CC_911881C6DCA7,0.11070302792426838
CC_91188D52FDBF,0.17518727600773315
CC_91199C547AFC,0.12918569231982988
CC_911E293CBE53,0.08244216597606946
CC_91233E56800C,0.08723954534285105
CC_91243FA1B859,0.7732407368522016
CC_91244C60A9C7,0.4968595471931141
CC_912717027CAF,0.1685747441803497
CC_912738B1532E,0.18586697066267915
CC_912C361D818E,0.6312283015858071
CC_912C61F73060,0.3256331830944531
CC_912E0C343859,0.16809386429742038
CC_912F6468C823,0.04641708498200322
CC_9131CB6EFC78,0.2011534379201108
CC_9132E0E78904,0.06958018663048464
CC_9133551228B7,0.42183299235102706
CC_91379670618A,0.036616075038628335
CC_913A15ED1471,0.12739491350835588
CC_91471E17BC49,0.10864284756376134
CC_914E36320549,0.552800779784295
CC_9150A3A3313A,0.10728379843925892
CC_915223128501,0.5026901789395615
CC_9156E3A6BA15,0.04008801108089235
CC_91579CB462D2,0.560892579369399
CC_9157A37425A8,0.1959249500311529
CC_91599A338941,0.05647597085884555
CC_915C7AF0D80A,0.6780498033749653
CC_915D8247FA76,0.16957232045991122
CC_91658F55D9BE,0.7327901389625839
CC_91679B2674CE,0.4434609237075483
CC_9167D0A47EEF,0.047597608842707015
CC_9169B8D4AE12,0.3593851710768491
CC_916A34F39225,0.06823110410267384
CC_916DEF8EE16A,0.6991463108203781
CC_9170A73F144D,0.6445212589938686
CC_917AE86FBC10,0.10161993545376849
CC_91805F6C2712,0.055682035199534206
CC_9182DA53CB8A,0.12938702204432578
CC_9183FE8127AA,0.7332030052269137
CC_91843D0B4C73,0.10119910965944581
CC_9184C47129CC,0.32709462157928193
CC_9186DC21EC08,0.5053195013504681
CC_91895EAB5249,0.0409722810487257
CC_918D6053D3FD,0.10932251311906718
CC_918D974DFEF5,0.40807531643844835
CC_918F52797338,0.19608413887887266
CC_9194CF1720B3,0.040592720259998195
CC_9196E185EFF0,0.4141214165915058
CC_91978CB20185,0.16028389368852997
CC_9198D167A173,0.1297052581997536
CC_9198DF292852,0.49140635726445386
CC_9199BD218421,0.42590831357192266
CC_919ADF1F4DD7,0.1580614442709571
CC_919E9374D1F3,0.11889551338623042
CC_919F746C4F75,0.049383924694271816
CC_91A019C95306,0.14477005854206343
CC_91A3C64F9589,0.036279171406006096
CC_91A5603A057B,0.16683451836268712
CC_91A777E7F25E,0.10806266066804764
CC_91A8E6D954BB,0.16216046131786271
CC_91AAD70BCF3C,0.0914601536343095
CC_91B08DF47D95,0.06873484834684285
CC_91B0F6CE3E81,0.28859027616581073
CC_91B246730C99,0.32802524689448287
CC_91B6E17D86F5,0.23542564759794576
CC_91B941AB2AED,0.07264076289117616
CC_91BCC5032DDC,0.20355304735829902
CC_91C01861619E,0.6542823685030156
CC_91C3D5ECAF47,0.18046447933526213
CC_91C7526BA44F,0.578204445183651
CC_91C82ED69A02,0.7145149379766134
CC_91CE5FE12187,0.09434253788470288
CC_91D0C7EB9C43,0.10344571484102986
CC_91D4F2EC8CCF,0.06746863271037637
CC_91D6FFD13849,0.13139023140572112
CC_91D7C75A28F5,0.09296390969477343
CC_91D85FBC31C4,0.23021933433454875
CC_91D879691452,0.1325220383918893
CC_91DAEC5248C4,0.10568487991658819
CC_91DAF2676EEB,0.1053841644492064
CC_91E0FA9D75D0,0.06336676856039522
CC_91E334B66F48,0.2138341876020225
CC_91E59627013C,0.09104993519230721
CC_91EACFC34845,0.152888517716073
CC_91EB6FD8B68D,0.7362306290963474
CC_91EC957CF080,0.06857539052385292
CC_91ED6BA411AE,0.06489233549904554
CC_91F750EB9FA3,0.06994446767314573
CC_91F78C06F19D,0.11796291505645733
CC_9201669C6736,0.06515409240405028
CC_920246B7694F,0.19517000111797345
CC_9203933F6143,0.055940539902454754
CC_92066C7BDDA9,0.46874074047003333
CC_9209D0A99335,0.3004242967146398
CC_920B290E0BE3,0.2422904814086862
CC_920C573ABE12,0.4114103505281828
CC_920F3798E553,0.20310302513287143
CC_92101E425311,0.19732802769408125
CC_921249534F15,0.44962533076536293
CC_9213769F6172,0.1707725030611674
CC_9213E8A22640,0.03682115601614877
CC_921410EE8E35,0.509498823439816
CC_9215C256C3FF,0.08092664440813543
CC_921784F2585F,0.08571511687320905
CC_9218E5FB6F21,0.31199589768374997
CC_9223238E4DF8,0.04433984698863502
CC_92239DE9D11F,0.15385586791830902
CC_9227085F4FEE,0.43203678474497814
CC_9227B7671B0D,0.0618681231540976
CC_922859E64E59,0.08986609613031828
CC_9229CC35C09A,0.08081489970042055
CC_922A45DAED1B,0.06333902025694665
CC_9232D20C0C25,0.23648445184519531
CC_92350D003F9C,0.10587858123630225
CC_9236BD651210,0.08778604244701059
CC_92398D2D19D8,0.6591412552670117
CC_923CD2E42F3F,0.15267117300165375
CC_923E57488EC0,0.19820943962338283
CC_923E95B90A4A,0.31704539682831
CC_923F618195C8,0.47075908568130104
CC_923FB08DE731,0.066123751116384
CC_924187D97FB0,0.18764096577991532
CC_9242720133FC,0.08786484533668562
CC_924447D7C527,0.09027941157738881
CC_92492509B235,0.4534522438910337
CC_924DC21F8182,0.06773243555699246
CC_9250A2FA8D82,0.08237584097693497
CC_9254DD16D362,0.1079508101186234
CC_92560046137D,0.3009141600170148
CC_925B09D3F996,0.056666434549267716
CC_925B14F5652A,0.17361438042986993
CC_925DDDFC4F97,0.0952060458621034
CC_925EC17F6322,0.1428750462097187
CC_925FA1993079,0.278767821369726
CC_9260A0CA1925,0.14374649989515947
CC_9266A021D91C,0.06874568487770757
CC_9267F0A7E3D8,0.13150170152931823
CC_926A5ED69727,0.09547140453718667
CC_927062E00389,0.05093997946684262
CC_927162A1B2F8,0.1854785165950562
CC_92783AADBC1E,0.06293490353584992
CC_9279C780F0C8,0.05495525813635503
CC_927B30887061,0.46021026066979187
CC_927C6C60C71F,0.19986774163487558
CC_928110FF11AF,0.10147529041415837
CC_928224B1AEA2,0.13620987750400826
CC_928519A49DF0,0.09052375520059001
CC_92877D2B66C6,0.35413302443354894
CC_9289610BE3B6,0.07590143732909978
CC_928AB5E0CD0E,0.2817985704443749
CC_928DFC8CBCC1,0.05353215687959743
CC_929578D9FDEE,0.04850585886285124
CC_929B6B841542,0.09318016703509555
CC_92A00A69CD83,0.4988195578852209
CC_92A9F5B1C70C,0.21884418835109615
CC_92ABDEC95854,0.4609037763605717
CC_92B29E23743C,0.6771456509072571
CC_92BC2AE8BBAF,0.46352147103781716
CC_92C40C5B364D,0.21577880909517289
CC_92C45B9F3102,0.23960649357431252
CC_92C498280A23,0.04355050364497982
CC_92C4AC2EF301,0.060599580265318885
CC_92C792FECEB5,0.33847576428240966
CC_92CB6B9CB74A,0.16691387066031363
CC_92CDA8AF1584,0.36411727767281227
CC_92CE11B153ED,0.7196927152299327
CC_92D426AF7AC1,0.5314107851366571
CC_92DDEB25634A,0.20656156206952675
CC_92DF5298538B,0.3092199241356006
CC_92E19CBA7941,0.11830866207974458
CC_92E218771AF4,0.5179263559754804
CC_92E23B752676,0.06790121381341344
CC_92E6C43BE3EF,0.21842603546265935
CC_92E7447CBFB2,0.0653427491612097
CC_92E7B3C68289,0.2054075176878988
CC_92ED10A0AC8E,0.6165560842984403
CC_92EDFA10A521,0.17560468126488737
CC_92F24C4A6218,0.5101222007682681
CC_92F36BF384AA,0.11014496353290697
CC_92F3743AAB05,0.23099131902779924
CC_92F3B84EBD35,0.04543371254569108
CC_92F5671107C4,0.04459684327700161
CC_92F7046C417D,0.08673121504541645
CC_92F952D7030C,0.13482513039486693
CC_92F9D7D113D9,0.10164321469463374
CC_92FCFD9A3E7F,0.11742719170430113
CC_92FDA84251FC,0.3238548581151478
CC_92FEAA3C9B06,0.3067701427115471
CC_9304A6E6420D,0.21294049975979296
CC_9305112DAE30,0.1618734305395901
CC_93064203DECB,0.23089086625759875
CC_9306BC4D773D,0.35948542456790433
CC_930B1EDD1DFE,0.0806486474971885
CC_930B5527DD50,0.7966628612074751
CC_9313C8D28F92,0.05222184438113605
CC_9314FC34190F,0.08879245334745753
CC_931E54C3A36D,0.05434446942520414
CC_931E72E74A97,0.7679486198730325
CC_93207E1A883B,0.05160935565135303
CC_932398FB45F6,0.2089527974514378
CC_9324D70C4B21,0.24867253799620292
CC_9326D0C170DD,0.3034084049469267
CC_9327522FDCA4,0.18809048358750485
CC_932A460A3BA1,0.07545849193608645
CC_9330FAA9E6E9,0.10353134076945684
CC_9331D7E773BE,0.2569004757435073
CC_93369618D2F5,0.1203182296367133
CC_9336D5452427,0.3642457610454702
CC_933A89FBDDEE,0.05126808186070049
CC_9341E2D0EC6A,0.0687486273302689
CC_93445EA3B06C,0.729226423276628
CC_934AA3449713,0.3055573391944032
CC_934D33D1C21C,0.043749424609078644
CC_934DA5B2274E,0.13437649950065206
CC_934F355E3297,0.32819929523825814
CC_934FB6A966C9,0.08258082512707607
CC_935240A289A1,0.0782378587280321
CC_9356CC8BF2A5,0.09355779553150488
CC_93573A6F65EE,0.48253659616788236
CC_93595F8F0697,0.10109420494818419
CC_935BA67F8F24,0.21322461788181143
CC_93651943C1F7,0.7074863702085804
CC_93654E8BEED0,0.14834627919617735
CC_93684545BBCD,0.1604651616329104
CC_936B2180679A,0.15229678984669548
CC_936F79F03E05,0.09641129545364226
CC_936F7E8B09D9,0.16905771232936426
CC_936F8DC31AB9,0.17662020293804723
CC_936FB8B2106A,0.06413427090463868
CC_9371EEEFE2AB,0.11672283649755186
CC_9371FDAA6306,0.09496597908657858
CC_93741C5A6C34,0.12347435870296919
CC_9374348803DA,0.09533363960559874
CC_93781A13FB6C,0.10722475174314386
CC_937F77C063F6,0.11047573643552407
CC_9386A89109EC,0.3006439275407765
CC_9389D1B33F31,0.06136034964598863
CC_9389F2437664,0.04568523341549248
CC_938F8F0512A0,0.23553377222897778
CC_93988817C632,0.07339007812224871
CC_939D51928FE8,0.1142878856256159
CC_939F2BC98194,0.5563148690671119
CC_93A2E2618403,0.10714573205534375
CC_93A390B38169,0.047068604520655935
CC_93A64AD82CE2,0.039219347181819256
CC_93A653A4CCE4,0.19863012399868285
CC_93A8BCE5A49F,0.7725690334817849
CC_93AB951F5F8A,0.1386269009032492
CC_93AC962421F3,0.09434409571513136
CC_93AE02CF193C,0.06706340890000415
CC_93AF6645141F,0.2369599066443814
CC_93B176A5B0D4,0.06861885168893644
CC_93B4ED0A84AB,0.05640361220810035
CC_93B67B6F54CF,0.21264954012554224
CC_93B70FBC2268,0.7258033402212771
CC_93BCB888A5F3,0.061052113319824707
CC_93BF8FC1C4EB,0.40277580729728824
CC_93C07F7C80C1,0.043811768191488396
CC_93C24E939649,0.043575544557561366
CC_93D1AB4C05CB,0.15866329349507527
CC_93D3748E57D4,0.7467631477065618
CC_93D5EEE96658,0.23605942600541466
CC_93E0FE585B37,0.05961431659328679
CC_93E625702663,0.08644094782778164
CC_93EC3E3AE9B7,0.05803348448530908
CC_93EDDBCF4BD1,0.18358931712650314
CC_93F104795B75,0.20557515585225233
CC_93F3BFF67C1A,0.6078351452036812
CC_93F76A0CA3F3,0.045955125964081356
CC_93F99508275F,0.15671581004468352
CC_93FD431A757F,0.09681040867114131
CC_93FD71A9F863,0.07914114057451724
CC_93FFEDBC449E,0.22556242027792442
CC_940578786109,0.1094639226871283
CC_9405B5271CC9,0.1121435641513395
CC_940C5D32D69A,0.10566930932968814
CC_941D5EFA9018,0.07626383918164484
CC_941F4B25E984,0.11705939225620829
CC_941F50B9C01A,0.3292467186591728
CC_9423EEEA8B23,0.03877775406555896
CC_94249B8C7F50,0.6177644287176831
CC_9426635F2A9E,0.056813726526771094
CC_9426750C93ED,0.3038795974215779
CC_9427116C9062,0.07332199424065458
CC_942906C49C62,0.09111478555046951
CC_942936C97AD9,0.06589913742879822
CC_942D1F87D7A3,0.12919529728848855
CC_94338B32807F,0.4062977175763091
CC_9434AC3A70AA,0.18321662198071872
CC_9434F6AF96C0,0.34359133312845225
CC_9437440F0404,0.4634228710712171
CC_943C3C4E85C4,0.07631772288507313
CC_943F8520D4BE,0.12015353248494123
CC_943FFE9B1EF0,0.3380266766411967
CC_9442006C9626,0.7419418240493437
CC_9442FE9781F1,0.1274580034237775
CC_944765FB4B79,0.17878613529842236
CC_944A5D073AD7,0.786297597306142
CC_944BB74BC1EC,0.09947717005923769
CC_944DE49C9A67,0.15732430657380395
CC_944ECC12BFC8,0.6393493039397689
CC_94510B089044,0.3048022984425131
CC_94525F2882AD,0.11119579555791761
CC_945BC68133AE,0.07984506198902563
CC_945E4B1602D6,0.04134928136622899
CC_94610EE9BC8E,0.1993120396787851
CC_9461F5B51C36,0.038004887334425995
CC_9465F99E1B28,0.11495169048421187
CC_9466A936B3DC,0.5654245894247831
CC_9466B0A27543,0.7290325224443999
CC_946702762F3C,0.07003618402909761
CC_94696DA4AAC9,0.10161984473613359
CC_946A1FCA1E3D,0.20633879214272452
CC_946E1B8988F7,0.2320271091446259
CC_946EDAF842C1,0.062183574731440185
CC_94716BB6BF9B,0.6978747270576113
CC_94729285F466,0.061791116007378286
CC_947306655635,0.22888070311488268
CC_94750C4E2BD2,0.10448529551524413
CC_94757C203A44,0.6150401688946038
CC_947631549607,0.05965754364593695
CC_94771A48955E,0.13460828165114266
CC_9477E948D341,0.10099999487066155
CC_947933368700,0.18469131401297895
CC_947EEE5186F8,0.07535004840922756
CC_9480A6E73D94,0.027900444581422306
CC_94822BA9847A,0.06218053345576293
CC_948314B9B684,0.1389527455362604
CC_9483D2A297EE,0.18525277387442454
CC_9483E3A12EA1,0.0755381751003079
CC_9486AF073404,0.606554607956481
CC_948EFB088891,0.1037007290935961
CC_9492B760F8C6,0.39043505999964917
CC_9493B84EE83F,0.2016988217083469
CC_949F8C9D9B81,0.5490072105926754
CC_94A4929B4790,0.21584483721972295
CC_94A495031F61,0.07893278689212534
CC_94A81005687D,0.20666493261144572
CC_94ADE7720843,0.17611231966993016
CC_94AF182C93FF,0.25464669681592866
CC_94B0C650D4D9,0.09125708172742805
CC_94B0E7A88E20,0.24843848237342908
CC_94B32E78366A,0.07399824256031148
CC_94B63A8E8528,0.172316818857232
CC_94B8E8378508,0.10601178946133531
CC_94BCA5B30421,0.7411839988327973
CC_94C0A7E12FD2,0.08530459329041212
CC_94C69720EAD2,0.1271909388677625
CC_94C77B6F2B87,0.24886173251681107
CC_94CB2A4A4F20,0.5963682905454422
CC_94CD49868D84,0.2271128409331022
CC_94D1B933D927,0.10560566857033364
CC_94D4385211E1,0.07972712861734225
CC_94D57937CCE5,0.7384783811000698
CC_94D61BDAD45B,0.154608323645409
CC_94D650911045,0.07584775488747442
CC_94DB0677F7C2,0.33879509280242753
CC_94DE2CCE2B09,0.09487880173474542
CC_94DE52ECCCBB,0.14937218061521715
CC_94DEA755FC3B,0.2453575802486189
CC_94DEAA396F91,0.1388517284894865
CC_94E5D40325B2,0.054264798774714185
CC_94E7E6AB7D2D,0.6622364239271086
CC_94E8D8B91FE1,0.2733336683679176
CC_94EF1E5D4A15,0.04377080057224276
CC_94F13FF23D79,0.18892297202254454
CC_94F29F2A2D84,0.46377586313263286
CC_94F7FA39CBD5,0.7851383858735426
CC_9501940176AA,0.1456129846710775
CC_9503BAAFB857,0.07945444927304754
CC_9504D358B0B6,0.0970795663448753
CC_95098B30EF9C,0.19585911571124606
CC_9509B25E3510,0.1357724284843903
CC_950CAA827AC4,0.10111874549645003
CC_950D62C739E3,0.11988105507904671
CC_95140374A892,0.2810518546648854
CC_9518C9A79108,0.07228781245393662
CC_9518E7A75632,0.13209020174103112
CC_9525A21B3CF7,0.17952568161097812
CC_9529335F979A,0.11545049988610671
CC_9529E36C543A,0.4711546175460272
CC_952EA1F3A4D5,0.10082859362584222
CC_952F0C921B1B,0.05283000008859601
CC_9531CC6E5259,0.25749169427558644
CC_9532629C3C57,0.1853092879586833
CC_9533AFE39106,0.1556012840038689
CC_9536B41EBE3E,0.07457128562994822
CC_9536F9C488C0,0.1831634476439487
CC_9538649C55B9,0.0927683690042494
CC_9540C78F8371,0.24292213916555783
CC_9543BC18CB2F,0.13793266758543343
CC_954664815BF3,0.04430413404316731
CC_954BFDA767F4,0.22917862703284234
CC_954D709E7E86,0.12285142646588117
CC_954EFA90D177,0.23160533808266903
CC_9550BE43BCE4,0.08378796549511561
CC_955170FAE574,0.18692708813890743
CC_9551F8102002,0.40727384019166724
CC_955379D397CB,0.08092055763373301
CC_95542A2A5F50,0.1038361084887471
CC_9555C3A3A58E,0.07548977111311783
CC_95572DF671A8,0.813868058583676
CC_9557A3D5C201,0.0564564469166301
CC_9559D59E651E,0.17720881685639428
CC_955A63DFE8AB,0.45668238736778577
CC_955C4774C140,0.09112592667198638
CC_955DAA3BA44A,0.18409937701922813
CC_95610855ACA4,0.28743234648777577
CC_95629083F089,0.6723493018086422
CC_956A64E5BC35,0.481028606606952
CC_956D75F22393,0.1474408600220654
CC_956F7C2604E1,0.7885089894410899
CC_957664784C27,0.0681337211149172
CC_9576833B2F14,0.04955741306496246
CC_95779EAFF606,0.7263604058332614
CC_957AA0436B04,0.06890451664265806
CC_95802EE5928B,0.08036095637669778
CC_95822831F5EF,0.08854737579357372
CC_95830D185CD7,0.05947850040655529
CC_95835E792B97,0.0522250203262561
CC_958398BF3906,0.2465258574473462
CC_9584A0B242A9,0.17865043259168967
CC_95862F8919B7,0.2846706601264432
CC_958642AEC472,0.058990580558556015
CC_958A461C7FDE,0.3404779545602387
CC_958BC1362809,0.036219904954839156
CC_958BCE504513,0.05812955421963735
CC_958F46132030,0.15512476332353736
CC_959204BF8D0C,0.33277706155740694
CC_9593D9666264,0.05623946281229899
CC_95958C635EA1,0.19510663310776288
CC_9597A45A9701,0.11461661638661572
CC_9598D9FBD555,0.6276397605973443
CC_959E35C81EEA,0.03281818450368426
CC_959F1E2D7C51,0.09184100928806074
CC_959F4578484C,0.06845101454189662
CC_959F6394951C,0.29013311931215047
CC_95A1CFFB01B5,0.23782914363644836
CC_95A3146A5AC2,0.6259570325337336
CC_95A7DE776467,0.16337933501804502
CC_95A8527966A8,0.6673551538938977
CC_95AA10685437,0.07084198073883224
CC_95AAE5937948,0.06135083745254503
CC_95AC13AD6BF0,0.17301449981249126
CC_95AE56757E0B,0.1844940422938043
CC_95BA73143BD8,0.10948685046383029
CC_95BAB9E71DC5,0.09027256449352207
CC_95BC70AADAAD,0.1605493421566217
CC_95BD2C4D0AE9,0.11237978815943568
CC_95BDD5EDDF85,0.06286606783342125
CC_95BF2F98A295,0.07835758886281584
CC_95C0BED6E1AF,0.07555763568974119
CC_95C2A2FCD176,0.0379458331369635
CC_95C39D51A802,0.0725068226572264
CC_95D54B97CC22,0.4590230314931899
CC_95D5CB6F97EC,0.6435068543916992
CC_95D7391DB939,0.034215784978655635
CC_95DC9CA4529A,0.42398646704825965
CC_95E54D7C8816,0.09550376704390748
CC_95E8DDA64413,0.1426214725997583
CC_95E9B57AD316,0.38062138015816827
CC_95E9DCD98EAB,0.2873283619834252
CC_95ED8AB0DFCC,0.21168412373162035
CC_95EF53C1CA1E,0.07833173864959139
CC_95F83BE5DCF1,0.7406541758280957
CC_95FA2CB1E6B8,0.15451335858737733
CC_95FB332B602C,0.1521461186844451
CC_95FC1D71C439,0.5428891117257028
CC_95FE165AA3E7,0.6462723053418044
CC_95FE1C016102,0.2083324997973251
CC_9600B3DCC88E,0.09067559310730862
CC_96019119845B,0.09721073374985711
CC_96058A1A1906,0.21499144026710232
CC_9610BBF27254,0.20056074939931326
CC_961848FADC13,0.18044893800856202
CC_96185CD65F6D,0.6665893970686196
CC_961860A5CB95,0.03885597385276043
CC_961CA96EADBD,0.0498205456054963
CC_961EDEB38C49,0.28995387519667454
CC_961F4DAA208F,0.051876934592256806
CC_9624480F2828,0.08832211184411769
CC_9624BA9B14FA,0.21558551062249473
CC_962BAA0180B3,0.6643973749197654
CC_9632C8C51784,0.11244378200505338
CC_9632FAF12968,0.6586431248090945
CC_963317C634A7,0.17972834378648764
CC_96383E75E649,0.15908717978462578
CC_963C0A992FC1,0.061943360555417805
CC_963D08B3005B,0.09254725728851608
CC_963E470BA402,0.1233328949579664
CC_9644984DF5C3,0.689233733056154
CC_96499350271A,0.18229375389210806
CC_964CBEEE401D,0.07504247477173484
CC_964CCA749BB5,0.21608380248375864
CC_964D4F688228,0.16022646495584097
CC_9650D9A498BF,0.1292299208351098
CC_96512C3D3A9D,0.047772241200370366
CC_965200EF412C,0.17684049898463944
CC_9657A6320940,0.1331147429698349
CC_965E8C4E29C4,0.2297967364066306
CC_965F33944AA7,0.12322617524866553
CC_965FE01791DF,0.10216728741746181
CC_9665C8600681,0.57740766543864
CC_9667C2016494,0.2408961851455213
CC_966826A06AAB,0.052630102014202776
CC_966AAF6A148A,0.24375040803297893
CC_966D5FB4F143,0.12217152029749745
CC_966F651925A2,0.12675680454444724
CC_967138E15915,0.1360220866215807
CC_9672A60A858F,0.1876202510274137
CC_9675D5DBBAB9,0.10853503424284514
CC_967723D3B9CF,0.19595028055905594
CC_967D6ACE6CB5,0.11559817391032032
CC_967D7FC9740D,0.09346778133782584
CC_967ED2FFD3BE,0.18493671157584451
CC_967F1BCA3CD3,0.0647997294929494
CC_967FD4C5C41A,0.21944299549406404
CC_9684281748C5,0.04429677298381153
CC_968443F31CC8,0.15375523871649616
CC_9684C24C70D8,0.12893109072638015
CC_9687149782A4,0.13781922611404043
CC_96884C7991DB,0.7368434148718477
CC_968F3F9A86A8,0.25472939423140406
CC_969371CBFC5A,0.12950843559186115
CC_96957ED8CE30,0.11556983476573959
CC_9695820C04AE,0.18583426597298988
CC_9697CD059E63,0.35305333739890754
CC_969B17D4AE8E,0.11077806446163015
CC_969ED09344A5,0.2289510793498155
CC_96A7C6A1BC78,0.07267644554285525
CC_96A7CC5C3344,0.1289322388955581
CC_96AF3727A1BB,0.2396942882262835
CC_96B4185480B3,0.12420216146052918
CC_96B85B79990F,0.79099074086727
CC_96B898E43E2D,0.1291213892029445
CC_96BB65B55C8C,0.1635708123349726
CC_96BD830244AF,0.09748063111226342
CC_96C059A9DB70,0.0922463938096888
CC_96C06B2187FE,0.7155633165936528
CC_96C3C853A6A0,0.6676841611209442
CC_96C63BB58935,0.6557188747527428
CC_96C6E5849E46,0.060236638940224095
CC_96C9029958F6,0.04363483619435164
CC_96CF3AE65C29,0.07719405001322452
CC_96D107E91BDE,0.14266760050715835
CC_96D4FB094913,0.11396847225535459
CC_96DA0109E940,0.050713511106548224
CC_96DC2F41AADC,0.17452744570790876
CC_96DE02A7700C,0.20044613768804637
CC_96E0B16CF415,0.1453497299290244
CC_96E0CA890231,0.6013035251450174
CC_96E4FCF08E87,0.07889390780124741
CC_96E879074800,0.06596841534643337
CC_96EB6B6C4A34,0.12908315613282798
CC_96ECE56D1DF2,0.14310534164790373
CC_96F2D1BE9109,0.14204009863038208
CC_96F2EA1D88F8,0.2989569440551687
CC_96F30688F835,0.20357820186804804
CC_96F3215E1B85,0.7406330070687698
CC_96F35D7CC867,0.0455608365726969
CC_96F4098EAC27,0.06557278058120583
CC_96F40F8D0379,0.35180956194171753
CC_96F5BE4B4F36,0.036263898551940635
CC_96F66134F3EE,0.12558752686801924
CC_96FA5804BFC4,0.08981285800928811
CC_96FA9686E5E1,0.12770048248485208
CC_96FAEFD659C5,0.08373014955872964
CC_96FD522D70E8,0.07586363048929659
CC_96FE8F842DB3,0.047833721144260474
CC_96FED971B655,0.08892223210076866
CC_97047A3C15E2,0.1830633815670428
CC_970486F59FD8,0.044687709410361195
CC_97059BBD6FBE,0.1160809213819547
CC_9707C4E39DAB,0.14879338411782048
CC_970C32F7FEE3,0.1151030694398417
CC_970E272F73B2,0.20627889049890058
CC_970F0031C5C6,0.06754167885930705
CC_970F0D85EB63,0.33383788310945395
CC_9712B26408CC,0.1030241917730588
CC_97188ACE5303,0.5640286271644707
CC_971A80130D71,0.07990236718359703
CC_971C58E7EBD2,0.13572480068595005
CC_971D4E01108F,0.3707387634020446
CC_971DCD18BB35,0.2525437199707866
CC_971E1749A0CD,0.15794242139595
CC_9723B91A38DC,0.13697466163986505
CC_9723EF887C61,0.10806971046074373
CC_972593589D46,0.07795036146798381
CC_9727E0458809,0.23349867510973626
CC_9728CA5AF50F,0.06881842014921122
CC_972F8AF3AB13,0.08061550007597788
CC_9736C6426FBE,0.057323357137415855
CC_9737850D67A6,0.07446277671588623
CC_97386FD71343,0.36867677404011806
CC_973CD69E3FB0,0.10726759934131327
CC_9745C7ABC153,0.1422913965878852
CC_9749FF690A0E,0.12038284701158083
CC_974AAB27EC0D,0.06500705907650581
CC_9753E9D79B0A,0.6384266528157673
CC_97565357D6DD,0.12776398597242694
CC_975850FD3B1C,0.2891890066806121
CC_975C04E9C3DE,0.14954143191206964
CC_975CB89988E5,0.05407614342632805
CC_9763FEFF1B16,0.6817883768735864
CC_9764AD069579,0.6169343559654658
CC_9764D4A64860,0.19016066606718424
CC_97661C0FC152,0.16867416764973636
CC_9767ABEF0B1C,0.1120669902640852
CC_976A80FCEA4F,0.05278640789464136
CC_977126F292DD,0.3573375346594363
CC_9771275E529D,0.35335095551054546
CC_9773AC2F0118,0.16872691598586728
CC_977941331C01,0.4452184470983502
CC_977A6EF0004D,0.14926253083479596
CC_977AF522149E,0.5499053272058612
CC_977B2D20353E,0.703062608089972
CC_977D033D0A0C,0.08784201334280015
CC_977DB03C8C6E,0.3420152460040427
CC_9782557B7D14,0.04311809807982045
CC_978618D07C20,0.7070592481439196
CC_9786DD6BA201,0.6362755530362342
CC_97878EE6ECCF,0.18708959743863945
CC_9787B03BACFF,0.12231048212763282
CC_978E13B282BF,0.0719380358425158
CC_978E272EA29F,0.22605868415038682
CC_978FC5FA5311,0.14872940073303256
CC_979002539E11,0.3907700100749122
CC_9795E4550DF8,0.15559408841451722
CC_9797A1B730DA,0.038935645938576166
CC_979F1B1BF1FB,0.06761703081917937
CC_97A6F96954AD,0.1398450097771275
CC_97A87F1959BB,0.047138582779984964
CC_97AAB5D78EC5,0.6768588784932658
CC_97AC1F87F091,0.05560331864494714
CC_97ADDFF95F04,0.07589551637532385
CC_97AE6F66CD8A,0.05615280896523132
CC_97B0AB134BF9,0.1552663911411544
CC_97B4B88D8712,0.12591223731269557
CC_97B5CFFC6614,0.11510482859046667
CC_97B88FE18118,0.08427312446739788
CC_97B91775CE9C,0.08775388814254163
CC_97BD5D195DDA,0.13463306555187618
CC_97BFA8A618FA,0.09844735612052964
CC_97C1FBDF0546,0.06198316115841431
CC_97C2FC6730CA,0.17453784513764906
CC_97C515AB4113,0.20053924617633218
CC_97C713652716,0.07242700666888867
CC_97CC99428183,0.05252095702810169
CC_97CCE58865E1,0.1431933949298779
CC_97CCF135184B,0.08977285595527311
CC_97CF2E84BE62,0.12587043213096002
CC_97D0C4B118B6,0.04513031448321914
CC_97D5EC942C32,0.07421214880370781
CC_97D7185B3E82,0.22520143876472298
CC_97D73A8F0F6E,0.7679987617516679
CC_97DBA431DFA2,0.08326385672737313
CC_97DD6B43AA20,0.1170310102372318
CC_97DDC617DE6E,0.2890383508627277
CC_97DE3FEE55A9,0.046142877267590435
CC_97DF7DE7A60E,0.13694734490068927
CC_97E1C8EB9334,0.17487348491672816
CC_97E9AB22F880,0.2408470185809622
CC_97EA5660B2D7,0.06860775382200904
CC_97EEA36A5056,0.0786942272801671
CC_97F1B50C9F2B,0.16640601118176435
CC_97F396E26FBA,0.45123887224498055
CC_97F47E90B73E,0.5947380215489322
CC_97F520FE1117,0.050294963475453744
CC_97F61A55294E,0.3320072471238186
CC_97FD4B00B05B,0.0799515672251842
CC_97FE96060079,0.15255919240157473
CC_9801E056FDAE,0.07758539418414953
CC_980A88F77482,0.358510231705066
CC_980CF333F19C,0.0650232105712735
CC_981912DCF4A8,0.1791065976100617
CC_98197C75459B,0.06607883680871948
CC_981A1BA9CDCD,0.09822292679607098
CC_98200A8D25ED,0.038198212766519406
CC_98241CFE28C8,0.08425605100691963
CC_98265FBE4F5F,0.0485320854777616
CC_98274DF6B862,0.07216878987636147
CC_9829AEC09419,0.08940987399261378
CC_982B8CBF9FB8,0.08470116995171753
CC_9830EC45F3E2,0.19917606249886174
CC_9831D30DC7DD,0.7340224744218667
CC_98387F5E38FF,0.03740991447626307
CC_9839A897675F,0.6565463004595402
CC_983E30C55B02,0.03540795272513981
CC_983FE440DFA5,0.0661036460926581
CC_98446CD9D196,0.29514464552323
CC_98467B7DAE54,0.18179673261064286
CC_98480C75B0FA,0.04991421587810211
CC_984E4F91CDFB,0.09808434600654632
CC_984FE0AD0782,0.6991597741941715
CC_98510642EA07,0.07015919883741936
CC_9853CBC92B82,0.04500277190099085
CC_9856A284D68E,0.14889881023090737
CC_9858A1653CFA,0.0879667225570003
CC_985B07B6CD1E,0.20832745405118297
CC_986729F8496A,0.10559797384509224
CC_9869ED0439C3,0.06846817074299774
CC_986A8F49F8CC,0.13265689499710623
CC_986B76A30161,0.4535498869343376
CC_986EEB87E3E1,0.3511357035802336
CC_986F357A29D0,0.1307596635540646
CC_9875DCD23C99,0.5975743916078571
CC_9879B339D65E,0.5228183851481341
CC_987ABDFCC7E4,0.14144274204366
CC_987AD622D141,0.07015332410077854
CC_987B645B3435,0.08996600296916532
CC_987F9D26489B,0.12490693370899708
CC_9881AE769137,0.0602951987525128
CC_988330459286,0.3400973900097673
CC_98834A5783E0,0.07174212904525185
CC_988487F1820D,0.04940569869833187
CC_98854082EB45,0.08798731238979908
CC_988837174890,0.72951802336187
CC_988A1A9CAFB3,0.32027173509522966
CC_988C14467EF9,0.21206842845624557
CC_988DC6ED29CF,0.15533800731877992
CC_988E858E67C1,0.2880862305638268
CC_98905E20F115,0.13326649533791507
CC_9892E1B74196,0.10598161997316202
CC_9893FDE341B8,0.3124201226718239
CC_98957749A29E,0.16459333974259854
CC_9898C4CD75B8,0.5161161844597332
CC_989E96A9AE0B,0.22073643616743296
CC_989F83062FB3,0.10751646594996733
CC_98A000DCD895,0.14384906904857603
CC_98A105F7178B,0.1511377075167702
CC_98A4A3961CB6,0.20935620567099383
CC_98AA5AEB25A3,0.04558852963596157
CC_98B1C9EAF5F9,0.2249078963938186
CC_98B49349E10E,0.13443145735142942
CC_98BADDD5B46F,0.20755288387433182
CC_98C4060202AF,0.1776588060246841
CC_98C43575629A,0.12331691475106729
CC_98C8793838A4,0.06929513120289299
CC_98CAD3AC68E0,0.36643599677421024
CC_98CE1814DF9B,0.19316496803839778
CC_98CFA41E3442,0.07792760863864438
CC_98D6CC9D5CF0,0.587855800577565
CC_98D6FC469A51,0.2380318653673211
CC_98D7324F72A4,0.5789264975219678
CC_98D89A29A372,0.5870532798791915
CC_98DBE0FE8D39,0.11738410493455467
CC_98DC203CE541,0.6465211418591512
CC_98DD297D60A8,0.1715851403368916
CC_98DE5AED637C,0.07185310068555519
CC_98E02024D306,0.055368409236975835
CC_98E07C8E9564,0.3642203796695174
CC_98E5970E3904,0.5883054714095703
CC_98E8D44B0529,0.04615389904051073
CC_98E9CAF33E27,0.2153831603547262
CC_98EE2ED2BE0A,0.1611309985721167
CC_98F1DDCE75F9,0.09322328271070754
CC_98F2688C989D,0.0862517441746605
CC_98F3F9A24225,0.15352457366458702
CC_98F5EDC71A06,0.04598761361511044
CC_98F7F5D08527,0.1124564804114893
CC_98FCB8955EC7,0.2322435648578262
CC_9900D5D2F1D0,0.24074325230187665
CC_990438B9C8B3,0.2836585998529477
CC_990530034713,0.06198056056940373
CC_9908C1CEA041,0.0949736747252144
CC_990974187BFB,0.6259697853466932
CC_9910ED07DC24,0.0960272134014905
CC_99132BC81F36,0.7692479672019157
CC_9914B7668E55,0.240395595200952
CC_991616798739,0.41654736938260156
CC_991A1DA5E063,0.3304250989254182
CC_991A65AC144C,0.12246293468855465
CC_991CF8DF93E1,0.04724390812106852
CC_991D14AA96ED,0.08129582668047723
CC_9923649E630F,0.04516010596440378
CC_992810DAB8A7,0.08774014705423067
CC_9929E955C9F4,0.04527241649583712
CC_992C35C86D44,0.4478526344406628
CC_992CAEB63DF1,0.10358409646168946
CC_992D954E2F5C,0.7317476639443363
CC_992DCE0CA792,0.20783673698692562
CC_992DD0D08A60,0.05457182930980993
CC_9932E09ABB41,0.13345703293368066
CC_9936812CC394,0.11523317714670592
CC_9936CFE77679,0.09094293826132621
CC_9937A7AFEA7E,0.03835119327397292
CC_993AE43FF5AE,0.1991851843721956
CC_993B89013EFB,0.3768532888176287
CC_993C1D353EF8,0.2696005661716084
CC_993E2D417FC4,0.5033897238987345
CC_9941C1F05753,0.13211155013505352
CC_9942F04E4420,0.13064680283301686
CC_99449C21262B,0.061401134551498426
CC_9948D0D90A84,0.06296915119185179
CC_9948DB73B5AA,0.07139893355061956
CC_994B16224B26,0.036793233380741856
CC_994E20090196,0.1122321999528523
CC_995A5D5A2739,0.09642212165746757
CC_996001F892CE,0.07878747509298022
CC_9960E59F494A,0.05465361679603875
CC_9961253F92C4,0.03162901323158826
CC_99626988E816,0.15170014203582222
CC_996287641E43,0.5998063872336995
CC_9965A238442A,0.08378352416191633
CC_9968D6A1D1E5,0.432599717252535
CC_996A8D9B2CC2,0.09057646419050544
CC_996B4F1F4A74,0.11881179561299113
CC_996B73BE8CCF,0.6245727628212178
CC_996E9104C466,0.3583335856371881
CC_996F8FD2C18A,0.09727965539982672
CC_997347F1CD25,0.32096111198522304
CC_997375DCDAFC,0.0901780563528958
CC_9973E6A54EA2,0.09905919000123273
CC_9974D8870F19,0.06964528528668709
CC_99763712603D,0.07258474437642551
CC_997D5A7F7207,0.048755058910028605
CC_99815EA20C51,0.09412993566238924
CC_99827504C8F2,0.6683650130528436
CC_9983A0927404,0.05294850522113287
CC_99884C8AC6A4,0.1613700473964678
CC_998ACB251F46,0.5364471900171452
CC_998D1461748D,0.13802720620959402
CC_998D76801DA7,0.05194438817570225
CC_999E2D80EA3F,0.20811736931960328
CC_999F4FCD9249,0.0891171694737177
CC_999F9CEBA195,0.6928021327049025
CC_999FE40C4AD1,0.7078932184913611
CC_99A24AFDCE70,0.06412706310343516
CC_99A28CA808A5,0.1476628445937224
CC_99A83502E95D,0.0379155295521856
CC_99A98A048300,0.04645363925203223
CC_99AA5338840A,0.03101671951920564
CC_99AF513D1691,0.3171814235833474
CC_99AFC3A96C03,0.03860581406636808
CC_99B6EFCC0563,0.19117999430574714
CC_99BCBF3FFF88,0.14143618216551063
CC_99C43AEFE1B3,0.20309295777095732
CC_99C86A88C05C,0.17035221720405697
CC_99C898D3AAA5,0.05389852582451336
CC_99CA8B4AADE7,0.1824645100406612
CC_99CC97AFFBE9,0.23041418134891917
CC_99D7D6CA7EB7,0.18155005397078774
CC_99DD36B79676,0.20074806407377208
CC_99DE8681D1C5,0.04961421537644011
CC_99DF248DDC04,0.2387463389027809
CC_99DF59BFD684,0.8037362156311266
CC_99DF6DEB4B62,0.04263126952972451
CC_99E29DFE0BD5,0.09774255228552257
CC_99E2FE9256D9,0.13314838864647022
CC_99E3F5BA13EF,0.09823178574768238
CC_99E8213757BC,0.17833214524909868
CC_99F255392513,0.050335419743858155
CC_99F7CF29223E,0.08978637496295526
CC_99FBB9031540,0.3352144343149438
CC_99FBFFE2F6D5,0.37339975420462806
CC_99FF6246B684,0.6267479431665398
CC_99FF9AB18421,0.32313366257332105
CC_9A01A52861AD,0.46734133844934966
CC_9A0A60530AA4,0.1356220487129568
CC_9A0FC7C77BC7,0.03699338610773046
CC_9A1301BC801D,0.10585105945079254
CC_9A13DF86BEE1,0.04167417270144044
CC_9A14A7D84A1B,0.10839390320030962
CC_9A168F010E4C,0.0488672710448644
CC_9A171C77CA72,0.08533001343980871
CC_9A29ED9ACA7F,0.29296090221889937
CC_9A2FC2A678B7,0.20739665186863715
CC_9A3016BBAC37,0.10942563929857349
CC_9A311651A4C7,0.07062122539151783
CC_9A342AC2621E,0.6940002221290189
CC_9A343C8F569C,0.16148072692851403
CC_9A38B10723E5,0.05008078923655105
CC_9A39E253AF08,0.14334240383172864
CC_9A3CBDA8395B,0.11246383458645845
CC_9A40401ABB0A,0.1814299895618885
CC_9A408D1A68E3,0.1888301518916965
CC_9A459765996D,0.10554863546509394
CC_9A476B3E0A6F,0.045272893787257795
CC_9A4D255CA9FD,0.05005069114345062
CC_9A5003E05A7A,0.703987618236839
CC_9A527BA3EC81,0.13197710590642386
CC_9A54E3DF0F85,0.1755411734558327
CC_9A5524F7ACD5,0.26461017157968814
CC_9A58703FF2E1,0.3182724165172835
CC_9A5AFAAF235F,0.09510020604649286
CC_9A5C807B420A,0.13837467787468632
CC_9A5E08886480,0.048619252839303254
CC_9A5F286660E0,0.7287202084281776
CC_9A6088ED6EFE,0.7457338746043124
CC_9A63DC86BF71,0.16166508640557226
CC_9A6EDD2A4981,0.46472106793821516
CC_9A77EC2042DB,0.060185354794781064
CC_9A7E11F28021,0.4891520579655048
CC_9A7FE9D5226F,0.14094603703388953
CC_9A83930DC383,0.18442200175609794
CC_9A8984EFF077,0.05099341143152815
CC_9A8C1D5A71B7,0.12791817298891814
CC_9A8C39C88FE7,0.066404902476406
CC_9A8D431E8D54,0.240759267672405
CC_9A971A0A6D6E,0.1794082616041099
CC_9A9CBCF5FAD4,0.09909365150847571
CC_9A9DE4FC2569,0.6137181223256598
CC_9AA1B789058B,0.11970442707479245
CC_9AA2965BCC49,0.06895048031101543
CC_9AA661F07DDE,0.19288286472824662
CC_9AA94DA24C2E,0.15510039651277166
CC_9AAAAA12F92B,0.2631282598864804
CC_9AAEC0A3C90A,0.09567404428049771
CC_9AAF6A221EFB,0.13966402556710658
CC_9AB24C136B8F,0.23696338334047198
CC_9AB30355A267,0.06551466095499817
CC_9AB3C1C22F4B,0.11696127675844825
CC_9AB771866CFF,0.10160585505792274
CC_9ABA8905D59B,0.1304702156190219
CC_9ABB82B817FA,0.5889513971294311
CC_9ABE39731ABD,0.06795691401186392
CC_9ABEBACE59C5,0.1013514763846524
CC_9AC249F7D583,0.6946584827844315
CC_9AC3F405E51D,0.1669550137748828
CC_9AC42994F826,0.06126385879805417
CC_9AC84F2E83E4,0.040956266956079686
CC_9AC94936EF1C,0.15017278550296592
CC_9ACB2F13F9AB,0.7072567847346246
CC_9ACD5206EF5E,0.34774425034621353
CC_9ACD55D828BF,0.20951670433321662
CC_9AD3C1FCDC11,0.6699335071834169
CC_9AD47C871032,0.6694783591173886
CC_9AD48D80B3F9,0.26020458137933955
CC_9AD6CDD081A8,0.09917389139963627
CC_9ADA5B86AC25,0.22908077735537505
CC_9ADDD7168C96,0.16682171594415354
CC_9ADF233A3D67,0.1054512177724229
CC_9AE029511609,0.4110973762566131
CC_9AE0D528E895,0.7456328387724579
CC_9AE12B23F5FE,0.34612004224641585
CC_9AE25064E161,0.09399166184225066
CC_9AE3DD9C4892,0.1497517848141622
CC_9AE3EC55C2F5,0.07077967751215108
CC_9AF19552DC01,0.0701950735343074
CC_9AF2592C810C,0.10568020114474799
CC_9AF5D84C1B45,0.1484508955051827
CC_9AF9AF1A9997,0.0847840839092054
CC_9B0226711A48,0.13587866817084024
CC_9B0327BFA162,0.0936230200588532
CC_9B0382DC26C8,0.07533150336357233
CC_9B040A58CD75,0.13189946530801355
CC_9B050E5A0E35,0.05534426337701252
CC_9B06AF154762,0.08696477420186631
CC_9B07FBEFE4C0,0.1543906255150574
CC_9B08AE1AF7B6,0.04677376309356162
CC_9B0929A5393B,0.11279020688106729
CC_9B1081F0DB34,0.24995537386487204
CC_9B1502A27C95,0.26939149483522506
CC_9B18C3CCC572,0.04852717415203514
CC_9B1AD8400198,0.28191175386229633
CC_9B1F939DA250,0.7358227338828607
CC_9B2167286546,0.15658596447950276
CC_9B23A2A8E40B,0.32564585957820613
CC_9B23F4DF4013,0.08430268836529956
CC_9B25DA0694AE,0.06010021995200334
CC_9B27CE1F22BB,0.046009852089819066
CC_9B2848E15240,0.059527358538248476
CC_9B2B1406B94B,0.18484503922357248
CC_9B2E3EC2D193,0.7321110997283706
CC_9B2F8167CB6D,0.3319041346918727
CC_9B3390A57B16,0.08059464475794645
CC_9B3F76AEE5C4,0.24888506824077905
CC_9B4084E04035,0.0691270828543129
CC_9B441ED5A9F7,0.1592441867263697
CC_9B442BD9F14C,0.17688144309075535
CC_9B48297FCE76,0.2052116718454382
CC_9B4BBE9B4292,0.09354051254767722
CC_9B4EE7104652,0.19368820652771362
CC_9B4F40D51210,0.132568845703531
CC_9B5204E6D766,0.1916205157182225
CC_9B53A6514133,0.2993513889254969
CC_9B553035A577,0.11296109148941302
CC_9B5AC5B90415,0.1389472068264888
CC_9B5C65CC0B17,0.24668058208258045
CC_9B5EF1DBF7B8,0.260078343268394
CC_9B64578C7CFB,0.21691946731420314
CC_9B64934CB771,0.05227140215531344
CC_9B66E9EBAE1F,0.1630661639182946
CC_9B67FEC26352,0.2201586183681566
CC_9B6AE4DA9AF8,0.4321631647946096
CC_9B6C98FDFC45,0.042903170873755836
CC_9B6F1F1D811D,0.1867604576899296
CC_9B70925287B5,0.15200558392376332
CC_9B71B2D75EF1,0.18559631008186567
CC_9B76D1195855,0.06928450297000718
CC_9B86CABE0D76,0.15155444034774543
CC_9B8756EDA273,0.09112614536061736
CC_9B8948988C5D,0.052296012300542025
CC_9B8979940171,0.6619243677989213
CC_9B8B3789AB86,0.14725397704544313
CC_9B8D8E5FF262,0.17257291834061841
CC_9B8E7080EAA4,0.17226394188770086
CC_9B92D1ED6BDB,0.07915099571279034
CC_9B9352FE593C,0.7341168626120337
CC_9B9798291FCB,0.09516344539586774
CC_9B984819E10A,0.15599797133229892
CC_9B98D755310C,0.11869514031628961
CC_9B9BAE3AFC1F,0.3185419356080007
CC_9BA196786679,0.060461927797393025
CC_9BA25541E1FD,0.03491868899538301
CC_9BA650B8ECE5,0.03850122412657754
CC_9BA674FB0F33,0.4022266329458887
CC_9BAA09933D00,0.11990815031855684
CC_9BAFB5996D09,0.045147649431965406
CC_9BB103CD73C1,0.16458282935596652
CC_9BB18E89EEDA,0.12610430209598122
CC_9BB2A41EFB4C,0.26331244788942254
CC_9BB6A7228385,0.044438185979422964
CC_9BB6F7219762,0.049184680930117367
CC_9BBE41330385,0.7303164527406727
CC_9BBE87990208,0.11503962233323095
CC_9BC22982509C,0.11679581415322923
CC_9BC3D103E0DB,0.22209183618956133
CC_9BC3F6DE3606,0.07656660294431326
CC_9BC8E6693A69,0.06470969067181925
CC_9BCCF360D38D,0.05361842459384976
CC_9BCD717701B6,0.08492171958123394
CC_9BD00BE180F9,0.15553327203743939
CC_9BD5182312A3,0.4174664534800076
CC_9BDB7AA1F4B0,0.15524179366987184
CC_9BDE04C705CF,0.1701296795514275
CC_9BDE0FC897DD,0.6440885233676632
CC_9BDE329D8CFB,0.35525697727361755
CC_9BE07796D896,0.7248512565339977
CC_9BE10C3CFDAB,0.1975990229042136
CC_9BE64542855C,0.2712002234582825
CC_9BEE34AFAA50,0.3598870148890125
CC_9BF1F1A14C05,0.20468771711912007
CC_9BF33E72349D,0.2658603388633992
CC_9BFB55A5040D,0.23692095755285963
CC_9BFE9A3FB158,0.1882371086935039
CC_9BFF6DA0D2B2,0.12539894577107408
CC_9C01D171DBA6,0.7283306775761026
CC_9C04763BFEEE,0.08963213685250748
CC_9C08C37C81CE,0.1084423087518294
CC_9C0BFA7E2991,0.16945897033607063
CC_9C19852A48A4,0.8030473245770438
CC_9C199E353EDD,0.16047879493459544
CC_9C1AE13537AA,0.05399866295586696
CC_9C1B2CE64CA8,0.06679045572664324
CC_9C2140BB2ADD,0.20274885844875296
CC_9C234B76E4B3,0.7362510781911036
CC_9C24C9B91660,0.6572037953056957
CC_9C26466CA737,0.4484297963310409
CC_9C28DC2FFEF0,0.0742339551144019
CC_9C29D31C5255,0.1383226586654461
CC_9C2D8B503348,0.0685097009268123
CC_9C31BD5AE1D6,0.733494207481366
CC_9C331BFEA7AC,0.3611994179338957
CC_9C35D406D978,0.16134797842800747
CC_9C3650660E0B,0.3126202428172118
CC_9C376770370C,0.7034222941809827
CC_9C3B71F64F12,0.045587483042431966
CC_9C406D376012,0.31631231837123874
CC_9C4306182754,0.22126677935283245
CC_9C44157D5072,0.2268359052985387
CC_9C45FB432343,0.15040876659900165
CC_9C47BC556732,0.7017244568930261
CC_9C4A51F9F04F,0.17696522281430793
CC_9C4ACAC8E73F,0.26105179315688
CC_9C56828085E1,0.3444789966181416
CC_9C5837F63D28,0.08303826581993505
CC_9C58EE7BED09,0.2792085527925107
CC_9C5C83607EF0,0.7507670701428324
CC_9C6137C2BEF5,0.15566705979028744
CC_9C627DF2CC56,0.053701986668976555
CC_9C66C64BB7B5,0.08383646180012817
CC_9C66CBB40EC4,0.1177186227194956
CC_9C6779CAB6C3,0.07180865374227333
CC_9C67D1CC8275,0.05387768162026054
CC_9C6AC57B7E4E,0.22587458327617133
CC_9C7031CFBB83,0.06863590269072488
CC_9C719C8C607C,0.06699472737655336
CC_9C72659A3BB7,0.11353508044572773
CC_9C73C764E4F2,0.07735706663171689
CC_9C7627C4A765,0.4168711216618791
CC_9C76B6E613D0,0.06862267466822285
CC_9C7BD8304E59,0.37190773985056624
CC_9C8015486358,0.04882948508178698
CC_9C89A28928FD,0.08330929306488097
CC_9C8D81E778A1,0.11672504818714691
CC_9C94CEE7BD5B,0.13171577820910166
CC_9CB317703AC4,0.16400950622460134
CC_9CB3D72E7D0B,0.09177565729209389
CC_9CB447157022,0.7191547752644116
CC_9CB48A26E9FB,0.07260043277320831
CC_9CB48A3E9DD9,0.23376431114756765
CC_9CBA916A1DF0,0.47546147260664195
CC_9CC887337701,0.08050459812830854
CC_9CC8939BCA77,0.08100915655236808
CC_9CC89545A8E3,0.10915202348731945
CC_9CC949E6449C,0.1044237342058177
CC_9CCA0686A703,0.19772460475787504
CC_9CCB2BEBEB32,0.04336739908004183
CC_9CD149D39267,0.29084128545204535
CC_9CD3C5F64161,0.7649939909960182
CC_9CD783423498,0.2658633489191812
CC_9CD92BEEA272,0.057051406842533556
CC_9CDBD909C3EF,0.09913831842827742
CC_9CDC18B9C1E3,0.1776581321775789
CC_9CDD8B28EEB5,0.6664940750762987
CC_9CDE5E0B8559,0.12448259636466226
CC_9CE2EDA65D70,0.169445368385135
CC_9CE497EA324B,0.6225234478648825
CC_9CE6B1B21254,0.10473073161728048
CC_9CE788B835E1,0.12104967165705886
CC_9CE88392B352,0.1305845523988097
CC_9CE88590F618,0.18830492490815534
CC_9CE8C22F29FC,0.04007299039304002
CC_9CE9AE4B2206,0.06992106970734564
CC_9CEA60F75AD8,0.14993747440121769
CC_9CEC8DE0172A,0.12844048438596717
CC_9CEFDDE317D5,0.1289057493305352
CC_9CF202A17471,0.08755461129206513
CC_9CF243228EA1,0.2984934212520115
CC_9CF2997B3B24,0.07070568232965702
CC_9CF5BAB5D26A,0.15946299213944617
CC_9CF62798EFB0,0.10616023469178604
CC_9CF7AD1DB24C,0.18909399307223243
CC_9CF8300389CC,0.5115634661317255
CC_9CFB80F3A210,0.17567512566157018
CC_9CFC8EA7BF60,0.22905995111085087
CC_9CFD9E07819A,0.10076167336356308
CC_9D00451963F2,0.11947715960141551
CC_9D02B3E3D6FE,0.195292286007606
CC_9D02D44DAF8D,0.12037045185914781
CC_9D0B27BABFBB,0.2450859504975421
CC_9D0E06BFBE11,0.19276874198203084
CC_9D1126E72459,0.06026578199152268
CC_9D13B2D2732C,0.11926256929600998
CC_9D15D68BE578,0.09665018540033843
CC_9D1BD13A743F,0.7355347926447113
CC_9D1C7C15A448,0.11626271068483515
CC_9D1CA386117C,0.19458469820054458
CC_9D20FBA95460,0.15151996818014704
CC_9D24E2A9FCD7,0.22196343126440002
CC_9D25949972F0,0.06248044451157925
CC_9D285DDBEF8A,0.19648423132263662
CC_9D2A06882569,0.22862099902890054
CC_9D30B34D6B1F,0.09207596692455002
CC_9D31FE51E80C,0.07908113274248377
CC_9D33640BFCBA,0.11742456347418946
CC_9D37A45A16E4,0.41158768108456656
CC_9D38EAA569A4,0.5209216515566532
CC_9D392D897F29,0.11896449869236156
CC_9D3AC30EEC47,0.5043511478083952
CC_9D3CC7E49822,0.18392139946302516
CC_9D3FAFD6391F,0.05917413786373669
CC_9D4020A49039,0.1407472595221814
CC_9D406214D77E,0.06552388002080001
CC_9D42EB028AE1,0.20207563689909783
CC_9D46F43F9553,0.06103868851502427
CC_9D49294EAB0C,0.24501175893881882
CC_9D5339526437,0.2838812141276196
CC_9D540A062C2B,0.10774977189696519
CC_9D5422AF8B99,0.5433372789225209
CC_9D56AC6B321B,0.6951564282996617
CC_9D57CD8C4613,0.1007960054495238
CC_9D5930667E99,0.7036595206552306
CC_9D5CB76ADE04,0.44310408034979726
CC_9D5CC8084D78,0.2029354778305529
CC_9D5D14B721DA,0.20589154566331214
CC_9D5F36525140,0.23534914281789213
CC_9D5F6985E119,0.13287504282081217
CC_9D63ABB00174,0.745278957067752
CC_9D65557F4979,0.15485612610431515
CC_9D65A5F81495,0.07423854537635827
CC_9D67DA45E448,0.11169947014250622
CC_9D6887CBD18F,0.09220363515451631
CC_9D68D7DF2A50,0.0844097316431559
CC_9D6B12E75B52,0.7117236563158358
CC_9D6E3FF2B0EB,0.04373632551053555
CC_9D70F7466A94,0.2018568187512506
CC_9D7139618AE7,0.10201002085004438
CC_9D71ADBDFA13,0.30062688747014027
CC_9D722A4A81B8,0.3022410149783549
CC_9D723B00AEBF,0.6430924799435683
CC_9D7291C0E107,0.19962572412871687
CC_9D792DDC1F8C,0.13198599553201978
CC_9D7986ECBADE,0.045397233761494384
CC_9D7BA6C8307A,0.7624433739606181
CC_9D822D534045,0.10516904881770392
CC_9D87ED42638F,0.07882823388594655
CC_9D8CB0B558E6,0.17179600875701923
CC_9D90731662A8,0.06139518547323526
CC_9D942B8A4393,0.10405908353674162
CC_9D961AAC9B69,0.0474326832213514
CC_9D992EAC4590,0.20184685107953432
CC_9D9A50EC3324,0.04863767584990391
CC_9D9B294434F8,0.037200045301151376
CC_9D9F0DDCC96A,0.07579047726599512
CC_9DA0974A51A1,0.22282616947110437
CC_9DA21688B6F6,0.359171140092599
CC_9DA23C9BBB35,0.781066501745299
CC_9DA47615A269,0.28909205963955775
CC_9DB369E985E0,0.16530419807581487
CC_9DB546454EB1,0.16023096970359138
CC_9DB739C2A607,0.16148858383194428
CC_9DB83DB8DF18,0.2626097914906259
CC_9DB8F92EBE16,0.2129021391678752
CC_9DB99180C972,0.3130900499307912
CC_9DBB3F34A6F7,0.09156532642737884
CC_9DBD7E118D4F,0.7847587122697843
CC_9DC34B17F9FD,0.532231224055524
CC_9DC3D3957591,0.19211362225809903
CC_9DC426EF6ACF,0.08516671036386544
CC_9DC7C79E24A9,0.15943157578267683
CC_9DC8EF74B126,0.08975247831076104
CC_9DC92AEB0655,0.06985928155843951
CC_9DCB4CB35574,0.7454556988043382
CC_9DD0460ED2B1,0.13059915981146
CC_9DD1B046AB9E,0.11680795053449192
CC_9DD764583F0A,0.11684650406681756
CC_9DDA29C8ED24,0.11717567265131006
CC_9DDCFECDA0B5,0.11356676746433167
CC_9DDD362AE122,0.14951124803079124
CC_9DE99ED8D28E,0.07624148542425876
CC_9DEA2B80662E,0.11806412835406502
CC_9DEC41D17FBE,0.062145824854434775
CC_9DF3BA3EA596,0.0995074850931005
CC_9DF79C5C8D79,0.08017794833056666
CC_9DFBE5C21298,0.7168052700318006
CC_9DFCADC4DEF7,0.35423040208376644
CC_9E014E433105,0.08704070010034656
CC_9E0308832036,0.3543664586486116
CC_9E03721B14E5,0.42136797060945225
CC_9E03C53AD305,0.5692721457881456
CC_9E09D7153D29,0.1439715521470518
CC_9E1727F8DA6D,0.08904270662512645
CC_9E1BABD6299D,0.2598678930870338
CC_9E1E23E7B1E5,0.09908008825953221
CC_9E222FF012D5,0.042169563203981866
CC_9E26D84C6DF2,0.17505291114424731
CC_9E275BA452F7,0.13285740674159266
CC_9E2C95DAB885,0.7389570979456451
CC_9E35D2CCF910,0.1361257577887052
CC_9E387D83515C,0.5272768298148081
CC_9E3B550BAA15,0.3171729167518301
CC_9E3FDA2E399F,0.0998580400182013
CC_9E42E82413D7,0.38388870482845666
CC_9E444A497CC5,0.08542131742174884
CC_9E44B171E894,0.04179957459302559
CC_9E44C8EF16E4,0.13763653275481869
CC_9E452B2FC276,0.18140148976544243
CC_9E4C44186363,0.05157566000422723
CC_9E4EC4D9C2E8,0.2345915862027892
CC_9E517C326CC3,0.08788633463485943
CC_9E53FFFAD9CA,0.17871565482836044
CC_9E581437F17C,0.10045065152989956
CC_9E5A0DEA49C6,0.4882335253235245
CC_9E5E939F9FB0,0.30881973508823257
CC_9E62823A90C2,0.1733876476234663
CC_9E6304C66FD4,0.106054543174891
CC_9E63784F66B4,0.08583555151887495
CC_9E640ABA710A,0.1951509252058465
CC_9E6D11B5AB9D,0.13762534523928593
CC_9E6DBE1A9701,0.11530944941400534
CC_9E7128150BF7,0.1096166719327701
CC_9E72B01FB9F7,0.23552294671724172
CC_9E751ECB60DD,0.11683898124192607
CC_9E767C5EE6A2,0.4446274748362987
CC_9E7CCECF8F7C,0.5077919704320772
CC_9E7D0B51A32A,0.3236812998569111
CC_9E7F36A74EE5,0.0701111878606631
CC_9E7FA65FF64C,0.13417412559324995
CC_9E8140AAB56A,0.2928813148591486
CC_9E82710E6958,0.05777480993149577
CC_9E83AF014857,0.09957744593240844
CC_9E84BAD79417,0.10765485327650266
CC_9E8794D39D5C,0.1437255857686742
CC_9E8F2DBF037E,0.6959709327771962
CC_9E90F705BF65,0.06447553055183194
CC_9E937FC9562B,0.08412634168201907
CC_9E953DF5193F,0.07615639874474125
CC_9E985B92B611,0.6093253646304716
CC_9E9CC3335C02,0.10180078833403834
CC_9EA121EF6A43,0.06637915986807882
CC_9EA839AD17B6,0.07984780006548026
CC_9EADAFFEECD4,0.5919874500516134
CC_9EAE1F955671,0.15822980741652753
CC_9EB222A03CFE,0.12054555918235084
CC_9EB69DAB32F8,0.4287061957156878
CC_9EB969000F94,0.24772718973867533
CC_9EBB4D545637,0.09281237602923233
CC_9EBB7363F42B,0.19605889124955095
CC_9EBBF46FF28C,0.6731640639254868
CC_9EBFECF4ACE8,0.1903744018330918
CC_9EC11E291320,0.05428774411179636
CC_9EC15499F045,0.06127445533785099
CC_9EC26468024A,0.2785957749764236
CC_9EC2CB942B92,0.1460999192992473
CC_9EC33225A3AD,0.10712701618735473
CC_9EC493F8E7EA,0.1838043691345569
CC_9EC645148467,0.3547249626017412
CC_9EC72DE5CEEF,0.14614240401239245
CC_9EC8CE9A80F0,0.6190933791229021
CC_9ECA0733B697,0.09295409860055151
CC_9ECAE06E13CC,0.14165642187230965
CC_9ECFCAD82631,0.6498477468552483
CC_9ECFE089F961,0.1899685747464835
CC_9ED137AA9181,0.06547742688485332
CC_9ED6126FF62C,0.664669424530823
CC_9ED723886A5C,0.7528035253236162
CC_9EDB0732539E,0.03558858900430876
CC_9EDC13E1011E,0.22228898220361973
CC_9EDC8A45DC71,0.12887170272933146
CC_9EDF235CDC5B,0.03649628096175782
CC_9EE13452E788,0.1741488362194208
CC_9EE5567C1EA3,0.19876477951301486
CC_9EE725748ADE,0.12359557726418662
CC_9EE7BC10C783,0.13047111162423222
CC_9EEEE940F2EE,0.6001445183784485
CC_9EF008068A5E,0.15534523378198073
CC_9EF7135FBFE7,0.09656267006358286
CC_9EF79EA0F1D9,0.19900887481380375
CC_9EF82170CCE4,0.061173697057154516
CC_9EF9516F64A8,0.24704024298258295
CC_9EFA132C45E6,0.12085182992571193
CC_9F01B54C156F,0.11656019756626387
CC_9F057B03EF57,0.2338678259429709
CC_9F0AE77D13C0,0.0640449823335775
CC_9F0C205896F7,0.2569259526629245
CC_9F0DE98C3912,0.09867747044873393
CC_9F13B8D3677D,0.1549599566240723
CC_9F14D0B54497,0.1798545864073082
CC_9F17F9ADBA8B,0.1876348557991913
CC_9F1B53C05454,0.053065120284650616
CC_9F203DBBA45A,0.1625086767526777
CC_9F20994ED92D,0.5482531995634938
CC_9F245971FC41,0.1159424491129772
CC_9F2679FCC755,0.2553406767830369
CC_9F27D60A1F12,0.15625767191503911
CC_9F2920D0AA77,0.1374425668916444
CC_9F2B1E636BB6,0.5283160751450644
CC_9F2D4DD6AB31,0.8057610464310304
CC_9F2DE2E500EB,0.06719229606073032
CC_9F348ADA8D28,0.6015514917642688
CC_9F35D24D18CE,0.05605894548553646
CC_9F369F409A53,0.3559389023588161
CC_9F37AF9B17C3,0.05480183056569197
CC_9F383D2CF422,0.03971834953972582
CC_9F406B1FB4D8,0.7514743253354379
CC_9F40CEAA7DC7,0.05571094208327837
CC_9F41389F96E3,0.27186758460343496
CC_9F431E9F0494,0.0892371354021388
CC_9F44DD8D1BED,0.15209352925784242
CC_9F48F6C83874,0.4160244528752159
CC_9F495F711BAB,0.13175689872534307
CC_9F49F6A887E3,0.27254773118231534
CC_9F4A400A6800,0.32219185205375467
CC_9F4ABFE525FC,0.09072940798470455
CC_9F4B3729D4A8,0.07616912244859
CC_9F55DC90EE6C,0.08141761833104373
CC_9F55F525309B,0.08614093841195126
CC_9F58FB2C9DC5,0.20520658630741656
CC_9F59279A9685,0.07064291808251369
CC_9F5B4D6908AD,0.09122098774387477
CC_9F5BAC8143BA,0.7072760132058431
CC_9F5BD8F0D7CE,0.03319659557503536
CC_9F5F3F22F232,0.15492683727905313
CC_9F62AB59F8B6,0.13266042051759433
CC_9F62EABB0D35,0.1259468287847621
CC_9F649F26B0FE,0.07250593916744538
CC_9F6633E00146,0.06097053207825496
CC_9F69493C23C5,0.13516900259684758
CC_9F70A9342A89,0.3658476001872761
CC_9F755D11D8E9,0.28599148414296466
CC_9F75D3D63EB8,0.21165068295707457
CC_9F79F73AE068,0.11343432432925471
CC_9F7AFBF20437,0.14274245551334103
CC_9F87C9C02C08,0.07525575552784702
CC_9F8840EA3C98,0.2432272716152711
CC_9F8916793C27,0.4552886932287385
CC_9F9040650E77,0.20046025119840788
CC_9F90E0D9A59B,0.29786361935107725
CC_9F9AB637C0B4,0.10476144736756361
CC_9F9B6A14E19D,0.0992585646598736
CC_9F9BDAA0B7B5,0.37506667553391093
CC_9F9D7004501F,0.3363706303223946
CC_9F9F8BEEC999,0.04578504437756221
CC_9F9FC61C7F87,0.08028609361120934
CC_9FA01D75A9DA,0.19585456390571002
CC_9FA2A410E67F,0.6792957040834363
CC_9FA33E547194,0.2630485787317772
CC_9FA945BBD722,0.13324674004774817
CC_9FAD62141314,0.0783846301145092
CC_9FB0EF675E75,0.044872018375410855
CC_9FB24F8CAAF2,0.10674151356700001
CC_9FBBC4FF2D18,0.12958239225361534
CC_9FBD9E214093,0.10548322625095899
CC_9FC7DCDE8C25,0.08239956648529277
CC_9FD58E2A95A5,0.1037617431128
CC_9FD5A5F93F8C,0.19374183363266367
CC_9FD83D18C2A8,0.10461155133230542
CC_9FD8546C475A,0.706615756127053
CC_9FE0AE4F52CC,0.10669814210633015
CC_9FE116774DA8,0.3044064360920985
CC_9FE28E4B7E3E,0.19660156684902222
CC_9FE47D2ED368,0.1417848624751993
CC_9FE75ED0C943,0.3498480303140265
CC_9FEAA06B9E35,0.6193320055642836
CC_9FEB836B934B,0.23496615674704663
CC_9FEBCC4E999B,0.12994414321324785
CC_9FED144C936D,0.037461546973940794
CC_9FEE0187572C,0.772491100144889
CC_9FEE6CDA2DA6,0.09366443014565771
CC_9FEEDCD5DFF2,0.09128463416528262
CC_9FF10DC1678B,0.045660590250329605
CC_9FF192908F43,0.15788460009211097
CC_9FF24477FCCD,0.06707385740353018
CC_9FF647C08CD4,0.16912841151543623
CC_9FF78758814F,0.056992882995005115
CC_9FFCD19682A0,0.2165834789536718
CC_9FFD7DF7FB3F,0.24640450063439504
CC_9FFE8FEFC155,0.47832972039178456
CC_A00076547C2F,0.14917335145375937
CC_A00257DEE22A,0.6451325876693506
CC_A00C38BEECEC,0.1911839837115127
CC_A0177C988696,0.18064345935436116
CC_A01921B88702,0.14658899294937167
CC_A01EE5E51E41,0.7115737173471618
CC_A01F0103D8C9,0.09401999814268162
CC_A020A3819D75,0.12937865776281982
CC_A023208A4A26,0.1555057049500751
CC_A024BFD41F34,0.2441706865920187
CC_A02AD4F9A643,0.18492089282518304
CC_A02E1DFE4A64,0.06155038930494182
CC_A031E30A662B,0.06539033429511312
CC_A03776C67FA7,0.3468157679851541
CC_A037E2C52B4E,0.139299227273954
CC_A03AEB0E1760,0.2068115538803156
CC_A03D937198A8,0.2503999276996966
CC_A03E701846E7,0.7331040102585977
CC_A03F4C0B07CA,0.25944546998751833
CC_A042BA16FECF,0.4731785043501892
CC_A044D66612F2,0.594200155053859
CC_A045B09F6EAA,0.684240195975805
CC_A046192B46C8,0.19631736337033784
CC_A046A1544573,0.2426484581096895
CC_A047E070541B,0.20265111288225146
CC_A04ABAF40EFD,0.55735351029841
CC_A05CD939476D,0.6267871682677129
CC_A05D2654B3A3,0.17618446651248446
CC_A05D74464FFB,0.08830183349387477
CC_A060285FF96A,0.07359430395657758
CC_A06376D82D25,0.23193957909246082
CC_A0645F5AF58D,0.20087807858606657
CC_A0677817137C,0.1964166502414878
CC_A06991663AD1,0.10363247814489862
CC_A069D3E9EB07,0.20491663835092394
CC_A06A11670A08,0.12826308760375876
CC_A06B43580DD0,0.7096476539587255
CC_A06F59A6EF94,0.05548730521280988
CC_A0749115874E,0.12603358723146788
CC_A0778B69E422,0.7285436173736477
CC_A07899031196,0.046835988331284606
CC_A079B634D2BD,0.179625884755344
CC_A07C4787AE77,0.20679897851000367
CC_A07C7C7E104A,0.06011515663488831
CC_A081F3FBBABD,0.12936487761423304
CC_A08484508A9E,0.2677143634191962
CC_A087FDDD2F02,0.13725213986776003
CC_A08B1658C8CF,0.0394463446979533
CC_A08C8D57CE21,0.2436366818399814
CC_A08F3E4EE5D4,0.20551176001996002
CC_A090F6EAE928,0.13877099543912502
CC_A091A3E5F3C4,0.05529009266159166
CC_A0942871BCBA,0.13348552249415785
CC_A095F357AD89,0.7417159457741767
CC_A09C72E3091D,0.07128051427841578
CC_A09D644502A3,0.04258714944358309
CC_A09DB9EE19DF,0.18958591917141704
CC_A09F36AB8E5F,0.20307463646409799
CC_A0A45350E7D3,0.2176022855986448
CC_A0A4FD2A6757,0.16603861064488834
CC_A0A6F0D40A79,0.09959839697361572
CC_A0A765093619,0.08480243894758135
CC_A0B00F49D937,0.05669450010295235
CC_A0B7587E037C,0.13615750481285557
CC_A0B7B74B932C,0.18803879077372124
CC_A0BCACCEBA14,0.2715128138186924
CC_A0C2D81DB02A,0.07575427939058235
CC_A0C4251A2863,0.6795132862870733
CC_A0CACB03A807,0.07968720115669914
CC_A0CBDBFF6FDD,0.16939428936515655
CC_A0CF29508DD2,0.4719999907713057
CC_A0D81A970FD4,0.6955673052893014
CC_A0D88F5E92BD,0.14009026640125338
CC_A0D8A53D2251,0.15233789561192795
CC_A0D9F79F77D2,0.15582785498993157
CC_A0DAA7F13CFA,0.1740533151829744
CC_A0DBFD3321A0,0.2527076509620098
CC_A0E1E2546193,0.10439360930651764
CC_A0E2DDA8FE0B,0.16367751353890295
CC_A0E41A9830C3,0.2276990604541111
CC_A0E41F756DD0,0.05184680943086173
CC_A0EB975F6CA0,0.47730218726345497
CC_A0EFEED31289,0.09784797165804032
CC_A0F0550DA758,0.5906450246232274
CC_A0F1B74A788A,0.12654966505896123
CC_A0FB218D53EB,0.15594284772958653
CC_A0FEF1BEF881,0.2001638252709485
CC_A0FF9B16D418,0.05749920853226542
CC_A100CA7FDD05,0.5539476932489761
CC_A10255779041,0.25746852397132014
CC_A105612F584A,0.13447873527432905
CC_A1069B332F27,0.6507766057673041
CC_A10C249E1EEA,0.6545906276555884
CC_A10E009249F3,0.10858767671970085
CC_A110193A9E3B,0.09191122762148793
CC_A113569105EC,0.7094117028104758
CC_A114B0CC080B,0.22879155808851745
CC_A1168D8354DD,0.17641945950741583
CC_A122422BBE90,0.7357429883911093
CC_A122C4547EB7,0.697102206217726
CC_A12985A180C5,0.4971388761391998
CC_A12E76F00A2E,0.43796903848271657
CC_A132DD0CAEAC,0.09479715565329862
CC_A13B0FC4D057,0.1505721838328054
CC_A14482A0BD26,0.08532352527389567
CC_A14585B91240,0.18287365277973966
CC_A147988BC57A,0.049498950038407805
CC_A149797BDE4E,0.16025129809005242
CC_A14B2D6E025D,0.2708479833698293
CC_A14E2B7C9D82,0.07549093115405368
CC_A15004C32604,0.07340561393857875
CC_A1510E5D97BC,0.06967420685805459
CC_A155FFA98586,0.3006750026353634
CC_A15611440745,0.13309456432340924
CC_A158425258C5,0.26262110062500477
CC_A15EC85906AC,0.20695034340560725
CC_A1609AE0B98E,0.15410635565169684
CC_A16310BD88CF,0.23947231386677084
CC_A16469AD1F28,0.16065062776866434
CC_A1651ED58BBB,0.21536712027771934
CC_A170726ED59A,0.229356559211286
CC_A1717F6E8656,0.0891199018167685
CC_A1745EB5F303,0.05699451784861627
CC_A174D581C0D2,0.23297115273889193
CC_A175BA25B185,0.4356867406180666
CC_A17D411D1697,0.14522938287796
CC_A17ED5AF377F,0.12672931420973305
CC_A18043F74A11,0.0605554472528035
CC_A1847FC33103,0.4189766762268762
CC_A184A6FDC7D3,0.23473547073421136
CC_A18561B8FFB9,0.45643292545871567
CC_A186491DC7EE,0.10219942276276009
CC_A1892973664C,0.24075014310295187
CC_A1904F21FBFB,0.11284258324231526
CC_A192DDD5CC0A,0.3120804703516553
CC_A19559E9B538,0.07663945181611195
CC_A1957D6E4BD0,0.100451346085859
CC_A19740A717FB,0.35523534590658834
CC_A1994DFFCFF0,0.061434250577184026
CC_A1999C93F3B0,0.12524587482314348
CC_A19E883431B8,0.16043102049398422
CC_A1A462BD6A07,0.051639681853388644
CC_A1A741CD60F7,0.06437335185933428
CC_A1A81354A717,0.30922889402917375
CC_A1A987EB646E,0.0672028260663382
CC_A1A9FE990355,0.05804077618932439
CC_A1AA6995BA64,0.5214208271132921
CC_A1ABAF8CD4A9,0.141274670234075
CC_A1AF5C01DD98,0.6993475170660317
CC_A1B0416C90D3,0.16740021070221428
CC_A1B17C8DCE08,0.14613307742202503
CC_A1B2B1D093FA,0.22614514075516637
CC_A1B5474FD89D,0.7426609712674409
CC_A1B671E70E27,0.09298125887902976
CC_A1B79FC45F24,0.6829141724179657
CC_A1BAAA69BE69,0.14438856414401804
CC_A1BBDB6B7CA5,0.1257695779229459
CC_A1BD42A1E57B,0.3558433729225829
CC_A1C32FF49003,0.42349715246908276
CC_A1C4EEFC5833,0.25732486304142166
CC_A1CB39F393D7,0.11950060521768129
CC_A1CC033D3287,0.15257809537052433
CC_A1D10B8F3C6F,0.11177364575471589
CC_A1D2306A459F,0.6941791060003989
CC_A1D40F8336FE,0.04166783415139928
CC_A1D755D7B142,0.20399897439719034
CC_A1E0659D5A18,0.17241860285351598
CC_A1E491E4AF1E,0.7347152860310502
CC_A1E6E37758B4,0.05611406396852826
CC_A1F54C36E6F1,0.2657213486461876
CC_A1FF8AF6AB4D,0.7257042481303414
CC_A202FEFA44EB,0.055774202656490045
CC_A20D773F873D,0.1591834424489915
CC_A2111AB6EB5C,0.6635214325358436
CC_A21AD79ADBA1,0.7651671370973028
CC_A21C5FF7FEC4,0.21851886537190746
CC_A21E9F7D4D4D,0.06671835506118998
CC_A226BE00AE16,0.06208994498448994
CC_A22B9D2A215E,0.236559148881809
CC_A22E31315E8F,0.10785356139259679
CC_A22FDD13D5AB,0.13852175730427754
CC_A2310E71CE2B,0.08387464000173075
CC_A23375D49BF0,0.38712126456004164
CC_A2354EBD0C42,0.4274410196892305
CC_A2358286714E,0.14196131128105643
CC_A237BB3C768A,0.08381142962143191
CC_A2383231A5D6,0.046424394266438164
CC_A23863E8D43F,0.7652940208632427
CC_A239602E41D3,0.2874931111879757
CC_A23A66A57A1B,0.20171677194858675
CC_A23B9FF9824E,0.450840665856375
CC_A23D023AF269,0.11509944480423051
CC_A23EC3FD43DD,0.7276259792017339
CC_A23F1B555942,0.042913055521539276
CC_A240301CD523,0.08547701658898985
CC_A2476B31E7C3,0.3422237538404064
CC_A249AA2649A4,0.05579188396152314
CC_A249C4D53ACC,0.10118590372102672
CC_A24DBE3D0F57,0.08330023304853867
CC_A25132EE5111,0.11636169182925668
CC_A2518D6C2ABD,0.7139878520916703
CC_A25190C7B059,0.24578680369403375
CC_A257D5867524,0.1347891221282425
CC_A25852493328,0.3899706394405277
CC_A2594DB3B9F9,0.27399338440209503
CC_A264061E78D6,0.1602841029991316
CC_A2641AE7D8AA,0.7647647554466084
CC_A26496D4D568,0.15734739991132413
CC_A267E7A68736,0.11636427501196442
CC_A268CBE0AB4C,0.6632933140680848
CC_A26A283CD173,0.03807357682791092
CC_A26ACF533A41,0.06845577833274358
CC_A26BC4826B78,0.13482214037414864
CC_A272B871D28B,0.08836088412894284
CC_A2776A33D076,0.15169585924684462
CC_A277EA972FFB,0.10255948343932478
CC_A278C700132D,0.7600089021089957
CC_A27EC3D72ED2,0.39997501458997153
CC_A2845772B9F7,0.5696004132075794
CC_A286868A5AE8,0.05381917278466168
CC_A286AC7B3762,0.12363624172281946
CC_A28CC618E6AA,0.6701591022583802
CC_A2913B5BA715,0.15004662247366535
CC_A29250B498C1,0.18795801105987195
CC_A297A4764F7E,0.08052111624137621
CC_A29B11D20370,0.6242375330199796
CC_A29E4FCD4E3C,0.21253823642347366
CC_A29EBC439250,0.715636360191097
CC_A29FE8A262E6,0.16963326987709956
CC_A2A0DEBD3017,0.5481824197582066
CC_A2A407581E94,0.05184966793200926
CC_A2A87A9190BD,0.15750639862856683
CC_A2A9503F36DE,0.06314252657381972
CC_A2AB8AF2B24F,0.11666329879322504
CC_A2ACDD16378F,0.09286773180572455
CC_A2ACF2FDAB55,0.1524134576241643
CC_A2AD966B7F80,0.04189176352243041
CC_A2AE841571F2,0.17408456964825514
CC_A2B9603A6636,0.3259437545853548
CC_A2B9D639C0DD,0.16115677955114657
CC_A2BA5E7284E0,0.06446349174886494
CC_A2BA5F659B70,0.12271675707006395
CC_A2BBA0698B7F,0.09288075411171333
CC_A2C0DED2DC3B,0.08139106652449414
CC_A2C1CD59F752,0.053662765077619044
CC_A2C1E36A8A2F,0.04772760058995417
CC_A2C577469B62,0.4129749386927813
CC_A2C927B26917,0.1302428567738939
CC_A2C9B277557F,0.07239815141212941
CC_A2CC027F2D68,0.43765874745702565
CC_A2CCDCF1BFC1,0.1054798166674232
CC_A2CD720E516C,0.06588003268232365
CC_A2CDE9078819,0.285660999112445
CC_A2D2D31A97B4,0.15247811674073766
CC_A2D34322871F,0.13804517685047737
CC_A2D5468BFA50,0.7895115487223354
CC_A2D69E1A10F3,0.4342512552147264
CC_A2D6A90249F4,0.2772845482580243
CC_A2D6D0504DC2,0.11212575587809617
CC_A2DA90809F07,0.06363100127829872
CC_A2DBB2CE2E8B,0.1716043035567914
CC_A2DDCFEE582C,0.07899157741857327
CC_A2E54D59B0C9,0.09687385336107139
CC_A2EB35AA3D98,0.05772061206607747
CC_A2EF4A67A32E,0.4641919640810631
CC_A2F1440FE670,0.4999522349205442
CC_A2F616069E5D,0.055522106047915666
CC_A2FC08088C89,0.4841268404714151
CC_A2FE1DAA6221,0.6287214556857591
CC_A30789C14932,0.06982746694204105
CC_A3089685BBF9,0.5493403239922454
CC_A30ECB8A648D,0.07109259202978539
CC_A30F5A41F244,0.13301075908005283
CC_A31102179CBE,0.1747780518643676
CC_A31137913F93,0.047702899254104286
CC_A3129F2EF63D,0.13342524748798207
CC_A3150CAEF642,0.07520214690579875
CC_A31C94B91C46,0.20844374394681636
CC_A32B9FD60B79,0.06879652445715403
CC_A32C1DB731DF,0.5692497219482009
CC_A32DE4EFEECE,0.0742421770270544
CC_A32E203FFFE4,0.07143265219977495
CC_A33108E01C4C,0.0976433280236653
CC_A334D0731C1E,0.6404860234611088
CC_A3399252F25B,0.2377247022624668
CC_A33997BF4366,0.4651082586801866
CC_A342F1D3FA5E,0.08770736843883868
CC_A34384A0E0C4,0.2617557045079869
CC_A34BBEE4C63C,0.05190571549424272
CC_A34DED1110AA,0.16359884602105723
CC_A35544E09F1A,0.08311418838296156
CC_A358BE4C2361,0.08392830911133681
CC_A36EBBE8B36B,0.6950424112728049
CC_A37132C63392,0.32865687822160145
CC_A374CA95C4EF,0.19799851023601195
CC_A3780D125466,0.17521293756934556
CC_A37ECB1F3F80,0.11632640267256711
CC_A37EE84825B0,0.14555226911771568
CC_A37F122D9A31,0.18412875513048182
CC_A382FE7335DE,0.19944451135461555
CC_A384179F5B92,0.6539767771078859
CC_A38AD6806D9B,0.0718632590561438
CC_A38B409D1048,0.09859133974417526
CC_A38FA9D4E637,0.33106976332141647
CC_A39320C8976B,0.4882232119735662
CC_A39327A8CCC8,0.6059568137278519
CC_A395B1C3BA16,0.1310546356178071
CC_A396423C4FB2,0.15211509187595684
CC_A39E52B5A051,0.0996383090410479
CC_A39E908C706B,0.3098261330042073
CC_A3A54FF82ACA,0.6863106693212461
CC_A3AA95DAF674,0.46923790771490026
CC_A3AB79E3D8DA,0.17864736406284926
CC_A3AD43A5A22C,0.27238792214521873
CC_A3B0FF101831,0.687520028541839
CC_A3B1DC986F19,0.11849723439220591
CC_A3B5C32DD2BB,0.5297612198852133
CC_A3BD3739ECE0,0.06102357270523714
CC_A3BE534ED4F8,0.3157470240869151
CC_A3BE76950825,0.23892857515349714
CC_A3C4CF63BE16,0.7064756889414252
CC_A3C6CF5416B4,0.22676824454389824
CC_A3C82B8F08FA,0.20311628169221962
CC_A3C9178A2115,0.731759291510704
CC_A3CC62C5DBAE,0.08544345034724314
CC_A3CEF5BCAE57,0.6619823395916047
CC_A3D07C111C11,0.1431662396826718
CC_A3D35A503687,0.12033936857783915
CC_A3D3C8DC6028,0.226743986046394
CC_A3D3DFED384C,0.13737474916251546
CC_A3D443FCD541,0.15838421105404696
CC_A3DD7460435A,0.08640557314134892
CC_A3DEB9D8EAE0,0.420966685831221
CC_A3E2859518D9,0.2826577698815058
CC_A3E5E7F85B42,0.2614031357083676
CC_A3E747EFFE14,0.03927641408077209
CC_A3EE4C5F0F0A,0.04214958033215223
CC_A3EE7106C72D,0.07064526672541775
CC_A3F4D15BEEED,0.07325627313725719
CC_A3F4FA143CB8,0.7024843481933183
CC_A3F6E7EC89B0,0.37124256875349365
CC_A3F7EA5519D8,0.06347539026204682
CC_A3FB28F476C7,0.7504528174733794
CC_A3FC9B7A0340,0.5115229899973796
CC_A3FCA6A49D8F,0.3272492950948943
CC_A3FE24570DCD,0.14317310827159538
CC_A40999CD297F,0.24818593429176258
CC_A40B832BCD22,0.24031992009653794
CC_A41754781477,0.14052199220814618
CC_A41822D3D358,0.5864854813473024
CC_A419B5CD47DE,0.247378898807645
CC_A41AC6F8165B,0.7180671800539289
CC_A41CFF0CE54A,0.13958612048890345
CC_A42117CADE01,0.23631251718954438
CC_A4244E8980E8,0.14590832448436825
CC_A4257D3FBE29,0.5879882510929417
CC_A42915E85449,0.6142586962227976
CC_A42B7E4AE9C3,0.16953857578362286
CC_A42C4A4C504D,0.037107575056125205
CC_A42ED42F5DD3,0.02834566614436359
CC_A43B817DFD0E,0.18534426004791088
CC_A4424F4ACCE1,0.04488823086341949
CC_A442D4A119BE,0.0783829432454753
CC_A446346D8397,0.6273053621206521
CC_A447A101DC82,0.8192226100196841
CC_A4485E25FF28,0.08078753785393697
CC_A44CEBD27FFE,0.3449324024523603
CC_A453E022D065,0.5583800293310742
CC_A45430CC622A,0.18347866375538063
CC_A4557E79AE4A,0.10283150184448793
CC_A4565889DAD3,0.10176920301082763
CC_A459EB511304,0.13885924376186926
CC_A45A1B64F49C,0.08128890844373751
CC_A45CC435976E,0.6970548300972768
CC_A45E655B2096,0.04662044629615779
CC_A46C005D263A,0.21363479124663703
CC_A46E74D7FF7B,0.12124392685755217
CC_A46E9DC2E8E7,0.13937836207000365
CC_A46EA37479B1,0.12741562298704434
CC_A479ADA44C21,0.07001183382211967
CC_A47D7A3745CD,0.09502720136144113
CC_A47EB83EDA0E,0.07723483010347958
CC_A47F65E97628,0.19419471286344323
CC_A4855A34A78A,0.39976613897754093
CC_A4861A8E8AFD,0.09766137394845403
CC_A48BA5D90435,0.13601318382483557
CC_A48D661F7E43,0.12715711850699096
CC_A48DB5437A6A,0.10188199375207488
CC_A48E0388C515,0.2770741531676136
CC_A48F22B0E162,0.046296751364054825
CC_A48FE0B7D698,0.46633112070416105
CC_A4901F6A578F,0.08467955236232946
CC_A490541E470A,0.0999084686532761
CC_A4905748A0D7,0.2707095583456737
CC_A495E8B8AACA,0.12701958327929386
CC_A498DF13A10B,0.14177184560582395
CC_A49904349C5A,0.032558155341564206
CC_A49E1B03A322,0.28407175585073535
CC_A4A0D2D453B8,0.16490871271729493
CC_A4A55B94CCAE,0.16808451199405888
CC_A4A639E2ECB4,0.6546640689977553
CC_A4A6601EBFD5,0.06270799699823953
CC_A4AED565FC1D,0.15487329228114968
CC_A4C06A7E23A8,0.4104801371465226
CC_A4C14F06C836,0.2067337222423121
CC_A4C275993EE4,0.07911122112554267
CC_A4C50DD64E6C,0.08606056963321032
CC_A4C5CDBC5F1E,0.05210451175985632
CC_A4C61F62AFF2,0.06532083686321105
CC_A4C7A5C7E5D8,0.1631889413534368
CC_A4C811FDF5CC,0.1981032880896879
CC_A4CA27C91B3E,0.09620026151935133
CC_A4CB908087AD,0.11565344769306993
CC_A4CC8B3C2EA9,0.13173219096612226
CC_A4D89DE28D2E,0.24868813728294598
CC_A4E0933079DD,0.09700276216648773
CC_A4E161682B12,0.10994934300782078
CC_A4E28D5AE1F0,0.0897344320009355
CC_A4E2D00E0E76,0.24161259107395283
CC_A4E3BB187989,0.15554910015391077
CC_A4E4FADD4079,0.07125272587050069
CC_A4E54B475BD5,0.12253438765711148
CC_A4E5877717C7,0.08577038782503818
CC_A4E9240A8C74,0.07431896633350518
CC_A4EBB62777C5,0.16901405117508828
CC_A4EC8F04C66F,0.19265254368183077
CC_A4EDF60895E8,0.1251165198966687
CC_A4F17476C85D,0.0570411859758768
CC_A4F19EC4DCD3,0.20267215275517086
CC_A4F24C1612EF,0.3181027468105834
CC_A4F38B9A79FF,0.11091168449694452
CC_A4F3DA949442,0.24136195423502635
CC_A4F54204DD48,0.10513290547597454
CC_A4F8190F5FF6,0.0653565878811323
CC_A4FA2C542910,0.08234842222055686
CC_A4FB340ACCF9,0.19348959839686106
CC_A4FDA869506F,0.07391599984017802
CC_A5030A56BA1D,0.34411772879806074
CC_A5034AB8AE1A,0.11750503062640152
CC_A504C564B48D,0.6880141299722233
CC_A506A648BAAE,0.11040468416469315
CC_A507FC4EA17F,0.4741747105451413
CC_A50E57E93D71,0.10090788807487613
CC_A50EE4814086,0.4062956940727399
CC_A50F37B44FDD,0.14648103311234126
CC_A50FB81F69F6,0.08689293975653642
CC_A513ACD520B8,0.42401963406026705
CC_A51608105AB0,0.22453234898339064
CC_A51BCA3EA3F7,0.3528657238739391
CC_A5220F431BF1,0.030833500737169294
CC_A522F6BE1D5C,0.04998246438244426
CC_A5279888D1C2,0.13517833051972705
CC_A52D5B823D9B,0.20245235776171994
CC_A52D701A81E9,0.28585552558217736
CC_A52E5257EFF7,0.7577590786126438
CC_A52FBD1C0A4B,0.7272238604368597
CC_A5378C20C4BC,0.09703462263867998
CC_A541B1B2C94B,0.07669637734333583
CC_A54C401BAE12,0.0540349608041117
CC_A54FC8DFE041,0.1173068443539812
CC_A550F0DF0082,0.22019184354658647
CC_A55631FA807A,0.0668578277903085
CC_A558D1827278,0.16186752242708796
CC_A55AA8E0C630,0.19852918194064906
CC_A55B8396B7DF,0.0945733468860523
CC_A55FF827167B,0.1063802483900445
CC_A560C9BCC058,0.06030102341832907
CC_A560CE974769,0.30870475623006277
CC_A5628BC1A4AD,0.3351608903020337
CC_A5648894B247,0.15162705598424267
CC_A569AB4849E8,0.06310329866424298
CC_A56AE33979FC,0.040340915345925564
CC_A5707288B570,0.6595866785936924
CC_A5785FAD380E,0.17650571545591326
CC_A5796E57248C,0.2526396590633965
CC_A57CA8C8F7B7,0.04602718743481823
CC_A57E34CB57ED,0.33990619385349496
CC_A57ED21324B1,0.09008750567913773
CC_A5802E264F86,0.3012222124435084
CC_A5843F826A0E,0.06985830176854503
CC_A585C09D5569,0.16939409302842803
CC_A585C4DC3AE6,0.3145590621559176
CC_A58D9799A47B,0.6917973614824308
CC_A58E6726554B,0.183584534687289
CC_A58F7A12F0AF,0.12877475457271098
CC_A591D09342DD,0.1516231691235534
CC_A595A809D56F,0.17905786596674264
CC_A5960F642FF7,0.08224952481866653
CC_A597A2D1B8CF,0.5290733013102014
CC_A599C82583CC,0.056211439826243825
CC_A59A41BE4E29,0.6281656920624094
CC_A59AB1A1DACD,0.7242056250227638
CC_A59DDC9414B9,0.13347218135369196
CC_A59F533B30C4,0.13533152462565434
CC_A5A01D309F24,0.08182016886395664
CC_A5A03B4FD4A5,0.1684708126659407
CC_A5A309724901,0.6356473093727576
CC_A5AAF1283A71,0.19107650773829357
CC_A5ACD4AC477E,0.06433163802019197
CC_A5B107FE1B83,0.6988259012836215
CC_A5B3ABC665BE,0.03951362603129283
CC_A5BA731C65A3,0.42544834452714947
CC_A5BBC48BF6EC,0.1991782221470596
CC_A5C0430EDD35,0.12146533971339976
CC_A5C17D5871FD,0.4889275148427573
CC_A5C84E3F587A,0.29614687138780155
CC_A5C8B5822A1B,0.32044833290054064
CC_A5C950958DD6,0.14499517467046835
CC_A5CC2BD71EF8,0.7690906994929562
CC_A5CD4508E2B5,0.09114796081382073
CC_A5CD7AC460FB,0.06640372970983563
CC_A5CDA04FD668,0.10432858529986469
CC_A5CED4240748,0.648191075683385
CC_A5D6499C8943,0.1173163014552145
CC_A5DE8D5BB14E,0.26497322525393086
CC_A5E29D4E3E75,0.047501467566455284
CC_A5E31348F3CE,0.1380732526953338
CC_A5E5F97AE605,0.12109295522589932
CC_A5E770E6612A,0.15793281110808238
CC_A5EAD28818E3,0.4624303229180021
CC_A5EB1FDB36B3,0.120136464710824
CC_A5F0039D04FD,0.15479099641572905
CC_A5F290619CC5,0.11515541068827044
CC_A5F622D0A01F,0.07334509310175526
CC_A5F8EF145E2E,0.49687086817376924
CC_A5FA9E3CBDE5,0.4495231638017419
CC_A5FE368A8F94,0.05556120667496202
CC_A6009912F2ED,0.07251146095480372
CC_A602BCBB474E,0.1909206458390465
CC_A6040E0BD7B9,0.06945216059717568
CC_A604986272D0,0.052748794806483
CC_A60608B66EA8,0.3838178173893903
CC_A6064BDE0588,0.1946363983530715
CC_A607425BA692,0.49638960502414375
CC_A60A5D401588,0.5303398347797794
CC_A60B0F6F5320,0.050129639132910554
CC_A60C50F91EA3,0.717641114237057
CC_A617FAFCED2B,0.06773925119051036
CC_A61D370C311E,0.1464516912603714
CC_A62445894BE8,0.14827472542218784
CC_A6263A2000EF,0.16886233043007462
CC_A626842601BB,0.6414063955417633
CC_A6285FA4D086,0.08190937051144287
CC_A62B45482405,0.1582685873830288
CC_A62C85A20FC9,0.5961820974955999
CC_A62E5599F169,0.11432546492127711
CC_A62EF276F288,0.17617014317912263
CC_A6320BC31D2A,0.24203339782269265
CC_A632CE0AC257,0.09379625183455516
CC_A634E7ECEE9C,0.27585692224939684
CC_A63A83C403C0,0.319220961858807
CC_A63B6D9E5FF5,0.7681761122102764
CC_A649AF9D4A43,0.5635184434751389
CC_A64DD14258A9,0.29662107441169294
CC_A64E334BFC5E,0.13434767429051203
CC_A6540743DB63,0.23712046344773413
CC_A656DF8699E9,0.11685860222500621
CC_A65C88769BA8,0.2508334923910706
CC_A65E142C3F55,0.08447697366458826
CC_A6606AE256A8,0.11516078150111171
CC_A669026A90F8,0.11917944790538507
CC_A66F8C75DB54,0.05934905754205887
CC_A670A80CDF21,0.8109538039272948
CC_A67279B3C134,0.11638931805875083
CC_A672DD77EEB5,0.14973405945560958
CC_A67404134014,0.17528570401061375
CC_A675588A4D1B,0.5685418345449988
CC_A678BEBF6358,0.09956384872528098
CC_A6807BBD20E6,0.07777802018564825
CC_A680D66DCABB,0.27780875014928175
CC_A6872AAC45C4,0.05152318568368709
CC_A68AE49F33F2,0.08169564392113089
CC_A68EB14FDAF6,0.37333151046171303
CC_A692ED15ACD0,0.3276720954992115
CC_A695083742CF,0.08024099184312948
CC_A69F6DE8A977,0.6293780960613603
CC_A69FC06BD5BB,0.11317207760047905
CC_A6A2457E859C,0.45258794041254247
CC_A6A2655E85B0,0.09134086663089051
CC_A6A420E5C196,0.4290498890390501
CC_A6A4A9A59653,0.20692843028861202
CC_A6A9C4EB6FDD,0.39519566229904324
CC_A6AD39AB8E50,0.06268266249489499
CC_A6ADEA3785A1,0.1334609300558983
CC_A6B0B63EF68D,0.5297475406472738
CC_A6B240EC66D6,0.060907568473042975
CC_A6B253C7D503,0.20493423558851923
CC_A6B5A944DC76,0.1530282257280349
CC_A6B8267BF832,0.14454864835588896
CC_A6BFD7A421D4,0.07888368752910441
CC_A6C1F9B1C8BA,0.15303029406240962
CC_A6C6A50B249F,0.1872322293275118
CC_A6C97E3745E2,0.2723078889570899
CC_A6CA1D3AF641,0.13415490492691023
CC_A6CABBD2AA89,0.744106477691693
CC_A6CDC5618300,0.6520342080715464
CC_A6CDE4656C8D,0.061383499759623185
CC_A6D2C17EFFC8,0.8399682872561864
CC_A6D4FBFDBCC3,0.2754230441982952
CC_A6E1F359674D,0.5214438321495313
CC_A6E230708D59,0.406537034779012
CC_A6E24277F5F2,0.07605321126728666
CC_A6E2CD698E6A,0.0714737972768186
CC_A6E758F474B9,0.0490362432129022
CC_A6EA941B8C2B,0.10996313916143267
CC_A6F1778ECB76,0.6523819605719509
CC_A6F1A04771D6,0.11152656259584326
CC_A6F20032B061,0.12799460062685225
CC_A6F213D1543A,0.21568020118625525
CC_A6F22BBFE022,0.13690269683552683
CC_A6F24CEEFA42,0.12345097042017963
CC_A6F501FD454D,0.12615957345978876
CC_A6F8DBA0DF17,0.07956029371588601
CC_A6F8E9CE4FA9,0.45594842377312067
CC_A6F8FB403100,0.06396820831687391
CC_A6FC48E2424B,0.055037602814499965
CC_A700E8AB5502,0.14750031927682525
CC_A7027F9588EB,0.39180490077920793
CC_A703FCACB6F1,0.15244836612559282
CC_A706FA70EE4D,0.061742682239586275
CC_A709E886CAFB,0.15651581892682825
CC_A70AD3D6098C,0.0391615057488433
CC_A70C47613562,0.12014098633200891
CC_A710E93BD7A7,0.3704247280785208
CC_A712119DAB6C,0.11928562977080062
CC_A7123BD9BDD8,0.05647376135652733
CC_A7182F7FEC33,0.0902476847587729
CC_A7186B682A2D,0.06090897494659207
CC_A71B94179460,0.5075161679531904
CC_A71F240B4CE5,0.11665506059659714
CC_A7205F24E1D6,0.04728056893166496
CC_A720CAA06FC4,0.2548607437531628
CC_A721B2ADE274,0.13457687443276023
CC_A723AFB46AE7,0.23108113426416343
CC_A723DF122C00,0.23211989954060117
CC_A726F8456098,0.3517126462711175
CC_A732BDAD92B3,0.12031296968933489
CC_A737657D9BBC,0.07177480416368107
CC_A7392C3EAF33,0.3965497722818688
CC_A7415055F05E,0.1312656461805633
CC_A746925DDC82,0.13618538702635657
CC_A74694C6F4F3,0.05931297922563219
CC_A746DD4E9F39,0.10174010356185563
CC_A747E7229BB4,0.21450499799726624
CC_A74AAEBBCC14,0.1001655828984787
CC_A74E127DB9D6,0.09338786023788619
CC_A751D2996FC0,0.11862958744253393
CC_A75374045EEC,0.3273601975880619
CC_A759DB6FF7DC,0.05324463945444047
CC_A75B8DA04495,0.19686951252094723
CC_A75CC04D4110,0.195245550148763
CC_A75D4A19C2FB,0.1616639842692592
CC_A75DC4645478,0.09403637704400325
CC_A75DDD85173A,0.11573013793303419
CC_A75FB68173A7,0.06906587300526731
CC_A76120A60423,0.07922771310415985
CC_A7635A1B9BD2,0.16484658002015232
CC_A7652F262667,0.17812408908655397
CC_A76643AA78D9,0.43800447746419235
CC_A76719763D33,0.129266759735801
CC_A76ABD0A34A1,0.08017390330941274
CC_A76B762275A9,0.4517806027290165
CC_A76DDF3BDEBE,0.11814761656460762
CC_A76FB5A7124B,0.22701404312636422
CC_A77339CF6846,0.10540124082617994
CC_A77908BB432F,0.7657500300322193
CC_A7808DEC5D09,0.11039783944069519
CC_A785AC28500B,0.11182707232633812
CC_A7861551FFC3,0.6380199853101993
CC_A7862D3E83C9,0.14709001346466125
CC_A7867F315C5D,0.1607423383194402
CC_A788BDD64F14,0.15016467571232361
CC_A790F00E7B06,0.1608675938262229
CC_A79202E21D29,0.1782658106607215
CC_A792E555C7A6,0.042279878417916826
CC_A793B73FAB0B,0.48983404087111804
CC_A794FF9FCCE1,0.6203394654417785
CC_A7952322A4F8,0.09703202714596118
CC_A7989B1AD915,0.24760898353060562
CC_A79C0193A2CB,0.10464620648692813
CC_A79D16CE71B6,0.10952229363949825
CC_A79EFC4DAFE4,0.14706909068078888
CC_A7A04F15B27B,0.05990728032153092
CC_A7A4B4770971,0.6756976009666051
CC_A7A60D4895CD,0.330302913324631
CC_A7A77D1EB955,0.6684214181387442
CC_A7A88DA3A51B,0.11591614069121454
CC_A7ADD926A911,0.16199968588923744
CC_A7B5CB5D21CC,0.31921985445757806
CC_A7BD3D57355F,0.06662095498596889
CC_A7BDE2F778C7,0.18773131982436803
CC_A7BF65E33282,0.046192407518127324
CC_A7CA13805057,0.7498431902466216
CC_A7CCBD812B7B,0.04918905973289094
CC_A7CFD7AAD818,0.14167045208090343
CC_A7D1A93B981D,0.3162427272985699
CC_A7D35A7E6B5E,0.0365562466469596
CC_A7D3728F7CC5,0.6732936233306887
CC_A7D414CD3F37,0.14909119387854788
CC_A7D7F9A5E9F5,0.5072997626322224
CC_A7D8CC926B73,0.31569197957290607
CC_A7D98548B9CB,0.14749053235390744
CC_A7D9A2CB1394,0.09574494655457273
CC_A7DB2C2ECF9E,0.09776390349345436
CC_A7DDAC83E0BD,0.09598711103211102
CC_A7E27B0B57AB,0.0780714810902048
CC_A7E5115904CD,0.055393980352067405
CC_A7EA663BCC85,0.403251911731748
CC_A7EAB8581771,0.07139511133598912
CC_A7EF34614AE5,0.34841865172073694
CC_A7EF56B63F57,0.16070136788336514
CC_A7EFDA8A904D,0.0780006319245612
CC_A7F2DAEDA32F,0.0354596221580339
CC_A7F823E7DA79,0.6680938936910623
CC_A7FD92D19322,0.18173938401088066
CC_A7FFD14558C9,0.1624247822041642
CC_A803650C0F32,0.23492865297858292
CC_A803B8ED04C6,0.44118732870215727
CC_A806D305CD5B,0.5011377661525802
CC_A806D7374061,0.22958979583574832
CC_A80B5A2B87DB,0.2894418547526804
CC_A80ED0D18788,0.5377209698937236
CC_A8106D4C7E92,0.13801128790203962
CC_A8141C561367,0.2370200524536578
CC_A8154259D5E9,0.33762685567495637
CC_A8169D7E5861,0.09141627641491272
CC_A819E1E7A8EF,0.17442364574412167
CC_A81C38745115,0.22630917991558527
CC_A81D9F0CF7AB,0.15878551247768627
CC_A8260D4E81B0,0.23668788060587537
CC_A82C269668F1,0.08934444613682999
CC_A83108A1A74F,0.22735675933934596
CC_A83137251FD6,0.6340181642925569
CC_A8329C40DB70,0.1905783409162069
CC_A8362F22DDE8,0.04213059689230369
CC_A83B5A4930F0,0.12979416603235747
CC_A83D338C307C,0.10505810638364499
CC_A841A789E4BE,0.04268972895894281
CC_A84590CB0DC7,0.09865336932180344
CC_A8491874BA23,0.19250308632143096
CC_A849F4D34464,0.18104795704390514
CC_A84EF3C58724,0.38012025671000915
CC_A8553D6D54AB,0.1817679343542647
CC_A86128341E83,0.3403077847632906
CC_A8684C4D4620,0.5705960671297767
CC_A869025CFC82,0.43966359270006306
CC_A86B21205D10,0.056724683783810716
CC_A86F8BFFEF7A,0.1702348340606455
CC_A874CE9AF024,0.3268640711101799
CC_A876D2C60CA9,0.7693391259187391
CC_A8774F02FC3F,0.050382325992041746
CC_A877E14CEAE8,0.03922295613647053
CC_A87CE2755C5C,0.0543730811544102
CC_A8800E45D0E2,0.08025334537236291
CC_A88349F5098E,0.060705494776478595
CC_A8837434B760,0.5096272386188148
CC_A885A05E7E24,0.2283065530337664
CC_A887FB948E47,0.15509000385024013
CC_A88C89EEFF27,0.3437895049959325
CC_A88E47D6E12A,0.13934665890551884
CC_A88FB361B009,0.08358231418450701
CC_A8916026DEB9,0.1693341879382148
CC_A897C8E3CF00,0.07031417239482132
CC_A89947268EDE,0.20031058104024252
CC_A89AB3CD3756,0.07454030948832494
CC_A89BDD2940EA,0.1401568404907408
CC_A89D38E86F54,0.17695223491653195
CC_A89F43E297CE,0.08066902890022273
CC_A8A4120E45A4,0.17559825959047123
CC_A8A46C1DF4A1,0.37487868453929296
CC_A8A89D7D5D57,0.3064213742272263
CC_A8A9311B179B,0.2756216131176068
CC_A8AA9FC6E7F4,0.0667442486825826
CC_A8AC5619E98E,0.061803140007393884
CC_A8AC99D0C8F5,0.33054745274230923
CC_A8AF1D0E5225,0.6786036766754509
CC_A8B023020146,0.7381458891814515
CC_A8B0A004CC5C,0.13500850280289795
CC_A8B5E994172D,0.10899636997071369
CC_A8B6574BB001,0.111392046729712
CC_A8BCC5F5D308,0.08475420524542628
CC_A8BCD80743ED,0.07955459146478061
CC_A8BD2ACE1FAE,0.4452588714502664
CC_A8BFC8D6C835,0.13202275653903853
CC_A8C009E0821C,0.13039413778276904
CC_A8C1EEF8BEA7,0.39079244136792834
CC_A8C6324841BF,0.058613218125020836
CC_A8C8F6F36ADF,0.41287566814998417
CC_A8C919EDDB7F,0.0901291660987132
CC_A8CB85B80314,0.6274308413643828
CC_A8CBFB55F463,0.2595749038402931
CC_A8CC088B85F8,0.7198179500216498
CC_A8CC23F4B5E9,0.05934470079593514
CC_A8CC4CDC8AD6,0.05397366012816179
CC_A8CC7F04F472,0.10754285939914972
CC_A8CE272F22FD,0.07262931474133598
CC_A8D049D72381,0.19539121358973768
CC_A8D4563BA09C,0.2880317863499089
CC_A8D60FB42E90,0.354175282010584
CC_A8D7262D8718,0.05734181587169975
CC_A8DA502E7E64,0.10786141595898031
CC_A8DAC2EBCF61,0.07236440144392081
CC_A8DAF4FAB5A2,0.08055933968152454
CC_A8DB880F4F62,0.333036688232621
CC_A8DBBD5C1775,0.6886019951500053
CC_A8E0487B5A24,0.06534416334843801
CC_A8E06F3E5197,0.05297101026269265
CC_A8E0FFD3ADBC,0.41308438885195764
CC_A8E94A175936,0.7016241842989664
CC_A8E97B546092,0.5171545441315537
CC_A8EA90DB0F10,0.06348150067230737
CC_A8EC23205826,0.23849288699584706
CC_A8EC258B277E,0.33859593124418896
CC_A8ED417595B0,0.08883347000191939
CC_A8EE6EC37824,0.2745364824913318
CC_A8FCD25B3C51,0.4551418714335739
CC_A8FE4C948F56,0.15067509405007812
CC_A8FF79D8C0CE,0.08820094914710708
CC_A9009F9C62C9,0.16484212457334851
CC_A9043BAD924D,0.13379572069112017
CC_A90835441069,0.0637852691578629
CC_A90A1A26372C,0.08565959267821328
CC_A90A929F74FF,0.07394288592538538
CC_A90B8E0863F9,0.04309775259140488
CC_A911B4D63845,0.06867422893588049
CC_A91237A265E9,0.11436359473594204
CC_A912E547F3C6,0.04902104550434688
CC_A913D95E7E8D,0.14155886822634686
CC_A9165A74F165,0.7298213279939706
CC_A91B38945645,0.10377549109354925
CC_A91B578DA80B,0.23058110858156491
CC_A91C1C2BF9C1,0.03954678631999021
CC_A91DCEF2E5DE,0.11794846150448576
CC_A91DEC2F00E9,0.07885929464346567
CC_A927CE7B1E31,0.6533813681760965
CC_A9285061FE9E,0.060506271149342705
CC_A929017922C0,0.1693346755792069
CC_A929135A2EF1,0.19669636682772337
CC_A92A47407376,0.1318724011428692
CC_A92CF9FA7731,0.6434993049665714
CC_A93031142999,0.12656040533597931
CC_A93330D11A5B,0.1130385927062453
CC_A93B0CD95AA5,0.23375249937355386
CC_A93B50F353DF,0.07369014794395878
CC_A93BC0456F1B,0.1547196669299524
CC_A9402001902D,0.1192277551062169
CC_A9402C70CEBD,0.09805603468760088
CC_A94254DA8646,0.14602760531245568
CC_A944522752E5,0.27456455705724997
CC_A94638CC29CE,0.07090837265210582
CC_A94890103B1E,0.1390553197893865
CC_A94B929FCD46,0.1519317959038489
CC_A94E8E8502FE,0.06942123485591935
CC_A951DFCF9650,0.2981629580734107
CC_A95213749EBB,0.13806658585685389
CC_A9536E88D9A1,0.7099038683918444
CC_A953CC8A304F,0.15870849412387628
CC_A958084EF3FA,0.04593116214822527
CC_A95C6ECD71CD,0.13662021966759202
CC_A95EF0C4F6F8,0.03647865350448118
CC_A9665D3E5B32,0.4137624116473691
CC_A968212AEE17,0.16067835412447312
CC_A9693E7F39CB,0.09792235177301492
CC_A96B52455369,0.7778395708484579
CC_A970F3B1723F,0.16040919419373023
CC_A975DFD4CDAD,0.13757884950091664
CC_A9772A06616F,0.12891692828829399
CC_A97734E51A48,0.18401009251639128
CC_A9783161C1B8,0.16521030724
CC_A978BC8BC3DC,0.13287679263243798
CC_A97A298607B0,0.4854926063199999
CC_A97B929FED33,0.1945243451417332
CC_A9810BA2D394,0.14654764901597434
CC_A981903184BC,0.23977934671338624
CC_A9854A6AB990,0.07520847067493523
CC_A989EED40B37,0.1696116528381795
CC_A98A12865EB4,0.12234096481581377
CC_A98C15DB7A11,0.24542458720734542
CC_A98C93478642,0.3052248577972517
CC_A997E5CEAC6F,0.16334002107105117
CC_A99968576AF1,0.13900169781464783
CC_A99B857BF2D5,0.41810529374790334
CC_A99C7D8B0CAB,0.07549393027097435
CC_A99D353A0E79,0.14071235838350699
CC_A9A3F8FA586A,0.10902850900825438
CC_A9A463B74727,0.376667018959884
CC_A9A67507CD5D,0.064892470496212
CC_A9A6F7850A88,0.5283131508370836
CC_A9A986456911,0.1656764664257489
CC_A9AAA6DC2007,0.3436803971587802
CC_A9AC6E31C775,0.7030642015148486
CC_A9ADD7104E81,0.040678258078482674
CC_A9AF7703490D,0.6397634610625175
CC_A9B1DE41B856,0.13790611743926937
CC_A9B59FAA0573,0.07357970860664009
CC_A9B80EA88C75,0.17383088200848978
CC_A9B8F5AD219A,0.1643770997926696
CC_A9BD13B66099,0.1795032149561804
CC_A9BFEFA7D257,0.756813622722406
CC_A9BFF275D7B1,0.25030431067347897
CC_A9C2D702FD90,0.11167679552175394
CC_A9C3A09AE840,0.6744597559439074
CC_A9C3CA353221,0.3534322730107616
CC_A9CA25E868BF,0.5565761026230015
CC_A9CB749DE536,0.0641780471006868
CC_A9CC1D68538F,0.31054992431000006
CC_A9CE9B8CC465,0.10185154311429934
CC_A9D0012DB6C5,0.16314598324571988
CC_A9D4019A26F8,0.27057261484527806
CC_A9D4D3815F3C,0.05521753136387468
CC_A9D4D650B2FD,0.052136461852253325
CC_A9D998EF645A,0.21519983589137376
CC_A9DBAC763971,0.12610704273418455
CC_A9E001D623CF,0.07254276379714338
CC_A9E00B55AB9E,0.17568558236088977
CC_A9E1AE214E03,0.3408628685727212
CC_A9E3A463CACF,0.06067938842998923
CC_A9E6076D28ED,0.3048551420541039
CC_A9E87FDEC15E,0.08125729676337308
CC_A9EA2430905A,0.17584994477628077
CC_A9F59329154F,0.07489259469236184
CC_A9F5DD7D92CB,0.2220739375032324
CC_A9F94A7BF972,0.10335902828016315
CC_A9FA30186EAA,0.16792185795573664
CC_A9FC4E12B5B6,0.10730353025641652
CC_AA01D3D9FB70,0.11143425083339438
CC_AA06B2CCCFDC,0.07283847107343489
CC_AA0897D3F9A7,0.32350644230598846
CC_AA0B78414EB4,0.1794788304747324
CC_AA0EB3933170,0.3557771590319555
CC_AA0FE63338C5,0.14465547016944996
CC_AA11C9E925A1,0.03385173376873248
CC_AA132673C8B9,0.14113534287821466
CC_AA17B8E25973,0.1264143078355808
CC_AA17B8FB4DD1,0.10141013452568885
CC_AA1A2DCDB37A,0.06039621421962007
CC_AA1B923B2953,0.22933199468348606
CC_AA23725B1EB7,0.2943977449833186
CC_AA2513603BF4,0.5991859717327024
CC_AA255B733172,0.20983145603331468
CC_AA279A170662,0.20312744871937843
CC_AA2A5D698886,0.50768234888526
CC_AA2F7CAA1EDE,0.06928316117936628
CC_AA326BB80433,0.10409808604509782
CC_AA3C8291233B,0.04213677090993739
CC_AA3F3E8E0EDC,0.22191936334608756
CC_AA3F96BD8D05,0.06138865655239051
CC_AA42D22C711C,0.5727024021518872
CC_AA45FA46CF4B,0.13467683108980227
CC_AA48B43E154C,0.12078936627223553
CC_AA4B49F77588,0.3169330610333887
CC_AA4C67B9248D,0.14635379679496693
CC_AA4CA943C884,0.049730905122663975
CC_AA4F1F77FC0D,0.07220036358932262
CC_AA4FC7826D2D,0.48208859075641153
CC_AA5037049842,0.40147972034039964
CC_AA53097D88E6,0.2274589314932464
CC_AA545037795F,0.3695769241295322
CC_AA5757906A56,0.1110478925153697
CC_AA678D85779A,0.07759946687626068
CC_AA68A594CBE5,0.34233172492597197
CC_AA6D0DCCE773,0.03094337543414675
CC_AA6D901E4AE6,0.24848925329571542
CC_AA6DB26C19DB,0.03276010999550486
CC_AA761CE2F7F1,0.21381750456080223
CC_AA7C84B0D796,0.05199995020458784
CC_AA7DD4E1FF1A,0.2274983170218762
CC_AA804C3CE9A9,0.1234236360001364
CC_AA836E71243E,0.1987129713704741
CC_AA886C8EFCBE,0.08708208785826001
CC_AA88F3EB7595,0.319672994645554
CC_AA8A54D78FEC,0.4103748247152108
CC_AA8EE66201FD,0.5235073766323601
CC_AA92054041B2,0.16146207132229468
CC_AA9387BF1364,0.6298233820047464
CC_AA93B0BB66F1,0.06930834808017738
CC_AA95BD3B4433,0.08497532228383706
CC_AA98EF8D12FE,0.0728662909381961
CC_AA994BCD7E57,0.09597622286398555
CC_AA9C92CF5D9E,0.07727131707716497
CC_AA9D3D776B90,0.10581081860021539
CC_AA9E0643AF70,0.17972444169755025
CC_AA9E404D9E88,0.1633250193807714
CC_AAA59CBDFB37,0.34279462844255715
CC_AAA6FB99A506,0.260703521421061
CC_AAAB6879D8FB,0.1903202378712239
CC_AAAEC55D7B19,0.14431577648238908
CC_AAB0119FA44F,0.030810136919420805
CC_AAB73A572F7D,0.08693464756569594
CC_AAB7D4AE4A7C,0.10128986529924895
CC_AABD04CEF820,0.12384145562151964
CC_AABEC7351D77,0.15232946067864372
CC_AAC0042F66FA,0.09371126213048232
CC_AAC135809669,0.11146987152936347
CC_AAC178FEB284,0.047147697425619396
CC_AAC18F8D66F4,0.21705469779733103
CC_AAC1FD115E96,0.31833910549254435
CC_AAC609663E72,0.09929636433718136
CC_AAC7B727D643,0.07332802861821403
CC_AACD0A40E59D,0.23623590366626956
CC_AACE3A4DDCC8,0.05141176567845712
CC_AACF1C9A56CC,0.11891811079867982
CC_AACF5F633EEA,0.06668055657806807
CC_AACF87DD3855,0.17529227280885346
CC_AADA4CF10327,0.14511756892382754
CC_AADAD44A45FE,0.2901223986814853
CC_AADADF1D117C,0.15298438308092271
CC_AADAE307B497,0.20483639761119893
CC_AADCF1C1F8D9,0.08309154984257659
CC_AAE000BD58B6,0.08084899898412193
CC_AAE2C2064433,0.2338948335920008
CC_AAEAE7B46478,0.18084740163952
CC_AAF15D06D32D,0.6300607713440975
CC_AAF23FDD779D,0.7369584832088922
CC_AAF2D8226DA0,0.2252113319981585
CC_AAF34D57EED5,0.11054833968060163
CC_AAF58D87365C,0.07875670678504317
CC_AAF7AB96E87A,0.1627990269830302
CC_AAF9D4BE18E6,0.3879194260559632
CC_AAFC91150951,0.21734437751234306
CC_AAFE6F64A545,0.27539469354986956
CC_AAFF1EDCCB1C,0.13382658913718368
CC_AAFF2363E40C,0.09416264152165797
CC_AB01E98B3325,0.042155392791333984
CC_AB0741D47891,0.7034503922500819
CC_AB09CDAE4F68,0.15724688730291328
CC_AB0AFD5F398D,0.7066053224440294
CC_AB125B89AE38,0.784655941152623
CC_AB1A4FC439B7,0.5355515153932798
CC_AB1CB624D8F7,0.2954848163329948
CC_AB219F0D99FB,0.16842396683218042
CC_AB232BDF0AD4,0.12620750994447102
CC_AB24DFFBFE32,0.1468991837125611
CC_AB2555814879,0.16012806950646175
CC_AB27E4E943C9,0.0575561488211942
CC_AB2A42F41B2E,0.20235755172894723
CC_AB2D2CA6A64E,0.10338738494708266
CC_AB2F88E2FFD6,0.07870244177189949
CC_AB33EFDC9AF1,0.16992541313551685
CC_AB34A0FF355F,0.06980299405353485
CC_AB37E7BF5FF6,0.3090159767903137
CC_AB3F90F3568B,0.09413897099340181
CC_AB41CF6C23E1,0.03830317730495736
CC_AB43C72E5E4F,0.1458078932410262
CC_AB45C75D5087,0.2770437392441593
CC_AB482A213A7F,0.09426000928289957
CC_AB482EA4AAB9,0.15992421704068566
CC_AB4944883722,0.05879434142482766
CC_AB4C4913F1A2,0.21350895711072
CC_AB4C740534A5,0.08815897873319789
CC_AB54A23EE3C8,0.20215795685673923
CC_AB557B79C7BF,0.137725433264641
CC_AB558B8AF130,0.17462814791294506
CC_AB5F491BF450,0.08748420085184991
CC_AB61027CAA32,0.08784322073808187
CC_AB61E8E4A5FA,0.4193528828979979
CC_AB65D49AA2DC,0.043878460547046666
CC_AB663846B1CF,0.09614201194846603
CC_AB67D6C89A92,0.216381477193488
CC_AB70C862BF32,0.410844431174492
CC_AB731F19F5D6,0.25809806473309727
CC_AB786647A30E,0.35004396902791574
CC_AB789919D614,0.07993601621969945
CC_AB794D887FB7,0.5092598351028783
CC_AB7BE2563D01,0.20678456677379614
CC_AB8283EFF50B,0.19269519589094397
CC_AB83A4BF3752,0.09496868241622483
CC_AB840BD9EA72,0.1541715046129844
CC_AB8410C1ADB5,0.16775431491121884
CC_AB884B5B0E22,0.4335085714379868
CC_AB88836B6A8A,0.22867389869236146
CC_AB8984CEBDF5,0.2467650469125649
CC_AB912C43017A,0.07637812906071131
CC_AB96346C5169,0.09578243727411595
CC_AB98246CB9AD,0.261913447765718
CC_AB9CB1E3AFC7,0.0681681975206151
CC_AB9D82F14A1F,0.5341161942836483
CC_AB9E482E1A69,0.23238356950298358
CC_AB9F288E1531,0.1605232992172821
CC_ABA3AB47F2A5,0.13768232117157136
CC_ABA433D59EFB,0.6963802669870449
CC_ABA4DEB62B51,0.06422580219177115
CC_ABAA3649B4CE,0.05749780727282826
CC_ABAC1B7B23DE,0.3939661575232827
CC_ABACA4E5CAF1,0.16432586937490096
CC_ABAE0A66F341,0.23371558233709702
CC_ABB36D5B156F,0.17804046000111953
CC_ABB9B4C77C19,0.0543797862244544
CC_ABBA16B7C413,0.46841500626426724
CC_ABBABC198B40,0.0728851492014708
CC_ABC0334A1B39,0.21058483756442356
CC_ABC0D16783A3,0.045182666603577774
CC_ABCC2A6B5E47,0.7785078564906426
CC_ABD0442A569E,0.23550039509471765
CC_ABD16D2BCC7F,0.4840932674390692
CC_ABD1D865D6EB,0.2797783930488401
CC_ABD26E560CB9,0.17233918024610567
CC_ABD4169CF1AC,0.17413368348774053
CC_ABD4F1541032,0.31612306205493895
CC_ABDB4D5D1F58,0.064185173861056
CC_ABDB67FCF948,0.13993764267035155
CC_ABDB7E13B6B5,0.38361833902970977
CC_ABDBDBCAFFA5,0.33558159587089653
CC_ABDC814AFF0A,0.05102321277420583
CC_ABDDBD29C0D8,0.0641784693768894
CC_ABDE3F7BACBD,0.7221551146214098
CC_ABE2A113E670,0.1366417079097056
CC_ABE499EE0FCE,0.43495622764810077
CC_ABE6BDB21A29,0.1361098792949107
CC_ABEB0846311A,0.1789920117062527
CC_ABEBE6752FF1,0.06793239090320158
CC_ABF07DEE2BC3,0.0920405701903257
CC_ABF53A99160B,0.07370074711941485
CC_ABFEB80E9C9A,0.7261455376791293
CC_AC0129AC148E,0.29537730763981473
CC_AC01BE06AD0A,0.47046784896639826
CC_AC03C0BDCB94,0.07426739048859084
CC_AC0B40CB2DE5,0.10474060017437245
CC_AC0B57DCE069,0.4399341837799913
CC_AC123284478B,0.7323031315222879
CC_AC1232C32715,0.22302676462955467
CC_AC12A0E32945,0.2831454705467078
CC_AC16161E73DB,0.48479461048243877
CC_AC1A411CB8E1,0.09036791489094544
CC_AC1A5D15682E,0.7800113485369693
CC_AC1CD2A208A8,0.15887818021813074
CC_AC205B3545CB,0.08904809349424006
CC_AC24B3E524E9,0.053130458230472646
CC_AC270C5A49F5,0.12289240749587689
CC_AC2894C3538B,0.13613565928873392
CC_AC33F7CD4624,0.09545556143189309
CC_AC34CF4B8425,0.06361229035436491
CC_AC37B8D835A7,0.05491191636067808
CC_AC383C0F70E1,0.08365543236125514
CC_AC3B4A1B029A,0.13197453928530695
CC_AC43C7678741,0.21286422287973164
CC_AC43E89255F7,0.14103163325657703
CC_AC452AD93A28,0.18844108862611827
CC_AC49FF407A24,0.7052338816131879
CC_AC5058EDAE5D,0.7171057667622397
CC_AC52DE725006,0.6583537390121303
CC_AC5B85BA76A5,0.2253426633608402
CC_AC5DF2442708,0.11751582380047723
CC_AC62DA48F581,0.04598622410174416
CC_AC63B11642AB,0.07881514618470893
CC_AC66593A8B77,0.19604940803471999
CC_AC672F356FAF,0.11865190146493165
CC_AC68429E0E22,0.2120370246091543
CC_AC68D4BAD88D,0.11030267926814954
CC_AC6B555F0309,0.0679317706505068
CC_AC70905CEBB6,0.659742838324184
CC_AC738C2A9CA1,0.05296312643177921
CC_AC7795E61669,0.217471503301394
CC_AC7C73FB75C9,0.04367399233792018
CC_AC8190B37D61,0.6255622470115908
CC_AC83D5608788,0.09072738515952475
CC_AC875546AD6B,0.5448580080248503
CC_AC8C4955991E,0.07017143949834148
CC_AC8D89569089,0.054928554228409344
CC_AC982ABA7EB1,0.2969406869925749
CC_AC9BE414E2B4,0.39559830197135815
CC_AC9F18D5DBFD,0.059405506295170905
CC_ACA3A4E90DFE,0.24693184147133226
CC_ACA3D042097A,0.6160247003386126
CC_ACB060E910CB,0.10904643464425298
CC_ACB06991D9C8,0.19122173609138873
CC_ACB460129DBE,0.08718937827836418
CC_ACC5BADA6B10,0.25857334988712954
CC_ACCD326590ED,0.03905810848272648
CC_ACCD879451B6,0.3920939712914058
CC_ACCE088F3C54,0.4249198457529797
CC_ACD05E6B4D5B,0.2055763971835851
CC_ACD348B6C027,0.08284843960656309
CC_ACD3FE0B8BD4,0.22889465859049488
CC_ACD43DA1153E,0.7790169251398957
CC_ACD92B15C213,0.19965244246885708
CC_ACD95951AD36,0.13020721461285717
CC_ACDA1687BF63,0.11283055171925938
CC_ACDE6727D51D,0.6468608716425939
CC_ACE10B629C92,0.42936176166144496
CC_ACE592D22F26,0.17668456892813922
CC_ACE67F3A3385,0.4204941448242626
CC_ACE76BF745E7,0.047180533172906054
CC_ACE828A807DE,0.3324462469832616
CC_ACEA7EA8A2E9,0.07248131637637137
CC_ACEAE4CC08D4,0.5881325319525561
CC_ACECB238CAEF,0.21258592035601126
CC_ACED2F78376C,0.15641444607822705
CC_ACF158865469,0.10099478317347925
CC_ACF1B567C2C8,0.6409613580810304
CC_ACF26F6076F0,0.13512255384099386
CC_ACF2DB19AADB,0.23158709015278686
CC_ACF33F2B9CDF,0.1267039691034927
CC_ACF3BC896638,0.054879575356125684
CC_ACF526F542FD,0.08065642059893423
CC_ACFA9AB2E996,0.11819281006548987
CC_AD0082103164,0.15574601297811838
CC_AD011EFE33A5,0.3191845183599351
CC_AD01B1A77B6C,0.14633473237197006
CC_AD036967592E,0.06919495943178741
CC_AD06AAD77E0E,0.14756148944440378
CC_AD08792FAB21,0.1472172436855082
CC_AD0B52DD444A,0.7614887771445875
CC_AD0D065BB98A,0.2400577826011093
CC_AD0E455DC560,0.08395524801813331
CC_AD110C070D2E,0.12022125414451808
CC_AD135F45D1A1,0.22580463512943366
CC_AD137E7B57A0,0.08191405285219244
CC_AD13BC776644,0.13028708622403068
CC_AD13C13F4F7A,0.3850144599850924
CC_AD14555DF0E5,0.035541948924658874
CC_AD15370A3B25,0.05219376950241705
CC_AD1D7087642C,0.08080974882889871
CC_AD20437874C7,0.05932369705767295
CC_AD2216763129,0.1694650307807308
CC_AD226651BBB4,0.6888040165644954
CC_AD2D2DD5AE1C,0.21195495508389675
CC_AD32EDE2EE17,0.22424101838145982
CC_AD359D65EDF1,0.09743746712777522
CC_AD37EC092DBD,0.07739514436292569
CC_AD3AE9AAA8E9,0.14555474398739696
CC_AD40CD445E44,0.2826667840818996
CC_AD423B7E7B99,0.14057507886313014
CC_AD457FF9DCF4,0.12018063587320105
CC_AD467027CC6C,0.21120331311935345
CC_AD47425E3550,0.6085481969158816
CC_AD4851305902,0.2937869081284514
CC_AD4C82B325AF,0.38499329522499937
CC_AD4CA98C314A,0.16086288237142599
CC_AD54EF94F53F,0.19104744890148398
CC_AD58E5447E42,0.7561467768202469
CC_AD5B2E89496F,0.13614990180475278
CC_AD6073C80EB0,0.2625416508967524
CC_AD61099F5546,0.10684820017403991
CC_AD62B6000F74,0.17557522814901036
CC_AD62F8CF1970,0.12716044980062646
CC_AD6E515F3F3F,0.09936140352657243
CC_AD703EB25FAC,0.6139970424587868
CC_AD7328230E04,0.23078105108473065
CC_AD790FFE5B3D,0.03593579476605623
CC_AD7B0416C93C,0.04871137259012096
CC_AD7BAA55C71E,0.15565748522316958
CC_AD7C44A4005E,0.20128700768308455
CC_AD81DB112D3C,0.03863975944806033
CC_AD82633D5249,0.3392337511810995
CC_AD83B3101092,0.055064057219282356
CC_AD8A3C9F0A0D,0.07884078470691905
CC_AD8BB38FE9AE,0.5068649526396444
CC_AD8CB34957B8,0.7095992825693183
CC_AD907159EE48,0.09174220051496484
CC_AD9487257572,0.6187506770896021
CC_AD94B6240276,0.31521341045691204
CC_AD94DA8372F3,0.5177328664374928
CC_AD977BBE03B2,0.13874340821783424
CC_AD983C87063E,0.6127147701069043
CC_AD98AE3542F6,0.12112917450090774
CC_AD99135B88D3,0.11821392119267342
CC_AD9A44EBE8DD,0.41037470072819426
CC_AD9BABE2CCAC,0.148305914033854
CC_ADA42DD32EB3,0.5549406553869591
CC_ADABDB914EB0,0.15827864162948319
CC_ADAD6F048843,0.24541049593720668
CC_ADB26CFD8024,0.08512857053131369
CC_ADB29E3AE3FB,0.07563861854870198
CC_ADB49C5DED93,0.1526378013585276
CC_ADB54B0A9720,0.13281624412061563
CC_ADB74049D2B6,0.17575363201715596
CC_ADBEE55202E0,0.12121497680767204
CC_ADBFC4C0F98D,0.10353607143140808
CC_ADC1D07ABEBB,0.07877719153141556
CC_ADC4A4AB497B,0.189163177329803
CC_ADC61AC94CA4,0.07523192034715269
CC_ADD1B844EEAF,0.08462820030150721
CC_ADD4C1FCD44D,0.7454559434040559
CC_ADDA334AC0F7,0.12313470761149277
CC_ADDB6DDEAE9C,0.15703811178538338
CC_ADDCFEFC1D8A,0.05591663943133478
CC_ADE22641EC72,0.6659546049438919
CC_ADE2C37CBC65,0.29485408087026865
CC_ADE2EA1ACE18,0.07587724498976874
CC_ADE782DACAA1,0.15921433598302365
CC_ADE944732100,0.06303697076031115
CC_ADE9F652B1C4,0.21539178325273842
CC_ADEA47F650E5,0.10655612390695639
CC_ADEB224A0FC8,0.1188639525821665
CC_ADEB53CEEE0A,0.10978444648212597
CC_ADEF376A0872,0.2776631678761442
CC_ADF039E595F5,0.07928900036837701
CC_ADF28929E1A2,0.04309263720672467
CC_ADF2F2954D8E,0.07041445434817535
CC_ADF337654560,0.2119822348649901
CC_ADF481917733,0.5858103996660597
CC_ADF85F7B4063,0.17449818951845317
CC_ADFDBE770582,0.6751815945799859
CC_ADFF0A7D5E0B,0.05461387154760248
CC_AE00F0D0C033,0.11043992999634529
CC_AE02A5D0341D,0.24192569064791208
CC_AE02F560C77C,0.18569053236429126
CC_AE0A7C908D8C,0.05826444869326218
CC_AE0AA2176861,0.09048947727453999
CC_AE0B4C9B1FA4,0.08012712736456962
CC_AE0D45FE53DA,0.36273988828410175
CC_AE0D4ED5B39E,0.7363107003859826
CC_AE0D89C67891,0.05646292935528069
CC_AE0E3BBC1AAD,0.11636379280531943
CC_AE13EFC8813F,0.08770234580324596
CC_AE1584F51E41,0.20758056370231323
CC_AE1699E31024,0.03700187985488475
CC_AE1720BAB719,0.7262513607301052
CC_AE19061A2378,0.058463494764608284
CC_AE19ED337C72,0.4311289337488284
CC_AE1A5AFF96D3,0.10591899047954585
CC_AE1AD84B19BF,0.11705861628976837
CC_AE1C1240375D,0.4139477236007327
CC_AE1CE54A1491,0.618671243153293
CC_AE1E210EE301,0.0710894756056869
CC_AE1EB1A0FAA5,0.06712133849444737
CC_AE1FC05A449C,0.1640563678428015
CC_AE203BC5F2BA,0.4615265096055675
CC_AE21389FFC5C,0.06375057664509012
CC_AE21CB920437,0.04765055331539513
CC_AE21E2312141,0.17359667385288444
CC_AE225CA47E72,0.1322269202247185
CC_AE27CAB44497,0.0785245857746049
CC_AE29B8581338,0.21186056164336103
CC_AE319AD3D195,0.04520069537139639
CC_AE39DD14C6C6,0.2056448941729287
CC_AE3AAD115356,0.20928118130159254
CC_AE3B9459BBB7,0.17949399820578785
CC_AE3C24A0FBC3,0.10109978399841943
CC_AE3D2A2E2589,0.14278522829768103
CC_AE3E51CD37E7,0.10659871948313049
CC_AE3E9C6D2706,0.47663241233468145
CC_AE40CFD3293C,0.20513708292747412
CC_AE41EFDFB0B9,0.14103409031628453
CC_AE43A24DC47C,0.7658094138352514
CC_AE452F315759,0.10677734561993091
CC_AE4530CBB1F3,0.10082379424307142
CC_AE460D64404D,0.09624415387921395
CC_AE4985CACAB8,0.16604037933524401
CC_AE4ABB421CAE,0.11758299036520137
CC_AE4ABDD89DD6,0.10090948594103555
CC_AE509965C4F7,0.7843191090207349
CC_AE50EEAAA873,0.6916728666980803
CC_AE515CC58CA2,0.04349690723218246
CC_AE51788D2633,0.6389515667334745
CC_AE54FFBB8C1C,0.06608992543325216
CC_AE55C2BC4F2B,0.13981096926476996
CC_AE591B7C49BF,0.14547924723431366
CC_AE597D26DDA8,0.44899854463497046
CC_AE5CFBF4846B,0.26081871489155495
CC_AE63DB410779,0.14327329630350238
CC_AE645CBE4466,0.7526979105998528
CC_AE67B5F2118C,0.13635291558399132
CC_AE6EAE61C376,0.13091452477345944
CC_AE6FEF76E891,0.3144174697362656
CC_AE714513719C,0.04867564245304377
CC_AE77F85D001E,0.2063248963887304
CC_AE7E8605ACD7,0.711364661812804
CC_AE867E4BF75E,0.06854627669633999
CC_AE8AEDD6C9EE,0.08491122411899549
CC_AE8C0BCA4712,0.052113958760535706
CC_AE8E647A6F3F,0.13524342656966964
CC_AE91897EF74A,0.36374306307902443
CC_AE919399931D,0.10822801223969788
CC_AE92753557A7,0.2096109015007918
CC_AE97DB44840F,0.057473088066962844
CC_AE9BB9410CA5,0.11359808131081721
CC_AE9D92A6E9FC,0.06787005543497952
CC_AE9E7A2BFAC4,0.04625296308024725
CC_AEA12F674F15,0.1927702799602405
CC_AEA21A91AFC7,0.0451374785293628
CC_AEAD1D2628D8,0.14392856505897425
CC_AEAEFE4129F5,0.5231572977508628
CC_AEAF21EBDE54,0.08980792725918288
CC_AEB22B6F56AF,0.19687963208699694
CC_AEB5F5467247,0.14332267450196634
CC_AEB9210EF31A,0.16449865597151697
CC_AEB9626DA1C6,0.09935649019085666
CC_AEB9E09BC77A,0.15837596989665761
CC_AEBA8976A197,0.09001538645762538
CC_AEBC741D0634,0.08151203612528232
CC_AEC15B8F9F92,0.17568193571194413
CC_AEC701497E6B,0.3003320861818455
CC_AEC739840825,0.08380299541461964
CC_AEC89B7D44D3,0.14179210167684914
CC_AEC8A63F91D0,0.06724709453619529
CC_AEC95170B88F,0.10220291115066785
CC_AECA0A8CB1BD,0.2493430067941773
CC_AECD349E2097,0.20673694524660663
CC_AED0357EA173,0.603881375948082
CC_AED0A3349B00,0.4888702684730023
CC_AED70499C796,0.09864432816405909
CC_AED77EC7A78B,0.08827011297080144
CC_AEDC1510FD83,0.05168355505885307
CC_AEE010CBB017,0.08355807459796082
CC_AEE71414E528,0.7512512411669198
CC_AEE8759D007F,0.18726132329193973
CC_AEED6EF06F29,0.19535157020593213
CC_AEEDE87CFC1A,0.31503156407930405
CC_AEEFBA5D19D1,0.25401192797256
CC_AEF45E99AC12,0.7138297125964675
CC_AEFCDB2F88CA,0.2750202768016075
CC_AF0213915D8D,0.3306137864978471
CC_AF02F54E3C35,0.4816677254660469
CC_AF05008EC20E,0.09778883350994474
CC_AF0611715585,0.4504598620171397
CC_AF08CB6AD715,0.10270523942086514
CC_AF0C31DC66A5,0.05622490151020918
CC_AF0E2B9943A7,0.7299131501327946
CC_AF12F41DB690,0.2825940727360221
CC_AF166E2D0E3F,0.8020378825470974
CC_AF17A2737466,0.13591042959270686
CC_AF194314ADBA,0.29757901064915204
CC_AF1F270DFD26,0.2522454911806903
CC_AF214A8A035A,0.37415053578076446
CC_AF3062B89A1F,0.3806209226079459
CC_AF36A9E020FA,0.12610021263552396
CC_AF37C8AAE8E0,0.09923311582641445
CC_AF3BA240CC3F,0.14170497456473038
CC_AF3E413F6255,0.6410707522303017
CC_AF4088FC9119,0.3342783217239027
CC_AF49054B2277,0.07238971514176919
CC_AF49C2FCFA87,0.5705785604866185
CC_AF4D406B0654,0.08749505513830794
CC_AF555DC332C7,0.21858664448998302
CC_AF582B02EDCD,0.06069728161369563
CC_AF58C98AA9EC,0.7901262700190205
CC_AF5CC0A687B5,0.06122270491280355
CC_AF5D3134B3F6,0.06528745522787446
CC_AF5D8D27D891,0.3687099917726767
CC_AF6005E2F4CF,0.03972356056536777
CC_AF67EE3B3FC8,0.17003457585505605
CC_AF68168C02D4,0.05168964824770117
CC_AF6FB4C4426B,0.05899416897965487
CC_AF70B1B36E22,0.10356685548765932
CC_AF710F915793,0.6904161186324995
CC_AF71470BC6CE,0.23065685017465207
CC_AF7282F7EAD7,0.10128422080383852
CC_AF746E7AC0A8,0.7820393223878412
CC_AF76F9438628,0.16152874420148067
CC_AF78C28C28A0,0.11815337764108902
CC_AF78DB9BAA2B,0.0526910533784264
CC_AF7DB1E2707C,0.05363965107335881
CC_AF8621E1CF13,0.06966152191292048
CC_AF8B23CE5A44,0.037946894424861835
CC_AF8D7E96839A,0.08114129300538346
CC_AF8F523E3706,0.057693978631648435
CC_AF8F9029DAC7,0.10010914105176136
CC_AF93202C3B31,0.049420050034858366
CC_AF934635595F,0.06273242496953174
CC_AF961AF77849,0.2882044529552286
CC_AF9970A3C3E9,0.209709018538138
CC_AF99BB4DBAE4,0.21324550096400618
CC_AF9F176BBDFD,0.054026747468750504
CC_AFA11AC71C34,0.11625867925945918
CC_AFA5707C8CEE,0.08548395160797899
CC_AFA5B7C02A75,0.7829100478010318
CC_AFA5F052C5EB,0.16206612083613203
CC_AFA8A084A235,0.6486066792329547
CC_AFA91F7B1697,0.040035758837427105
CC_AFA93F009AD0,0.09777357975943218
CC_AFAB636D9818,0.19832391416072165
CC_AFAF81B04FCF,0.06877208469450298
CC_AFB303DBC903,0.0490889721577035
CC_AFB6D7B5A1AE,0.06721229872959392
CC_AFC12C1FC84F,0.23481471629177358
CC_AFC2525ACC6F,0.11609083153642519
CC_AFC7F0D41CE5,0.5646976752776254
CC_AFCA74650720,0.3520252990545546
CC_AFCD3EDD869D,0.10354920320417896
CC_AFCD8535C2A1,0.20230004237991292
CC_AFD475405365,0.4235827535981268
CC_AFDE3D99E223,0.16318895422227764
CC_AFDF14A9A7B6,0.480735305881559
CC_AFDF77AA5375,0.10303815305644352
CC_AFE0FB4CB64F,0.05246893917535914
CC_AFE210591003,0.7741397587168802
CC_AFE283ADDC7F,0.12185879779575637
CC_AFE2B70AF410,0.13232336449053253
CC_AFE613046534,0.2106761525196989
CC_AFEDF9B652F7,0.25430563844740645
CC_AFEEDD45D73C,0.12413898767019853
CC_AFEF7A7D89C3,0.7942279322839536
CC_AFF169410409,0.07759423487982163
CC_AFF2B8B0FBAA,0.11606518784879087
CC_AFF69BF521E2,0.06943048717238112
CC_AFF82DC79CE7,0.7716820442425366
CC_AFFCD522C179,0.4135840995057297
CC_AFFF20616F23,0.2086597634945988
CC_B003275E9D60,0.4955460492404182
CC_B00A18466BCE,0.16571915430224587
CC_B00AE0AB9A63,0.07873602293823034
CC_B00C4804D523,0.045099805295658914
CC_B00CC4C318C8,0.12231660584294357
CC_B00CCA033535,0.14630670225588874
CC_B0128621D9A8,0.1031530660946518
CC_B01309116B97,0.12950669565682074
CC_B013D539AB61,0.3999283404507762
CC_B014B10A64AB,0.2146292765835745
CC_B014DD824A0C,0.2081022587471124
CC_B0177DEF668F,0.23856716820787716
CC_B0181032E907,0.06164837469313189
CC_B01AC7F0F036,0.18834761072198974
CC_B01DBE02BB8B,0.08483195205521858
CC_B024D48B8054,0.050636867873466086
CC_B0261C998400,0.6948733598401461
CC_B029AC4DE765,0.061581919883894554
CC_B02D7541DDE0,0.09927400721096499
CC_B032E2A6905E,0.15100435453653455
CC_B034D8BBEDEF,0.12850910389097328
CC_B0350BE8E6FE,0.15929534586611957
CC_B03528226833,0.20294676120342672
CC_B03939873355,0.3439473193729772
CC_B03BE9FA1734,0.0546026723932472
CC_B04334B0B0C4,0.718804234445344
CC_B043F1CDD245,0.2680427982438808
CC_B044F29F51E8,0.11697667299774725
CC_B046431EA71E,0.1777725771304725
CC_B04BB8FC0AD8,0.10079319468057579
CC_B04C7CB49B84,0.08350038497315981
CC_B057BD497851,0.31938320620657246
CC_B05AE3704D5E,0.21119499272422376
CC_B05AF9368707,0.3118648600948777
CC_B05B4F05CD9D,0.15638125238636594
CC_B05E3F0ADEBC,0.06793534884754811
CC_B05EE9293D12,0.1262328880011671
CC_B062B789B5ED,0.12212230153321921
CC_B064B479B5A1,0.648335736372719
CC_B07237A090D0,0.5724183968760601
CC_B0755DFB8742,0.17317491231377838
CC_B07918BD04C4,0.1072814310059353
CC_B07B5AC346DA,0.7297628212868923
CC_B07E0F9EA8CD,0.10748282542206807
CC_B0862FABE488,0.12026811705638436
CC_B08C3DEEEE70,0.20261990379035466
CC_B08F20780247,0.31377958816174456
CC_B08F35EE50C4,0.4208426028113288
CC_B092D97C8039,0.779973138304936
CC_B09356D7F241,0.17609222765695076
CC_B0967C4983E7,0.17207878905561075
CC_B096A4A3750C,0.1264563118269248
CC_B0976D630613,0.17326951399695248
CC_B09DF83E8DA4,0.6372549352729563
CC_B09E493D68E2,0.13439279958911535
CC_B0A1E309C6EB,0.6466783282089709
CC_B0A302702ED9,0.14012262371453313
CC_B0A576C7643F,0.06758786388927703
CC_B0A65753268A,0.2311947000152291
CC_B0AAF0AD6A6B,0.09164915363255102
CC_B0AFC598AB5B,0.501575622653512
CC_B0B1DA1444BD,0.15038386541871498
CC_B0B1E52E0E29,0.20743478670221074
CC_B0B63087C4ED,0.44216102217471764
CC_B0BC441FBF4B,0.17978315374241088
CC_B0BCD5264A51,0.1527652762360627
CC_B0BDFFA551C4,0.6333020510326774
CC_B0C13AC2E1A8,0.7660499284505058
CC_B0C27E607EEF,0.06706202453823745
CC_B0C8AB9126A5,0.07787703123888089
CC_B0CAB73EC9DA,0.1250106777295905
CC_B0CCD4ADDC2A,0.1907696564136757
CC_B0D08B02907E,0.11379798582414753
CC_B0D283546341,0.12582834218589192
CC_B0D3CBCE976F,0.1670115356899462
CC_B0D4ECD771C4,0.11712455392478711
CC_B0D7A429141A,0.1509306081465933
CC_B0D8009E8CB6,0.2816939241513722
CC_B0D9E4DE26F2,0.06466050966242648
CC_B0DC4AB45357,0.05794287085882689
CC_B0DFB37E817A,0.6530794801261288
CC_B0E167437161,0.1552390449289342
CC_B0E41C0DB613,0.2674246911667135
CC_B0E5C2DA2D2A,0.08510447122589294
CC_B0E7698D91DD,0.40571443473508373
CC_B0EB81C77ABB,0.0989914005244515
CC_B0ED801EBB23,0.16734715017975027
CC_B0EF31816C2E,0.09629223067340552
CC_B0F054258600,0.20839483978141185
CC_B0F098FD61B3,0.06875243676022838
CC_B0F2BFC26991,0.10569656187107501
CC_B0F5578A35C6,0.7255628432917102
CC_B0F5CF869F9A,0.04445644162733594
CC_B0F60BDC9B4C,0.1508042784550454
CC_B0F68FDEAA01,0.06008488245481135
CC_B0F836749868,0.11229315797917314
CC_B0FA04A1A16B,0.1279957945216748
CC_B0FACB174F2B,0.7991506633376776
CC_B0FB97C4DF19,0.19076578303587577
CC_B1015B2DBF95,0.7184943341693188
CC_B10186CE70F0,0.10588268850382203
CC_B10A1AD4669A,0.03492041336805349
CC_B10B9E060283,0.25412641206579833
CC_B10DAF4E7083,0.3615249917805544
CC_B112B109661E,0.056459595047465026
CC_B11400385BC2,0.053252899524058386
CC_B1170AEF8A8E,0.3460004660985437
CC_B117C62EE902,0.7760416213608186
CC_B11B78FFF0ED,0.15724506299739677
CC_B11B92C24485,0.04583813502988043
CC_B11C0F016104,0.6705404725176399
CC_B11C5EDAD05E,0.12421850634681175
CC_B123138A4DCE,0.3536188462574821
CC_B1260B8FD17E,0.7564222778706365
CC_B13110E5DAE0,0.04785291310307355
CC_B131B7A7230A,0.18196786937864035
CC_B1336D33C077,0.08541513738626719
CC_B133B383F23B,0.586642816339132
CC_B13777FC0108,0.04221499580798715
CC_B1388245D5FA,0.18686497623029852
CC_B139AF180B45,0.14494882494439218
CC_B13ADC5B0A0A,0.30465419710126657
CC_B13AF3492FC2,0.25092791371632506
CC_B13F39269237,0.2705503728984998
CC_B141B874574F,0.11156786826542613
CC_B141C8EFBFB9,0.06127151119102101
CC_B14265F5BD2B,0.11959835031218384
CC_B14AA7B89CAE,0.5313739960110437
CC_B14C47C7E0EF,0.12186299847062605
CC_B14C68F364CF,0.10396022779715489
CC_B14D958CE776,0.16475857764961624
CC_B14FE3365CD8,0.2926122937425724
CC_B156C4D52380,0.146892300692905
CC_B157DA76E30D,0.14859539979430864
CC_B15AB367E525,0.05374059410683498
CC_B16192C5BBFC,0.27944686301134775
CC_B1664072F206,0.15777835338139184
CC_B16BA8EB2659,0.24712987037923537
CC_B16ECA56DF74,0.21257756375488954
CC_B17296B311D3,0.399959523718909
CC_B173918BCC8E,0.3608528287768101
CC_B17599386DCC,0.16307500758564428
CC_B17A6F488F95,0.17498967847176025
CC_B182E33ED53C,0.13164659719913355
CC_B18330714657,0.23745135837868142
CC_B184B3D0FC26,0.22136318618675138
CC_B1896AD3E346,0.471853898024731
CC_B18A91081EC5,0.09174997851104051
CC_B18B49957711,0.14771508239789252
CC_B18D3C585EF5,0.08293290519414336
CC_B18F818F3891,0.08222239754659963
CC_B1917E7DBAD2,0.3277908947436868
CC_B1978ED9A83D,0.08614402960333489
CC_B19B2F752321,0.2437462720346974
CC_B1A0D6610EE3,0.07623846851743932
CC_B1AB24906849,0.1481174313964524
CC_B1AB7B2815DC,0.6781471226470852
CC_B1AC114978A5,0.17043995526854888
CC_B1B06D3AB2B1,0.6631202504640213
CC_B1B1B9A56CFE,0.061295454563600096
CC_B1B7EA857BE7,0.46663505056127735
CC_B1BB492AB129,0.8091717484325059
CC_B1C213CD27EB,0.2914167709690747
CC_B1C49A983E72,0.06717878330933615
CC_B1C6B6C51FCE,0.0714506839711041
CC_B1C7B40104FF,0.09813944317729578
CC_B1CE7DCBCAFB,0.07526592083654662
CC_B1CF878F06E4,0.10414774879409017
CC_B1D03AF379C3,0.19728327095626674
CC_B1D3D4BE5585,0.0674250865792067
CC_B1D777E1BCE8,0.17798307750767373
CC_B1D8DD7D15B6,0.562744629941436
CC_B1D8F3B4AF25,0.21196909950974074
CC_B1D924C24580,0.1303190932682514
CC_B1DA5DC49F91,0.17670406719829848
CC_B1DAD1ABDE78,0.05965352408996762
CC_B1DE9CC9845B,0.09069208178203722
CC_B1DEDE94533A,0.09014117632984868
CC_B1E073C84B61,0.0857548547289527
CC_B1E127D8AEC4,0.39636787721841277
CC_B1E490CE3B4A,0.16693410612183202
CC_B1E94C87DF12,0.09213372506337995
CC_B1EC10B3AFB3,0.6217820804738234
CC_B1ECA15DF9BE,0.16864779819571618
CC_B1F0F4758305,0.7203662709171644
CC_B1F1EEA3B3F0,0.04753011018434834
CC_B1F2138EBCC4,0.16424425360522404
CC_B1F27ABDBBAB,0.11372937431968333
CC_B1F5C1901B70,0.20226153274968334
CC_B1F8F951A8BF,0.09930974463248006
CC_B1FA8AEDA775,0.25116896466446736
CC_B1FADE3FEDCA,0.04501723452402891
CC_B1FC1F3134EF,0.3134168118199808
CC_B1FE8DF646B3,0.08763969367516088
CC_B1FF0D030ADC,0.19202563690225993
CC_B1FF6BA6F97E,0.11326337560663732
CC_B200BA186DD1,0.28365108082842905
CC_B2032846C98F,0.049405971484226645
CC_B203AEC74B09,0.13458019485522374
CC_B203E5031F01,0.21935431721184967
CC_B205EBE37539,0.07398818308663505
CC_B2064BFE82D5,0.14789318970874724
CC_B2064EC815B6,0.8028489501969988
CC_B20A0F1121EC,0.22976953560914368
CC_B20CCF5250BD,0.06701802701097068
CC_B20FBE5D9212,0.09401254735767883
CC_B21222ACA307,0.2225511887867983
CC_B2154D71F930,0.3604731691928986
CC_B2160F57219A,0.057248675440635145
CC_B2184056C830,0.15538857492739866
CC_B219891161B0,0.12465143601587395
CC_B21A9EB946D0,0.3310627564645149
CC_B21BAF90899C,0.06785145494028547
CC_B21FA9AA6699,0.06768585786122519
CC_B21FF4F76401,0.5640810601813822
CC_B22078E0351C,0.06262905245607857
CC_B22218BC745F,0.23172782257540603
CC_B2247F61282B,0.15983801413111454
CC_B224AB0ABDF8,0.2083484566198634
CC_B224ACAD2EF2,0.6489014540620641
CC_B224BB163671,0.053952544796168164
CC_B22C5EA62F64,0.14299388705848742
CC_B22D80148C26,0.5789618204933872
CC_B23236086FD3,0.08347583180538166
CC_B2330EA94B7D,0.12399843824665742
CC_B238B2923086,0.12145796234427146
CC_B23BA6481B10,0.038360388862234175
CC_B24117ADA922,0.23376545384982056
CC_B241ED2351D1,0.07047779448585174
CC_B243DCAC75A6,0.22148873336484284
CC_B247C68735F2,0.24585898846339188
CC_B2484952CF84,0.03843426863187852
CC_B24A19BBD8EB,0.07535159483474248
CC_B24E66527591,0.08612083922939591
CC_B24E9EC5E6F9,0.1281315121375534
CC_B250E7F2DADD,0.10973651634415657
CC_B25298D856D0,0.7236168528964539
CC_B25330C545DC,0.10582733357324141
CC_B2548DFBF9A0,0.3399069171355199
CC_B2563033BBA7,0.3411319018785809
CC_B25A287772AD,0.18934906764046863
CC_B25ADC06612C,0.15944409203713558
CC_B25B08AD69F1,0.05591576137629959
CC_B25CA6B6C83E,0.07549961795877586
CC_B25D1CCD9D9D,0.039518726423716115
CC_B26329CCC83F,0.07520824357782933
CC_B264948A989B,0.5631682027931555
CC_B26CE8256566,0.05983220101614208
CC_B26FBDAC124A,0.24968391478934585
CC_B276CC59E39A,0.1572932808264174
CC_B27BE369DD48,0.10738660050705302
CC_B286A2A27850,0.1394926589771864
CC_B288909D0C8D,0.6959370088820779
CC_B28AB79B8333,0.06553294639642912
CC_B291AEFBB699,0.11918847194273105
CC_B2974560531D,0.6891543670501669
CC_B2978E879260,0.7250932481789767
CC_B298A4CEA245,0.2578823954298236
CC_B29B14FD20A9,0.23346006339249717
CC_B29C88148C9F,0.05182254991073595
CC_B29D4492C72C,0.036544995466642055
CC_B29E7F7C704C,0.06760962946913084
CC_B29ED1655F5D,0.3693672449375388
CC_B2A1FB08D989,0.4556016608898191
CC_B2A327070662,0.11430037295110591
CC_B2A5AE1E5C24,0.09705164352548937
CC_B2A6043EFB0E,0.07594562430370624
CC_B2A673C49E2D,0.0407442402052722
CC_B2A96CDC297A,0.32272569323575795
CC_B2AA150D3571,0.06337052334058987
CC_B2AAC508265F,0.047335714596968004
CC_B2AAE6B3A043,0.32799216114690255
CC_B2ABEA5672B9,0.07376180513393657
CC_B2AC8D334893,0.12628843633169518
CC_B2ACF9FB403D,0.14218049633498916
CC_B2B16B4EB475,0.11489992382505194
CC_B2B327BABE86,0.08982047018351791
CC_B2B373215899,0.11825557018446213
CC_B2B867422424,0.05567543855803978
CC_B2B9BCB9EDF8,0.23975534606849638
CC_B2BA3D68C274,0.3863491500792471
CC_B2C07BB323C2,0.06296338625567946
CC_B2C11F1DB393,0.3452704687576202
CC_B2C26E634CFF,0.0724262968066401
CC_B2C54E77DC7B,0.22655418795491672
CC_B2C5F6070722,0.34389649720428866
CC_B2CC87FE3962,0.0672692039770119
CC_B2CE7B449F8B,0.34035636808134623
CC_B2D24B7D9B0A,0.2105247717545456
CC_B2D4055CCAD1,0.11393311217761197
CC_B2D665A5637C,0.19462804308371287
CC_B2D77A760F52,0.048925285555642975
CC_B2DB6A065475,0.1567565590309315
CC_B2DD660D8D17,0.04200662630544724
CC_B2DE51477975,0.1413619803173043
CC_B2E0B2398A74,0.5607743112372714
CC_B2E62898B489,0.6999573485675875
CC_B2E817674A56,0.14408474914017128
CC_B2EAFE20698D,0.7235464632356112
CC_B2EC697FFF94,0.07018263136516664
CC_B2F326A553B8,0.10881850324246989
CC_B2F4CF78D460,0.22966512160229224
CC_B2FD8C27B4C1,0.0561834637149267
CC_B2FF738E7422,0.15950945317631532
CC_B300E0C2E135,0.08321476336063231
CC_B301C11A9086,0.12665123282642554
CC_B305CDCEFF13,0.08708257096697888
CC_B30DBF80C654,0.545227655410304
CC_B30E1EBC8C40,0.14628329752580918
CC_B30E4D88A338,0.4401238636048289
CC_B30FD6A665CA,0.12912786107599636
CC_B30FFFF406E8,0.17865235934502785
CC_B3113A74AD74,0.4834334573949679
CC_B31150DA623F,0.11703474137629888
CC_B311C7D613DB,0.039274885317533856
CC_B3122C4AAD86,0.3532245347510305
CC_B31F1DB88077,0.2161170871618406
CC_B3220C1F7BA2,0.16134580421396744
CC_B323A7D1F561,0.07996450302744054
CC_B3241EB5094A,0.06778173249328732
CC_B324395FA7E7,0.14932262089374065
CC_B3262D249D0B,0.11715715523469472
CC_B32727536EEC,0.25574283748289145
CC_B327B73C8EC6,0.17678209496122083
CC_B329346FF953,0.1096396087687657
CC_B330093492B5,0.5982650949564794
CC_B33176E40484,0.037367156455681075
CC_B331D52E0379,0.1803772509076489
CC_B33397E6D0B9,0.05868631776379322
CC_B336E1CFCDE1,0.19306726665936425
CC_B33AF5133447,0.08634742859567994
CC_B33B930000EC,0.1552450916358956
CC_B33C3D985DE8,0.13775715064033092
CC_B33D621E3493,0.5393768398192765
CC_B33E5FF38DEC,0.06911677994498291
CC_B342911CECC2,0.32922647024640134
CC_B345CE1BACDF,0.29806390048859366
CC_B34636560EC7,0.16967711363316823
CC_B346E02B5D3E,0.15944574380731202
CC_B34BF42BF2BA,0.28405747388106295
CC_B34C0C76F071,0.3478013894276695
CC_B34D28827379,0.40298758520644845
CC_B35841EDBE12,0.22654237637177413
CC_B3604A5FBF10,0.17620269674187897
CC_B361EE0374F6,0.10398009985665695
CC_B3640B4C3B61,0.3316990786017246
CC_B36729E4C612,0.04654613153713149
CC_B36A8B93D909,0.1126670753084881
CC_B36D8BD90914,0.10667860701260426
CC_B36FCC81ED42,0.3701452498634099
CC_B3703C353207,0.13391000686045185
CC_B3709A7B2F19,0.08933357735448942
CC_B37117B73FD7,0.1931719528300287
CC_B37447984236,0.16782672498003987
CC_B3760D021B18,0.11349334472902188
CC_B3796E0501B6,0.1773400060320693
CC_B38017E0F3DF,0.7123386014109973
CC_B380E45FBED9,0.1361074379676777
CC_B382A97F0509,0.055021206372081424
CC_B3835842F0A3,0.05305918424183803
CC_B38373E5D247,0.09546546716532703
CC_B3857BCC9D6C,0.37775865381149676
CC_B3868FC78377,0.04862535373895196
CC_B3887E8C3407,0.0629315309925307
CC_B38A618FF575,0.09542110398054912
CC_B38B49DCD5AA,0.08593351167215249
CC_B38EA4C4E4FB,0.09892859754574172
CC_B3938E788350,0.7544510532209332
CC_B3971D261D72,0.09507838861817619
CC_B39EC8DC190D,0.1565160165946013
CC_B3A0B835BAAA,0.0736094741350897
CC_B3A280B8E509,0.052237816718245025
CC_B3A4E7BA564A,0.05556530370484071
CC_B3ACC02CE263,0.22030050586183741
CC_B3B05A15B15B,0.08703763463748536
CC_B3B6ADFFC91A,0.491212131410873
CC_B3B810976F47,0.09519179429654848
CC_B3BB0D08BD0C,0.11442043753068565
CC_B3C0C3898AB2,0.14608594266369923
CC_B3C67A81277A,0.13533452432100507
CC_B3CA4D58E10F,0.2878960130771788
CC_B3CDB1BD3C0A,0.3801219340605818
CC_B3CE0367D438,0.2904435678901341
CC_B3CE50B5FE07,0.11412402440434047
CC_B3D24AF817B9,0.062451778770450536
CC_B3D3EED2A6AB,0.2119804731751796
CC_B3D576CB1734,0.10055060487203746
CC_B3D930F7B064,0.11965890659973284
CC_B3DAC91CD9DB,0.6318628657533848
CC_B3DF392D05BC,0.45270030986355075
CC_B3DF7AC36679,0.12509969294765208
CC_B3E275D838B6,0.2729098864854131
CC_B3E56BA7AEFC,0.14279270081190593
CC_B3E61637E2B7,0.7346212906399594
CC_B3E99F0A7306,0.08304496695668798
CC_B3E9A9FC7B94,0.7267052134428784
CC_B3EB21E7A274,0.20799190780472876
CC_B3F15271D27F,0.791464573357233
CC_B3F6AED5A965,0.37483648501739353
CC_B3FC7C4F088C,0.16080873523328354
CC_B3FE28A86508,0.4726459995888962
CC_B3FE97905CB4,0.41787538520146195
CC_B40311168936,0.04667904734660792
CC_B403CE4D8B37,0.26747703322826183
CC_B404E192BB32,0.11925753422821653
CC_B40500D104E6,0.1163253968631196
CC_B406DB281F17,0.3745744471875066
CC_B406EAC43E7F,0.13614132323863698
CC_B408D57C7DC9,0.11770824092546632
CC_B40DD01F1AAF,0.07709540289921916
CC_B40E45CC586C,0.08126393090946561
CC_B4113EE08BAA,0.03622089804308462
CC_B4124650B398,0.18424916803008107
CC_B41854403F46,0.09027887626539029
CC_B41E89B4329A,0.21568880225013984
CC_B41EEE93358C,0.10576724624315459
CC_B422C275DF41,0.18503986852077736
CC_B427C47E16FC,0.12927841138043702
CC_B42B008047D6,0.7236296840022867
CC_B42C3AEE21C8,0.1800017525159888
CC_B42DB3AF92E0,0.1338461537327643
CC_B4315A9B9ABE,0.16103919368468406
CC_B4335FEBA780,0.15080194673954095
CC_B4367BA90A47,0.15650306005978004
CC_B4383CFEB08C,0.08518507502629372
CC_B43957F9DDA8,0.23079596956926274
CC_B43B698A3C02,0.05589577134498044
CC_B44209581ACD,0.16808081188436125
CC_B4438E98B686,0.5541328864828521
CC_B446666BB10A,0.12724066552223595
CC_B44668E2C2F3,0.1500121259785905
CC_B446E5C3B301,0.6420109795789297
CC_B448F42CF17C,0.18561490849028342
CC_B449922DCDD6,0.6554482291360713
CC_B44B5A5A041A,0.13603411768732196
CC_B44D02138E7A,0.14002151882431751
CC_B44D20E352D1,0.6596709349186145
CC_B44D873F7141,0.5052528629280992
CC_B45139122C75,0.18794528334914856
CC_B455DCD7CFB1,0.05061317622600357
CC_B457BC1EFE98,0.30179037076259474
CC_B45C8D01EAAF,0.1823718715892247
CC_B460AD294E49,0.680898468919306
CC_B4632E721F89,0.07127120237146946
CC_B46533505217,0.1694492144896628
CC_B46985BF951B,0.6363390032807279
CC_B46B714211C8,0.26748767775307053
CC_B475F5CDE3E3,0.10605609997036572
CC_B47BE92D3056,0.08524273716746064
CC_B47CAE1F82E7,0.17846658092307038
CC_B4825FF02DCB,0.18837266207354397
CC_B483FD08B026,0.1984145418112055
CC_B487EF77CB9F,0.07077369773728587
CC_B48BF6232602,0.06936516907598707
CC_B48DB3F334D9,0.05514145281735374
CC_B4904F5B35C3,0.12047912897492163
CC_B4947FAD54A7,0.12967419900050808
CC_B499982B2034,0.03630868699874702
CC_B49C2A33D7CA,0.2933261733340939
CC_B49C7155F07A,0.04212071209548503
CC_B4A1B03F501C,0.13489582657676252
CC_B4A54CED6475,0.061595335784595154
CC_B4A56BE017B4,0.5307767662194318
CC_B4A8F785F529,0.17879837821928687
CC_B4B17D508C29,0.055058599591098566
CC_B4B63F000011,0.11361704078857018
CC_B4B7327847BF,0.1033799181227995
CC_B4B93EEAB01B,0.039605004090670415
CC_B4B9A540BE1F,0.1979057145357393
CC_B4BB6938BCE1,0.30042754562607316
CC_B4BBA1437147,0.08938616434415927
CC_B4BF7392343D,0.07934983361203508
CC_B4C21F5A85DF,0.7810105107540191
CC_B4C55B94E9A9,0.3185011475602452
CC_B4C7BDEC7257,0.0795159395192432
CC_B4C7E22E81E3,0.09883533506631971
CC_B4CA54D3CFD5,0.19117458993898848
CC_B4D1829BA2B6,0.0588407476252907
CC_B4D42F0031AA,0.2120802650575723
CC_B4D578E1C386,0.1791219978033956
CC_B4D896E47482,0.19687375507009588
CC_B4D91EB8CC93,0.7154430852969431
CC_B4DB93A7703B,0.14556590660664487
CC_B4DC098F6530,0.112191317737192
CC_B4DCA5DE0E20,0.13070768241956401
CC_B4DE4BA6CC2A,0.0941368120483909
CC_B4E30D3E9872,0.045178386426710807
CC_B4E78092D84E,0.09148279132661274
CC_B4EAFA14A536,0.30618660216852656
CC_B4EB2EFC791F,0.7306367701151986
CC_B4EDF1F4D225,0.09006146310055767
CC_B4F0E141D297,0.2374172819169595
CC_B4F4ABDF2A3D,0.1290072620490595
CC_B4F50C3BF5F0,0.7454839119183017
CC_B4F63D3155B7,0.08400790755303106
CC_B4F75B2EB49A,0.0945585510692719
CC_B4F9D1799B07,0.05279769389325699
CC_B4F9F103FAED,0.07458785351285345
CC_B4FB7E58FAE5,0.2532794173273796
CC_B4FC52325727,0.5576033768027108
CC_B4FDF8CA84FB,0.5516398384169041
CC_B5009FDE282F,0.15228823502718694
CC_B5010358763B,0.12649334659809444
CC_B501F230801E,0.09353022673378068
CC_B503153916E6,0.3709800000553276
CC_B5061E51789C,0.092617832781064
CC_B506B7BAB8AA,0.041127880396885544
CC_B5099580A9F0,0.06307984483996595
CC_B50C513DB095,0.044148197425985664
CC_B5109C957767,0.5398048535194842
CC_B512C8363B16,0.18697802176296424
CC_B514EE72A7B4,0.10614195251879766
CC_B51923D0BFAF,0.06810766754099964
CC_B51A668598F2,0.19157149761368422
CC_B520C7B8C864,0.12855812120891014
CC_B521EC1A0303,0.42103695170516636
CC_B523C1402A36,0.5593407056819835
CC_B523CD365299,0.22185384468089456
CC_B5245FFD1EC6,0.6697825037131737
CC_B5247725EFFE,0.18785434796098097
CC_B52B2214457E,0.051953402939935125
CC_B52B39B1DA6A,0.16223112593848943
CC_B53168EBD73A,0.040466286856658616
CC_B5330EFCE16C,0.22370666959383412
CC_B53491202C20,0.1852665191987329
CC_B5371DF409F9,0.1301870350906985
CC_B53BEBA0926B,0.7425996676265921
CC_B53C267FF41F,0.191629758576275
CC_B53EB7D34A26,0.052736140043733185
CC_B5470B5EB8DB,0.08968007602990336
CC_B54875F8A9AF,0.1800830328076826
CC_B549DADDD983,0.07240253032895465
CC_B559BF8078CB,0.25038520739703896
CC_B55A0C4D1374,0.20670824123285597
CC_B55B1BFE9FB9,0.08008955998492431
CC_B55C30B377C3,0.056163366777564706
CC_B55D68594685,0.09355535478583069
CC_B56A0458A86A,0.21306293600919196
CC_B56C4BFBF981,0.7453088611088854
CC_B572AD95F312,0.18041249226799877
CC_B5743EA772EE,0.06904445195370158
CC_B57667053B8A,0.09153182163021678
CC_B5787D27A670,0.08693937699141244
CC_B5815BC5BAC2,0.20186416437274354
CC_B5850A5F09E2,0.05018851654671293
CC_B585414CBF1E,0.21751040262174098
CC_B58B40FA5A3F,0.4774175545992721
CC_B59492B2D6B8,0.07381878594144525
CC_B594FE1C2E6D,0.039902206229302226
CC_B59B5F0DA9D0,0.31908462107844
CC_B59D562B8F3B,0.3121403816672559
CC_B59DF8C1F1C5,0.09497299027332042
CC_B5A1AB21DE1F,0.07362078198993961
CC_B5A206AEDCD0,0.17312159767871238
CC_B5A3900D5A9C,0.16828470782720964
CC_B5A46454D25A,0.23610348197202646
CC_B5A4B25364DF,0.15270897835364014
CC_B5A510A71B9F,0.16153821672306756
CC_B5A5D46AE97F,0.16229393010289775
CC_B5A82E89C5B5,0.10344221089297838
CC_B5A9055816DE,0.11081779226859305
CC_B5A91B066026,0.15511700320441485
CC_B5AA68E4D058,0.34578356753302353
CC_B5B5B3523912,0.1064381956162268
CC_B5B6A77D9E65,0.7110924860597316
CC_B5B95CFE6AF8,0.14397489930670399
CC_B5B97A1BD47C,0.3228043548127857
CC_B5BB0D7AF9D1,0.14759607043498232
CC_B5BD2C8C30C7,0.2648142019951171
CC_B5BD917E9D06,0.0663798500402468
CC_B5CA1039F9D8,0.10025724814149799
CC_B5CB61907F4C,0.19275052026697095
CC_B5CC6410F5B4,0.08657219907419772
CC_B5CCD4D3F03E,0.2794591607946386
CC_B5D25CA5AC2B,0.041294612652291
CC_B5D26B7E7411,0.129985028286778
CC_B5D34C883D04,0.06411463846975549
CC_B5D49389856A,0.04140976273147816
CC_B5D8DC57BF26,0.1627632659442971
CC_B5DB1F7F7C58,0.26804388520679356
CC_B5DF8BBB4C36,0.1610148007114234
CC_B5E29467CAB3,0.7768230411874228
CC_B5EB0D198E0C,0.11270139418901226
CC_B5F0D3681BC3,0.1406718088547442
CC_B5F56271ABA4,0.0464207441314293
CC_B602058D8690,0.11289721536263493
CC_B602332D7DF3,0.08958701086565476
CC_B604C5041BF5,0.1820289308044756
CC_B6056A96D6CA,0.15681465763107635
CC_B606DE5356E0,0.1964940993486997
CC_B60B306F44FF,0.233329096179908
CC_B60CE2B9AB08,0.35509442503779043
CC_B60D3AB1813E,0.08425513803689719
CC_B60DF22B14FD,0.14124509209008904
CC_B612095DA925,0.13510066172820495
CC_B613F6BE703D,0.6822364619854822
CC_B6181019950C,0.04793942396291343
CC_B61ADC6ED574,0.18020356292280174
CC_B61E61948380,0.09246563468243593
CC_B61E6D2F6509,0.16428133976539486
CC_B61F825D98BC,0.18880440769273102
CC_B6211B9138BA,0.12525617980704087
CC_B623208509F8,0.06004458717142488
CC_B6275B864557,0.30300100363804805
CC_B6284D8E8C01,0.05853255619658937
CC_B62897AB5D51,0.05358901465540457
CC_B62B0A206D47,0.18009272699504483
CC_B62CBBFFF421,0.17100185203144264
CC_B63633183F2B,0.18985968721614405
CC_B636A07DE435,0.07730633232420309
CC_B6383F0AA8A8,0.13960848114281227
CC_B63F326A5E67,0.21698471848832698
CC_B63FB93B6C77,0.14402976436513482
CC_B6479B6526C0,0.1574212510951367
CC_B64B193EADC8,0.1341085479368446
CC_B64D70F612EB,0.26178816921814907
CC_B64E264FCB95,0.22405055150864706
CC_B64E43D34DE0,0.13720956323794695
CC_B652315F1E6A,0.06816224463082353
CC_B6551B91C7FC,0.09281919451838849
CC_B655A073D354,0.11337422226944797
CC_B655FFC61FE8,0.07195945222743044
CC_B6568A10237D,0.12630744192513804
CC_B658FA6AADC5,0.05511277950864675
CC_B65C5A0A850B,0.10479862204204822
CC_B65FD4D75FA8,0.1012097407100914
CC_B65FD8E5CE03,0.3403967020338229
CC_B660AE6A8C52,0.07452962827847921
CC_B667E2E6360F,0.11985878736295016
CC_B66BDBC98A28,0.6283545694085706
CC_B66C4F4F589E,0.09204769507383674
CC_B66C645DA996,0.07130889288977581
CC_B66F72D514BA,0.6556775268262642
CC_B670ACBEBA9E,0.07237748833617691
CC_B67149DDD112,0.11978634207620305
CC_B6727788A303,0.2861635287772648
CC_B6729502F155,0.08309115466552407
CC_B67510A2914B,0.27765529559169444
CC_B675D7E716AB,0.05642992096079846
CC_B675FC083D14,0.19537419065482245
CC_B676B6612893,0.1084387485895858
CC_B6852E10449C,0.04238875583618938
CC_B68614D33821,0.6758853454846274
CC_B6866B96233E,0.12380899755766553
CC_B68696069CA9,0.6908047497604423
CC_B68AD1786AEE,0.05316170008515926
CC_B68E37EB48A6,0.15933992738158992
CC_B68FBC06D477,0.06908354949396252
CC_B692271B331E,0.06360884480737623
CC_B692FBE376CC,0.7251490549114312
CC_B699EA8B9CBD,0.04880009195583482
CC_B69D607347D7,0.049360402022180803
CC_B6A42687A99F,0.06492044445029835
CC_B6A55DE30C9A,0.08842699480227073
CC_B6A6CC0654C5,0.17132204403150444
CC_B6A827AF5A7A,0.7270363946517564
CC_B6AC429C548A,0.18977695207775896
CC_B6ACDE44E566,0.588845050734543
CC_B6AFC6B5271A,0.050795552113691335
CC_B6B23E11CA10,0.36071732118407085
CC_B6B643CAF971,0.733582958482876
CC_B6B8ED17CDEB,0.15903624360627905
CC_B6BB6760B6EC,0.0653078328175181
CC_B6BC805B2F0C,0.04300730195496991
CC_B6BDF671FA69,0.09583887683801554
CC_B6BF9FB8EE35,0.07546288410140392
CC_B6BFC3A9B140,0.05562731978913371
CC_B6C207561A37,0.056588299994782966
CC_B6C263D15E6B,0.0501360077372921
CC_B6C4A2A0752E,0.23436645711042497
CC_B6C6E3E82340,0.26031299622741555
CC_B6C9DD736B18,0.0887819191553105
CC_B6CD9EA2FC76,0.10073928831490142
CC_B6CDEB17F676,0.14754504780243421
CC_B6D43B815E5D,0.19006602610264056
CC_B6D932FF112C,0.08375163948160175
CC_B6DC08A19DE0,0.03655291336540611
CC_B6DDCF9A2C6A,0.22158143448912768
CC_B6E2791AB004,0.3609974070164694
CC_B6E298F02D30,0.04321197217020247
CC_B6E30C00FF74,0.2133865097958227
CC_B6E35FAB5C77,0.07107703928150917
CC_B6E36B646521,0.11446849276071029
CC_B6E37855E39C,0.08782648912030092
CC_B6E6383557EA,0.16719320293990236
CC_B6E8B19907E4,0.36823304513727456
CC_B6EB3B8A05C8,0.10621484564127973
CC_B6F930E2B261,0.6860898361683521
CC_B6FBED5F3972,0.4902084790858847
CC_B6FC7FBD9320,0.29154708300025256
CC_B6FEAEC3125B,0.0772452691328697
CC_B70173E27378,0.07297017703163633
CC_B7057CB1217D,0.10124818644764877
CC_B7064073D046,0.1473307485933997
CC_B7081AD5B8C7,0.1203827177959921
CC_B709CA64A212,0.1330565719889744
CC_B70BC6885DF1,0.15832595627869353
CC_B710C799648B,0.04927547221954429
CC_B711D2F3AEE9,0.10022869288572782
CC_B713A5905CC2,0.047397353685325785
CC_B717326EDA68,0.06831167232674144
CC_B71832CD5995,0.08879299120651281
CC_B718A374B57B,0.16898038478330862
CC_B71A810141C8,0.06781846055289477
CC_B723AD831BC3,0.2734630356107498
CC_B72C2A88239E,0.6315054971122718
CC_B73083C6BF7E,0.17314640879991117
CC_B734B5FA07FE,0.06478231061527799
CC_B738832D9D51,0.40422179801448915
CC_B73DC1A386E7,0.5054341785271561
CC_B743E78463F4,0.05265212381238832
CC_B74788274022,0.07096027567107539
CC_B748D7F02E7C,0.24799356576912604
CC_B74964307C23,0.3160722879771404
CC_B74B0F8E4356,0.31969586768319014
CC_B74E0D7B09D7,0.1529262412115195
CC_B752E27906BD,0.1506711046382969
CC_B754037D7002,0.11373721281271021
CC_B7561EE51FA8,0.05160919158882617
CC_B7587CAC7661,0.45177676152501933
CC_B75F2D7732FA,0.15269506610472222
CC_B75F537AFAF9,0.1716116458706234
CC_B75F5C4A485B,0.7806582263077788
CC_B7619AB98E6F,0.45082308195268334
CC_B766D76000F3,0.21519326672061792
CC_B76AD67243B5,0.15305859151476547
CC_B76D242706C0,0.1804693235861875
CC_B76D30A6B56F,0.20588764093403372
CC_B76F020F05EB,0.13315851933230033
CC_B7703BDCF533,0.3423643709140586
CC_B7719A26EA3A,0.057185362407554195
CC_B773E534421A,0.04026508040818887
CC_B775CF1A2270,0.1432325045313496
CC_B775F75FD283,0.06040549265948716
CC_B7763C899A66,0.10689513964076078
CC_B77718A7E5FC,0.26206177955108134
CC_B77B3C336E8A,0.14309951435872642
CC_B7810B42A814,0.31634613549789914
CC_B7842D68E697,0.09371802537899739
CC_B784F8862096,0.0896868619166458
CC_B7866F36A78F,0.4879682997098521
CC_B786E49318C9,0.05595724947029747
CC_B78838D23124,0.07290405050048439
CC_B78951F57A26,0.19697664048134866
CC_B78A5B1F4CCF,0.06360015602519398
CC_B78AD445A1D7,0.610182991177112
CC_B78D7C679AD5,0.09718311121182574
CC_B7902C58BCB1,0.09428302711727801
CC_B79915F71ADC,0.053456460836011424
CC_B79E07AD5E66,0.07373401958604198
CC_B7A827D762D2,0.17782583658820572
CC_B7AF5DC39798,0.10010870465990378
CC_B7B122C7AF37,0.30692847139358814
CC_B7B41EAD7196,0.08592951548623348
CC_B7BA89E342EC,0.3556460744525063
CC_B7BC12E834E3,0.42971020187283876
CC_B7BC4E2AC046,0.193180331066168
CC_B7CCFA1E299E,0.13323924286222408
CC_B7CED9215B96,0.4456426549900264
CC_B7D500386188,0.08369059412582625
CC_B7D588060F64,0.05784113086534783
CC_B7D9C806EEE4,0.041415472475277465
CC_B7DA364A8132,0.054949740509775004
CC_B7DA5A96CE84,0.057264163966367056
CC_B7DD3A464A79,0.2739420247412133
CC_B7DFA679E14F,0.3266696049891758
CC_B7E39D593099,0.14855564606997965
CC_B7EDA93D46CE,0.17993164669991918
CC_B7F403D41D2B,0.25619780288409494
CC_B7F80959B02A,0.21845195453085853
CC_B7F9776C6174,0.05311178694195431
CC_B7FC762BC544,0.19761006495526778
CC_B7FDCFB51D1A,0.06766825886493187
CC_B8006E6E15E7,0.6274651441110051
CC_B800F41C674B,0.1536162384343866
CC_B804DEE2339C,0.12823053169674398
CC_B805E01064E3,0.1328288737113465
CC_B805F36C5115,0.04700141858862174
CC_B80816096C9A,0.1576758960931857
CC_B80CE7D0C61E,0.6724634051261994
CC_B8117550731E,0.15082613433292497
CC_B8121E98D3C5,0.10558595134796152
CC_B812C301D72A,0.23961195863115908
CC_B8164EBC3987,0.6090486946216935
CC_B8192D415547,0.16806522361986656
CC_B81CFC4D9CD1,0.22783025744265842
CC_B8221B1EF0DA,0.10076260304152566
CC_B82A70DC9890,0.5411344313398587
CC_B82F5E7D752A,0.08769459288518305
CC_B837E84F5AD8,0.04867103523137581
CC_B8395FAB4261,0.12584492006137524
CC_B83991AE2A51,0.290661773499886
CC_B83CD047488B,0.6336842110363251
CC_B83E292DF7F6,0.05990585050123372
CC_B83F268F452C,0.13022284158959058
CC_B840FCB16E15,0.6557958827639856
CC_B8426304AF82,0.41590585811737163
CC_B84600C09775,0.10075593831949917
CC_B8491891689B,0.20352240064121707
CC_B84AAA6EF4BA,0.145060671835297
CC_B84BA5A74E6C,0.21713803670037524
CC_B84DDEE17643,0.37381667084533604
CC_B851C0534E98,0.11254996269603808
CC_B854138924EC,0.32043427134750146
CC_B854DCF6A5E8,0.05227693349865446
CC_B868875B09EA,0.08136486740280571
CC_B869C201F061,0.054461226638394186
CC_B8709FA7CAD5,0.22926541013399135
CC_B877FCD79BB7,0.0788003715713548
CC_B8795AA5EF32,0.17284358096272437
CC_B87BC7042616,0.038350090949195434
CC_B87C72FCB287,0.6632348750864935
CC_B87CFD9ABDF9,0.11359661981755984
CC_B87E0C9E3F8D,0.17925904769889428
CC_B884E4DAAE19,0.12755451229416032
CC_B888015D8DE6,0.1542723152944491
CC_B889B6C43526,0.17807711193622616
CC_B88A6B9B4323,0.04659530207067401
CC_B89609F37207,0.11667762018475838
CC_B89A624BB504,0.12874025158956753
CC_B89CAF0D24C9,0.7232439131372098
CC_B89F9D1FCB6B,0.1468830914104005
CC_B8A696A134C6,0.24585620845779368
CC_B8AEB0E52959,0.06126694953596672
CC_B8B2743E398A,0.19643194616576928
CC_B8B57F80FF55,0.12186139211803922
CC_B8BA457BAD0B,0.19267517158469993
CC_B8BA64A71E54,0.07779670942728481
CC_B8BC9DF55D4B,0.12463604984866075
CC_B8BE6474CD20,0.08514040368282402
CC_B8C3683584C3,0.08412229645486179
CC_B8C430A0CFFA,0.043784267426335
CC_B8C55C22A6C6,0.6328345070246216
CC_B8CBF464B07C,0.7339737369298712
CC_B8D0AA0B4A31,0.11441551766321498
CC_B8D0D5753209,0.06380407292544674
CC_B8D5845B383B,0.2028653438796247
CC_B8D7C77343DA,0.13408113034670868
CC_B8DE0EC50C76,0.05092952952165012
CC_B8E67152C72D,0.10806129023512093
CC_B8E76827B1DD,0.24708068620834994
CC_B8EA6790217C,0.09659033363901692
CC_B8EBEF0D7E82,0.17332532363973502
CC_B8EE3B69DD8E,0.07868510759794586
CC_B8F3F1EB407F,0.7055072506448639
CC_B8F43C050B88,0.06601902562703552
CC_B8F484DB38CF,0.08582464992048876
CC_B8FA3C9166D1,0.1464645904157728
CC_B8FE33C7C625,0.22077090384043574
CC_B8FEDD830E05,0.09649227236404835
CC_B913016416C3,0.12637074378995888
CC_B915F5A23DB8,0.7414238056301461
CC_B917C2D3EFD1,0.7060066029339371
CC_B91C3AB72195,0.06497882453040213
CC_B91EDDC5BA16,0.36534902376345185
CC_B920037F52BD,0.06459200527507516
CC_B9246C5F4832,0.12890328318411906
CC_B927501AC1C7,0.08242276174203064
CC_B927E3CB153E,0.049479384885016235
CC_B9316F27A27C,0.09100095686574201
CC_B9348EBC988D,0.09935619783777797
CC_B9391A4EAA9E,0.06978849710019823
CC_B93EE12053D8,0.17724218764232935
CC_B93F69DA04B4,0.18982927085826595
CC_B946AE150AE4,0.09413920267953438
CC_B9480C3F5F36,0.2163327414809308
CC_B94B47C89C8F,0.08882632614397831
CC_B94E04140F39,0.22364931504322588
CC_B951DEA5AABD,0.256346176093649
CC_B95289A416EA,0.13840551956975844
CC_B956B0DAAAF6,0.11851131383604067
CC_B957E585DE31,0.1046646652717281
CC_B95A6F07AA2F,0.05725656599239777
CC_B95C9AD7657B,0.07558355538607324
CC_B95D0250E9C2,0.1179093694419191
CC_B95DFD21EB1A,0.1322939164575226
CC_B95EC04487F6,0.09707509256746263
CC_B95F5D9D2645,0.08411050435192749
CC_B96386996571,0.1497679325924143
CC_B963EA8A158D,0.3102173364457706
CC_B963F4FC6476,0.15101585083492247
CC_B9661FF17D5D,0.06822860084174096
CC_B967EAF9F8EA,0.055670957809363264
CC_B96A38B30D88,0.04442024145569263
CC_B96C7DEC2278,0.14980751931955205
CC_B96CDC01C1CE,0.12914142041045518
CC_B96EAE8D038E,0.06055864619494737
CC_B96EC215A833,0.7360841802760637
CC_B9747370E53B,0.16488676142661507
CC_B976E7B4B966,0.4959174720955361
CC_B97824DC2647,0.7480595613024559
CC_B98CEA01EDF4,0.09975544833283426
CC_B990FEF1C11B,0.07415049813727903
CC_B991E024270A,0.14077566310728237
CC_B9935426DBAB,0.1733867603710018
CC_B99454E87827,0.2618357771435858
CC_B99925AB9FAF,0.20133356878764733
CC_B9A3009F011F,0.05427436105601219
CC_B9A4CFF23334,0.06388309223584684
CC_B9A550E74780,0.31628902529314057
CC_B9AD6D49AB25,0.06809322954428561
CC_B9B395CEBB12,0.0676912530895066
CC_B9BD2FB32B1C,0.06636172803292964
CC_B9BF24DB150B,0.18296807025322553
CC_B9C149788EDF,0.07113409397988327
CC_B9CB5E0BC11C,0.3475575759175772
CC_B9CE32C830F9,0.15313126589985618
CC_B9D271813C5E,0.4928334606663026
CC_B9D903E86F15,0.24829148901172848
CC_B9DB9F818468,0.14336410115008502
CC_B9DCD3BDA6AC,0.09838191427535851
CC_B9DEABE9D691,0.17765721594948886
CC_B9E01D35BC99,0.07433683977637895
CC_B9E3026F7F96,0.0483678191143973
CC_B9E3B506660E,0.21574652927207008
CC_B9E5B1F7BA2E,0.3098876294717946
CC_B9E8760C420F,0.1886669732339033
CC_B9EE0F061F88,0.08383617244044221
CC_B9F2D43BA7B8,0.1060375384324369
CC_B9F7AED6D5E3,0.31567260265999786
CC_B9F8F93B4420,0.532472546453098
CC_B9FBF34DACD5,0.08889328201771277
CC_B9FDF77FF0C1,0.6645732438336535
CC_B9FE7058DF24,0.32618902569859504
CC_BA01840A6970,0.6615345809111565
CC_BA04EE73CBBC,0.1572328891990905
CC_BA059BC51512,0.21355625509824078
CC_BA0CFB2DA288,0.38593948185140764
CC_BA0D3E008099,0.19991680491791888
CC_BA0FF8A63BED,0.05638008997912699
CC_BA14D27E343F,0.10878039518876363
CC_BA156BCB082F,0.10924677247778591
CC_BA1943703415,0.04686392627727828
CC_BA1A0EAB0D01,0.19271291197545573
CC_BA1D48B0CFDD,0.6570624067935154
CC_BA1EE115B539,0.04504221403808204
CC_BA1FBB8518EB,0.1974984491266441
CC_BA1FCE74694E,0.20571930993349508
CC_BA2609410C97,0.18872477404755755
CC_BA26597183DA,0.644621290084779
CC_BA28E143C1B7,0.050449364331282706
CC_BA300C6CB807,0.19702844756740234
CC_BA35F5F2C61B,0.3925845439066088
CC_BA38D120B15E,0.6113055140932324
CC_BA3D169CC1C8,0.10841339889317966
CC_BA4206733671,0.06961605020557697
CC_BA42FF225B0E,0.08699706049856314
CC_BA46E437D56D,0.264123065613936
CC_BA4826D93C4A,0.1725744476986846
CC_BA4BBFEA26E7,0.39811555895958983
CC_BA4C0D8FE313,0.6129557936440065
CC_BA4CE33C0783,0.1799805068479109
CC_BA4CF952573C,0.4795059136411732
CC_BA547F9AD130,0.5535113524386885
CC_BA5482ED9516,0.1214050858427985
CC_BA56D8ABD04F,0.07620561436155414
CC_BA5DA1DC356A,0.06552869559599502
CC_BA69E38C148C,0.5137865604700158
CC_BA6E747CDB3E,0.18872632893711036
CC_BA6E78C86CB4,0.14399801370099885
CC_BA6ED3E44C70,0.2990885582122852
CC_BA701A2294DC,0.0671466164762284
CC_BA769FC600FC,0.09155012446188389
CC_BA76AB37FB68,0.1596257306739775
CC_BA775E7EC870,0.2669956785132784
CC_BA77941F1084,0.1215522023827517
CC_BA77B2963E35,0.2823189701310834
CC_BA7B9D318069,0.39318875978551654
CC_BA7EDE8B01A0,0.26882764618606025
CC_BA80E588921F,0.7182440296177475
CC_BA829D7948AB,0.08286791249299398
CC_BA87360E9395,0.07022975613057399
CC_BA90B448D6C1,0.13524106332534433
CC_BA918760D51B,0.1581813485396434
CC_BA9332587B10,0.32088024152363237
CC_BA95CE13735D,0.3657313133221859
CC_BA9784C2D5AA,0.05274305235732899
CC_BA97EE46B901,0.05393751720401326
CC_BA999CC06B83,0.11726817296826124
CC_BA9A620BF0C9,0.051192624243247165
CC_BA9E881F5632,0.1700652743277662
CC_BAA16A817175,0.12116432988320389
CC_BAA5EFD592C2,0.049319293517064634
CC_BAA8F690C404,0.12699906257215982
CC_BAAA4B5D61A3,0.04027332311678546
CC_BAAEA967D2A1,0.5275705510371403
CC_BAAF89F0BF1C,0.25805697290596274
CC_BAB19E991D0D,0.15158125649590298
CC_BAB3838C4055,0.624521870118947
CC_BAB6AAAF2962,0.5175591497334525
CC_BAB7349A08BE,0.15018624209808112
CC_BAB86C55AAF8,0.08248617046117711
CC_BAB8B771FDB1,0.0893280821407109
CC_BAB97E1BC43D,0.17891072648329306
CC_BABBC8A5E52C,0.30244661616895074
CC_BABE10D7209C,0.5738962485416537
CC_BABF3FF8148A,0.2773645680110292
CC_BAC290251387,0.1635219179122463
CC_BAC63F2EA43B,0.1323300955485379
CC_BAC9965CA60B,0.09840575978913729
CC_BAC9C42A021C,0.10738989403589487
CC_BACAFA756CBB,0.09972498060678082
CC_BACB06EB9144,0.6187703186050365
CC_BACD43C2FB50,0.1859537256809994
CC_BACD604FBC6F,0.7076333858162706
CC_BACDDF7ED9DD,0.0900128978465251
CC_BAD31AFE0B2C,0.3326575233847081
CC_BAD478D1EC07,0.141891259109231
CC_BAD6FCD13878,0.19338576081138312
CC_BAD823FF56A7,0.05299289874693032
CC_BAD8D2A8A2AD,0.17062612327134982
CC_BADF32AAD9D7,0.08821087663152842
CC_BAE0AAC1ED85,0.15414796392658703
CC_BAE0DF91F928,0.6388045898733927
CC_BAE2556AF81D,0.3967833089571775
CC_BAE26F326049,0.1590611243925886
CC_BAE2B2F0E986,0.18929713372815457
CC_BAE8176AD2CA,0.15509361341949085
CC_BAEC0C15FA76,0.2672949830853026
CC_BAECAAE428AB,0.1811147125423826
CC_BAEEC3C3362B,0.04770030764291141
CC_BAF02B0A23AB,0.19125383483652508
CC_BAF27FBE9A35,0.16087882567082895
CC_BAF38D727BBC,0.05020737912607258
CC_BAF4C1A5248D,0.046363563084362416
CC_BAF6D5BA3BE2,0.26423455487929637
CC_BAFAB6A8E944,0.7515743648449918
CC_BAFBC5E1F36C,0.168207318387215
CC_BAFC90070ED8,0.7831958479711535
CC_BAFD69237D68,0.11885444993078975
CC_BAFF69BC2276,0.0556777008961038
CC_BB05DD6F2E15,0.20587026505986042
CC_BB06C9EB753E,0.13666973455223136
CC_BB088789C4F4,0.5592006349364782
CC_BB121B0F6863,0.17937206769806568
CC_BB1426998D24,0.039015304203458785
CC_BB14EEF7F8E5,0.06892607688777187
CC_BB173E05E7F9,0.08953689284054844
CC_BB1B57BA9AF3,0.6488775239761108
CC_BB1DF97D606B,0.09552661459346652
CC_BB1E19369616,0.1817522955223506
CC_BB2196F80A33,0.16720063061025617
CC_BB2274029356,0.2981824098174608
CC_BB2D11B954C7,0.1805912668277813
CC_BB3218FB86FB,0.7418802886273503
CC_BB328F9AEA98,0.18643256547070322
CC_BB35947319B1,0.07135732487868558
CC_BB3E16C94E58,0.3489274059321988
CC_BB405D6243A0,0.16572746170428737
CC_BB423D5B1A1F,0.04000286479287935
CC_BB46DF1C5027,0.41889120312305933
CC_BB4E77C4A7B1,0.06508360418259904
CC_BB524358E889,0.12644711545383963
CC_BB540803373B,0.20439263359393633
CC_BB55883EA1B8,0.05287285547736235
CC_BB6026E6B31A,0.20380732056709538
CC_BB619BB4C101,0.1563334253849658
CC_BB63D838A779,0.20666161721858378
CC_BB63ECC25967,0.03414528277462079
CC_BB654874B74B,0.6390614195525796
CC_BB6BAC9AFDBB,0.10425582257907465
CC_BB6CEC8E6961,0.18116617565547438
CC_BB756C0FF059,0.3996344581522461
CC_BB774EA3BD34,0.09431135550545801
CC_BB7D8AD23F0E,0.05893312168055118
CC_BB84F27246FD,0.3382617341870443
CC_BB86F6244A6B,0.2260222330358718
CC_BB89D94D2D4C,0.10006008203619318
CC_BB89DBADDCED,0.1833770915193242
CC_BB89F6187715,0.1271382941016223
CC_BB8A887D3CFF,0.038502651377728354
CC_BB8AD20DEA80,0.2959946048964244
CC_BB9377CC58D4,0.4677822185875241
CC_BB96838E21DF,0.059347660279266336
CC_BB997300CE6F,0.05049393556347766
CC_BB9B4EEC426E,0.05255487432938557
CC_BBA195C4363F,0.2754995517641841
CC_BBAB41F5BA98,0.05000607928013229
CC_BBB6893DA25D,0.04688571698599937
CC_BBBAD073990B,0.12309606938548005
CC_BBC15739290F,0.11652941244417296
CC_BBC38F34F2B2,0.2353022877930429
CC_BBC52DC84805,0.0823856376126224
CC_BBC91D376A17,0.285439696996699
CC_BBCC601F11AE,0.09004394974660768
CC_BBCD713600B8,0.2911509798280695
CC_BBCF4F9CB116,0.27630385478812614
CC_BBD2AC0F2384,0.057673432741580745
CC_BBD4E31DD084,0.047984559471181853
CC_BBD966ACFB6B,0.1366757949108284
CC_BBDA153A874C,0.25842308022870664
CC_BBDAB6336602,0.28485666342602756
CC_BBDCACED60F6,0.1869911124622828
CC_BBDE245CAFBE,0.2187425297966641
CC_BBE453F1BDE2,0.18963007912047009
CC_BBE86F5A0873,0.32981842956237023
CC_BBEB1DD2FBAC,0.23697124300763553
CC_BBED3481AFA1,0.2031403417415562
CC_BBEE4BA164A9,0.18152283211384618
CC_BBF14FA3A6A3,0.06422171569067173
CC_BBF1BFF058C8,0.09496408116302099
CC_BBF68B5CA540,0.2134523827120654
CC_BBFAED4A0BDD,0.6796317671927501
CC_BBFB9C397022,0.07096205925157761
CC_BC0101BB6AF7,0.11080883776680772
CC_BC029C551070,0.1841928683718701
CC_BC02A4B1D272,0.05830102748696817
CC_BC05153C1451,0.11197280979380475
CC_BC0974CE7402,0.02818206122378903
CC_BC10C7C80E33,0.09903662052703152
CC_BC12ED775140,0.10513823563576755
CC_BC18C7CC5AF2,0.3192866591440695
CC_BC1D490DFEFE,0.08892825738084378
CC_BC1F032A86EA,0.07330365680431285
CC_BC271C7CA402,0.05860267203582518
CC_BC2A50D0C5DE,0.1329973671277621
CC_BC3542A23688,0.7321052779628658
CC_BC39A7179A70,0.11219540923618057
CC_BC3B084D8D8F,0.08051699138484616
CC_BC3B4FA6BF7E,0.20073849056086898
CC_BC3B5942F469,0.3251586448806167
CC_BC3B5C4C51C3,0.18086768833792433
CC_BC3FF59ECE3F,0.4830384109049984
CC_BC40C37997D4,0.07150578307091003
CC_BC41FAE37EC4,0.2213383991466728
CC_BC42F4A393A9,0.0495447856733729
CC_BC43B46543F8,0.7724231862487579
CC_BC4612E12874,0.2600891786112948
CC_BC47DFFAD108,0.11145011461870824
CC_BC4895ECDD00,0.1652067602544562
CC_BC4B02B369A1,0.16370986253540476
CC_BC4B10DE233C,0.19623803870245485
CC_BC4CDEFAA3EB,0.3740758721732381
CC_BC4D11D1BE52,0.15262794990548717
CC_BC536ADDA90E,0.058770368125251916
CC_BC542160D742,0.07055738438847411
CC_BC56226B7E21,0.11399740104616159
CC_BC573532483E,0.7711325016346829
CC_BC58D84F8418,0.16534972680361124
CC_BC5ACEC3CD09,0.0626580936484742
CC_BC5CD8A60D94,0.057192452554824316
CC_BC6254FC06E9,0.2500198838693227
CC_BC63C0F50F92,0.15040041911372024
CC_BC681C7FADF8,0.13874731458874576
CC_BC6983FECE98,0.04402486543688763
CC_BC6D44DCD246,0.08223203033179234
CC_BC7503120AB9,0.0998857437044824
CC_BC7674589F7F,0.34089044684258346
CC_BC7A210DD9ED,0.13999695842827614
CC_BC7AF6A51A25,0.19593094628595645
CC_BC7B0096CC3C,0.10146380675461944
CC_BC7E1CD7C93D,0.08986304964564953
CC_BC7F01DBEA08,0.19294852676908053
CC_BC7F0C37C138,0.576012072882407
CC_BC83D73CBAC5,0.10292440088400648
CC_BC84F4CBFC24,0.2776142773436819
CC_BC85BEEBB222,0.22171563981025008
CC_BC8EFDA365EB,0.16359623151229913
CC_BC93F5FAAFAD,0.06548330492227047
CC_BC9642E096CA,0.22379180101578497
CC_BC991CD61986,0.1809939923162646
CC_BC99412871D5,0.25772634188865506
CC_BC9A7C6F5FFB,0.4134742213904312
CC_BC9B42FE79E4,0.12694118052201472
CC_BCA26214CE43,0.2081009502393106
CC_BCA2C22EB92F,0.21507321126760964
CC_BCA6768C1099,0.2322958193836458
CC_BCA7555FDE9E,0.07322582522047194
CC_BCA7B9C5EB28,0.2168671942638245
CC_BCB541A92D97,0.06511944699212745
CC_BCB8135350E6,0.11524245404409528
CC_BCBAE2C70CA2,0.3550419514952206
CC_BCBB66E0EE23,0.10602653199759375
CC_BCBC70CA1C91,0.5723370842747644
CC_BCBC7EBFFD44,0.3949692472752041
CC_BCBE754DC19E,0.31390842046026124
CC_BCC1C938EF43,0.7582302585721404
CC_BCC25E9AFF9C,0.2477952208179544
CC_BCC563A80D58,0.7637113393292055
CC_BCC6F98AD070,0.05522920984864146
CC_BCC80B2D187F,0.5778788424487014
CC_BCCDADC0DCF1,0.055269092585139026
CC_BCCDEC061FEB,0.6544603971077247
CC_BCD1B3DDCCD6,0.39029051350296173
CC_BCD27BE3840A,0.1372080682043951
CC_BCD30EA6A423,0.10305054589101559
CC_BCD5B4126A6F,0.03543101489464498
CC_BCDE09655D88,0.1991144193680638
CC_BCE17E948B25,0.563353014877696
CC_BCE1EE3F3016,0.052756874100638194
CC_BCE59B28A215,0.0417466478551602
CC_BCEF62357A7C,0.13488794985063737
CC_BCEF9F56D64F,0.11205034264663905
CC_BCF1C9D7D998,0.05278158703183318
CC_BCF51CAB66F9,0.18357188528218618
CC_BCF81FD121D5,0.7752415364871358
CC_BCFE52646BB8,0.10168442330124734
CC_BD0336948C24,0.10678799397905833
CC_BD06529D4452,0.09533796510967545
CC_BD086DF47953,0.04424874992022056
CC_BD0A53DEFD1B,0.05618852029948353
CC_BD0BDFA93646,0.14897612445346212
CC_BD0E4D33C986,0.05913224667431164
CC_BD19C31C7EA3,0.7733483383697435
CC_BD19C570D0E0,0.11519185254417921
CC_BD1D9DE55646,0.14206077552498847
CC_BD1F1F1B73B6,0.24407391920676277
CC_BD1F4D35A03C,0.4411587931352449
CC_BD23B6A28036,0.6064824416266166
CC_BD266B899631,0.2379871035927787
CC_BD26A3AC455D,0.7298190584625077
CC_BD285D1A096E,0.33565751616885986
CC_BD32447EE033,0.5404127853081077
CC_BD3499A16F7F,0.08104033813254184
CC_BD35DB44FE23,0.5898190015354239
CC_BD38DC2B2FB2,0.4156122555800702
CC_BD3A5C992F43,0.3480952002094665
CC_BD3B6C3727AC,0.2553843232924059
CC_BD3BD90851ED,0.1047399259205796
CC_BD3CC943F41E,0.07386266919546286
CC_BD456E35F1F5,0.05807604270711155
CC_BD48205EFA23,0.25673292521356983
CC_BD4F5F4A7516,0.07280518378174382
CC_BD511740D6A0,0.08934031309099996
CC_BD51176398D5,0.09612060264532007
CC_BD552D0F2556,0.11112225893180487
CC_BD57B75DA3B1,0.06431990182275613
CC_BD58FC27C1B1,0.1461253470695524
CC_BD60E5430C7C,0.1740937909459042
CC_BD6541FF7711,0.1638759427848094
CC_BD6560327E9F,0.6053687150237441
CC_BD66F7C8FF0D,0.20909186373823255
CC_BD69AF022EFB,0.28891572209445815
CC_BD6CDC124ADF,0.14527253421456204
CC_BD7707B55B44,0.11259762652670294
CC_BD78D981EF27,0.6162267567284996
CC_BD7977A098F4,0.07057718630509438
CC_BD7C10CB16D9,0.1751769475954549
CC_BD82447DCDF6,0.174956144332889
CC_BD8336E5262F,0.061110566195251924
CC_BD8C60F2260E,0.6125320043282024
CC_BD8EB9AE8145,0.6670412100512786
CC_BD8F14B9304D,0.0654102131493546
CC_BD8F5E4A3936,0.1996025857446759
CC_BD9019AA6D66,0.0983235802070632
CC_BD90BDD4CDA8,0.27615265089632446
CC_BD93155FD0AF,0.11093276936229128
CC_BD978B05F38C,0.08484910459915104
CC_BD9DCCC7E90F,0.0332297283487409
CC_BD9E05D7E2C0,0.16248059482036986
CC_BDA47566461C,0.07938759568703171
CC_BDA4D66C3321,0.11251561488010202
CC_BDA4E73DE697,0.6827071443524457
CC_BDA60D9C7AB9,0.07833651886280046
CC_BDA65F4D4A0B,0.1219634967923903
CC_BDA9BBB64270,0.1823471155028932
CC_BDAF083738AE,0.5188714086093804
CC_BDB09EA23F39,0.7272836042520271
CC_BDB26AAD6F67,0.11366048531490192
CC_BDB2AA5F7669,0.5960468761623469
CC_BDB6C38806A8,0.2669952018162931
CC_BDB9DF454941,0.7726624629915716
CC_BDBCCC7A2575,0.1751905991083995
CC_BDBCE9D23A12,0.28799435814520324
CC_BDBF01AA581F,0.10853134001706408
CC_BDBFDEEB5CCC,0.18942974307228763
CC_BDC182108EC3,0.6893252104425437
CC_BDC20F73FF6F,0.06401430387714661
CC_BDC33CED7478,0.21668501942795607
CC_BDC77A78AD57,0.1477974129298411
CC_BDC80731A977,0.1842780076022428
CC_BDCA046D564D,0.0937792382183255
CC_BDCF26A66033,0.15230080751136338
CC_BDDA289F6D51,0.2214076430001201
CC_BDDAB3006359,0.19846091629187815
CC_BDDABBDD0458,0.08683469969735616
CC_BDDC4AF5CBE5,0.053470698889839005
CC_BDE2870582B5,0.0805667802388367
CC_BDE5FFC71AF3,0.06077721829407329
CC_BDE6CBE5CC1B,0.1255110415462116
CC_BDE8FFF74444,0.09034877851425296
CC_BDF3AA48F1A4,0.15737632786713965
CC_BDF3B3FCC1AF,0.4758110162705246
CC_BDF3D01450F8,0.11530043725432157
CC_BDF5EF546766,0.06582732483590563
CC_BDF62D2D03CA,0.08804498067977261
CC_BDF83A622C69,0.18091940898913222
CC_BDF874F4F176,0.15350858860662203
CC_BDFE64EB49C2,0.7274379435731413
CC_BDFF13640FC9,0.05017679522299064
CC_BDFFE229DE81,0.5097399673415234
CC_BDFFF350E6E3,0.1588943695326785
CC_BE01D7D1222D,0.11407980940841198
CC_BE02F2CB8342,0.0717711416434983
CC_BE063036703D,0.15215913350779753
CC_BE070D5F6799,0.11670286129663121
CC_BE07FDF7DED5,0.16159370966726622
CC_BE0806DB1E53,0.5526532067609288
CC_BE0F3FF4A94B,0.07010068583672516
CC_BE0FCC39FB8A,0.051206207009909896
CC_BE123267405C,0.19514506913627225
CC_BE14201AAB14,0.1612575727973315
CC_BE15DA4AC214,0.27640653610175187
CC_BE1821744192,0.6213610834882343
CC_BE18B51CCF6B,0.10924473515570765
CC_BE18EEFA22E4,0.17983436948153603
CC_BE1B75940EE1,0.08103701734965267
CC_BE1CC153300F,0.06189461505776872
CC_BE1DDDCB783F,0.16338751177248234
CC_BE2472C231F4,0.03962880969028591
CC_BE267B658614,0.12481114550709246
CC_BE28AB726036,0.13419483175487426
CC_BE2E20752EB8,0.5392940960028147
CC_BE34D213F4C9,0.3845703861606512
CC_BE37F86511BA,0.3129739223445513
CC_BE3AC19B3C19,0.07284660068352701
CC_BE3F245DD60E,0.23777906449776537
CC_BE4A49DA09F7,0.35900820910159553
CC_BE515ED484D4,0.7579740653941457
CC_BE56BD525A7D,0.7563217361898638
CC_BE5AD2DCBDF7,0.08955169130900803
CC_BE5B863B7BEE,0.03723607321444936
CC_BE6367622401,0.0583684607653881
CC_BE69AD16CAFD,0.13822584410337513
CC_BE6C71D42A80,0.09525642922942482
CC_BE6D78CC10E8,0.088498357498099
CC_BE6E69AF86BB,0.06727720141678467
CC_BE7459452640,0.04087008126369741
CC_BE75054A1F4D,0.6405918890010026
CC_BE7571C9D31E,0.27683262340236625
CC_BE78D27B7405,0.0372078956803336
CC_BE7C85E10F00,0.05062313528657421
CC_BE80B8C8544B,0.14394575550771288
CC_BE81826F7153,0.07502928461401959
CC_BE857C26C26C,0.05741935088069192
CC_BE8719B35404,0.32946059707843484
CC_BE888CB4F712,0.25812460222164435
CC_BE88E11902BF,0.6942758562988982
CC_BE88EC4D4583,0.566322998445513
CC_BE89244D7EDE,0.560788341736734
CC_BE89AC116D64,0.06251071720889187
CC_BE8A87F531BC,0.09517947042191514
CC_BE8E0820AA97,0.28691874556329344
CC_BE8E56E1D44B,0.21934182941491526
CC_BE9193C4EF59,0.10472683082210517
CC_BE927556F473,0.1196158290703142
CC_BE9D47978E7D,0.2140384542335727
CC_BE9ECB992312,0.2130296158089917
CC_BEA50C5C8FAE,0.2747405944709601
CC_BEAFB1F32298,0.29598239891607153
CC_BEB3B2035C19,0.5172787277187254
CC_BEB7D2B5314A,0.05595479795294667
CC_BEC23A5A5D6C,0.13100815028795856
CC_BEC29EEC29E3,0.062472145329155924
CC_BEC2B39AF467,0.08452813206893231
CC_BEC2D038331F,0.1810097836794658
CC_BECAE8D4A073,0.72715669152122
CC_BECE8F0F3153,0.14730256856377646
CC_BED258735035,0.3517646914512268
CC_BEDD4D4472AB,0.08407275259957367
CC_BEDDB751ECA1,0.2447608760415489
CC_BEDE17F8166B,0.07401336537808174
CC_BEE7476B376F,0.11625996843749375
CC_BEEBF3428767,0.05983137697503915
CC_BEEC5DCEB3C8,0.6992278392211746
CC_BEED3CC43EC7,0.1199776784974734
CC_BEEEB3246955,0.2626159119000792
CC_BEF0546E7427,0.205982752283869
CC_BEF1F91F6B08,0.029192966026168436
CC_BEFCF497E5EA,0.15304220718720618
CC_BEFDCF300C0E,0.39200854858706746
CC_BF078391AEC8,0.23371170855190165
CC_BF0A59018A9A,0.1234613835533624
CC_BF0B6A319340,0.20801581306784653
CC_BF0C362C8230,0.04738764247579369
CC_BF0DC817972E,0.21627041729514418
CC_BF1317DFF40E,0.2037490704065698
CC_BF13FDC87E64,0.09371816506222333
CC_BF13FEF49CA8,0.09380891992986212
CC_BF14D2EC5A26,0.057346762580366625
CC_BF16C6EEB269,0.08476464934259771
CC_BF1878BCB1BE,0.1379697063354278
CC_BF18FD9A1D30,0.15893076407787998
CC_BF19B468C9AC,0.162997016585886
CC_BF1C49153596,0.1383047954962998
CC_BF216FB128FC,0.18734756988238613
CC_BF21F60E5764,0.22414129619248743
CC_BF22F7A39BB9,0.14075153229567025
CC_BF2419727705,0.07875033929885547
CC_BF26A4737694,0.2661019228667562
CC_BF2897943A1A,0.17980785948741315
CC_BF297F0E969A,0.29317680176223027
CC_BF2A00EE19EB,0.13821454475982858
CC_BF2CA4B3E55F,0.08101190346350742
CC_BF2DC32EAA49,0.3643826474693225
CC_BF31729E58B9,0.15820650188239282
CC_BF3254F092B2,0.3195154426904083
CC_BF35C3DB5E0F,0.6917872883618321
CC_BF362E2C0E06,0.715174521008402
CC_BF37EA24C6A2,0.08544917280687436
CC_BF3874673772,0.09217161187747189
CC_BF38E80291C4,0.24883835381204183
CC_BF42925C6EC1,0.12190621995536635
CC_BF46405DFE3B,0.2194260928796193
CC_BF46508E2DF0,0.41641897245925186
CC_BF4886D66D16,0.6523010052991501
CC_BF4A6376FCB0,0.385075464790095
CC_BF4BB32EC48B,0.0932121980824149
CC_BF50524BE45C,0.08163604335893697
CC_BF53470C2439,0.7600457305567339
CC_BF54DA50185E,0.13336240469916233
CC_BF59186D3740,0.06027957234170889
CC_BF59D5EE8B00,0.10590107434161009
CC_BF5A6326A95C,0.07644864961036134
CC_BF5ACF154E5E,0.047382428876134565
CC_BF5B1AF453DC,0.2508835593698685
CC_BF5BFACE436F,0.6259359863374998
CC_BF5CBF9A736B,0.06521558372345852
CC_BF6322308758,0.10233331461002974
CC_BF6D84EC14C1,0.2665356542153875
CC_BF6EC2BA5DE5,0.11514323337636734
CC_BF71051E2E0A,0.477451493106449
CC_BF74C3ADEDF8,0.1442733949303487
CC_BF7A7C2E7949,0.508084406021578
CC_BF7AD7D6F781,0.13937827271812311
CC_BF7BE24F53C7,0.16028176967991578
CC_BF7E3F8486F7,0.7900917868880107
CC_BF7EBF484E4F,0.14935127933981152
CC_BF8508009429,0.2049594436217196
CC_BF888EE5A5D8,0.16052357091430064
CC_BF88D1D54B2E,0.10552708676548343
CC_BF89BB9006BE,0.4923316564213943
CC_BF8AC14761A2,0.040598365553833435
CC_BF8E2DA5A620,0.04850976270355998
CC_BF9517042226,0.5557922700785892
CC_BF9B27F9A321,0.14524491114012986
CC_BF9BFA5869AF,0.6132031204592187
CC_BF9F2E285D28,0.2104151011797787
CC_BFA062E7A95F,0.07554844346121195
CC_BFA2AC793C1B,0.1494692007948956
CC_BFA47880C026,0.6075097146431336
CC_BFA53C4E690A,0.5833392932016305
CC_BFAA298650F7,0.05411810883747058
CC_BFAEBE3FB033,0.6491583953602384
CC_BFB1441ADB67,0.18459105714148155
CC_BFB15E7032FE,0.5510165963125374
CC_BFB80D110143,0.04249155105846296
CC_BFC0E1EC231E,0.7803381861225217
CC_BFC0E58BAB2B,0.07611321619527026
CC_BFCAA4C0C895,0.11228183432651981
CC_BFCB4CACC449,0.10157312764341297
CC_BFCE1D745828,0.07133876295907518
CC_BFD09FA092F9,0.10302402697110843
CC_BFD126BEE5ED,0.09064406790829363
CC_BFD4BE8C47E0,0.18272925981461177
CC_BFD7D7488B4A,0.7781893655098633
CC_BFD872DB2029,0.4233971565108369
CC_BFDC179D808B,0.06844608587674232
CC_BFDCC2201BF8,0.08692882542407548
CC_BFDD4A99BAB4,0.2529091949730661
CC_BFE1D34E9ED9,0.22450021339157566
CC_BFE2CB34E877,0.10076255451782357
CC_BFE465459AE0,0.13103078090987125
CC_BFEC4078C9D7,0.14174870667037945
CC_BFEC562412EB,0.10456588886368809
CC_BFEE361A4A1F,0.06727557077133087
CC_BFEEA94F99A7,0.06296306138836681
CC_BFF1D0A210C4,0.07592495295665715
CC_BFF4AA466828,0.08633927760647113
CC_BFF4B1384F19,0.11696685182203237
CC_BFF51EB82E74,0.17607319709785435
CC_BFF6219BBCCC,0.07111214265273341
CC_BFFB308386E1,0.3503523856860324
CC_BFFE0F8E78F8,0.16487568443352138
CC_BFFF75E806FA,0.12177988222844391
CC_BFFFDEEE0EE8,0.07755061653521714
CC_C004BE1D3F01,0.06656279056392507
CC_C008A6CA99CD,0.13436785485820038
CC_C0198648BEFC,0.6244226633030048
CC_C01C5A130DA2,0.13995762546923776
CC_C01E23195254,0.1362585233620128
CC_C020FEB74DE1,0.14848754102689826
CC_C0212FDE1137,0.08037003722702683
CC_C0231FA0CE8C,0.10279067425956248
CC_C02529C1018B,0.443496558845417
CC_C02675DF4BB0,0.13853415340326986
CC_C0294B9897FF,0.2057363449076081
CC_C0332D2FE3B1,0.19333001250797904
CC_C038672A80AA,0.10359530566774382
CC_C03ACE024315,0.11270796342587923
CC_C03EEBFEF249,0.2411882669119597
CC_C03F9AD5B170,0.1006231221100649
CC_C03FA29690E5,0.31891204581912014
CC_C04066006B83,0.6936239583572912
CC_C0438DD54F6F,0.07429799868829823
CC_C0441FC2DB34,0.4333471977905498
CC_C04BB6DADE92,0.12452204933576463
CC_C04F6A96C8D9,0.19445735781690296
CC_C052AE7DE9BE,0.19788012130686844
CC_C054C1659EA4,0.2758514325949012
CC_C055874A7CDF,0.35694520858743706
CC_C05929F7A06F,0.17584102043554722
CC_C05BC266AA29,0.08949114961600818
CC_C05CF991CC27,0.15470299904581228
CC_C05D0A305130,0.3424130777298978
CC_C05FCD8DD031,0.0788086876059814
CC_C05FEF044FA4,0.4399282244955116
CC_C0646007E2A0,0.22017707159006
CC_C064BF3FD516,0.058542533489893175
CC_C064C2D4CEED,0.2080241937521082
CC_C06971090D66,0.2726379246801351
CC_C0704DCCF0F3,0.0786171476030313
CC_C07439F954C0,0.1520152670889698
CC_C076C4DDDE1F,0.1391340109676231
CC_C076CA7CD883,0.22688702891947013
CC_C07D36F55D5E,0.08798926733448738
CC_C089283CA867,0.13937561839005194
CC_C08B1BF8CF64,0.7848794171580363
CC_C08C72119A40,0.12428689836070053
CC_C08CEAFD726D,0.7751026021658991
CC_C08E46891910,0.18208643744706496
CC_C0905367C5E2,0.07522268283430612
CC_C0931FB5CE85,0.43666828763774757
CC_C096FBD4FB6C,0.15330631966772995
CC_C09730D7B335,0.1721197959917702
CC_C0999B383124,0.10763968822810158
CC_C09D3F8BCAFD,0.31801462722532703
CC_C09DBAF2F8CC,0.05605428506042244
CC_C09E03C9DBE8,0.28746023120094116
CC_C0A3B0E54F93,0.40054746119080714
CC_C0A55B28ACA4,0.13952834481508036
CC_C0A63720F54A,0.2755813869279649
CC_C0A7CD1711B8,0.4202057114604777
CC_C0A81F65A85B,0.07894739710329483
CC_C0ADF02A2A1D,0.09910364281496438
CC_C0B38A9E043D,0.09226793201084194
CC_C0B9547691BE,0.10423953598600458
CC_C0BDFA62867C,0.18058403405310938
CC_C0C1DEBCE3AD,0.41101958038957315
CC_C0C54A5C5A86,0.13087411239018865
CC_C0CF0AA95EE5,0.20505407291370048
CC_C0CF17F2D54E,0.44064312184664134
CC_C0D0258EC2DB,0.34091540973980433
CC_C0DB92F51C7A,0.09144853721054949
CC_C0DD282AF94B,0.1693491351494499
CC_C0DD2D93B42C,0.14927835622202498
CC_C0DE12B95A3B,0.18863051271003783
CC_C0E028C56C7B,0.12853782384022128
CC_C0E07FD24764,0.6286361211632272
CC_C0E29C7BA0F6,0.08993602825049786
CC_C0E45F89A906,0.14115599179426058
CC_C0EBC10D1F03,0.0849201609521542
CC_C0F12A39C0DD,0.13027018439810756
CC_C0F4B8227ADD,0.3210229782430272
CC_C0F68194D0D3,0.04669224068392333
CC_C0FD2051A87F,0.1906111361994977
CC_C0FEA958291F,0.5203927990883221
CC_C0FFAAF4AE31,0.3755462453604494
CC_C1021FB87194,0.1904907919271691
CC_C104C96E4CF4,0.140690670352932
CC_C108070162D8,0.17675426107746467
CC_C10F484501C8,0.6964443848857337
CC_C10F6D8A0469,0.06052173412054568
CC_C1126D55B19B,0.23622690596697998
CC_C112AFF27CEB,0.20390458805697861
CC_C1201B577662,0.07225780152711203
CC_C1241BB9B49D,0.10150534363169543
CC_C124D4BDB111,0.11704990790468392
CC_C12A8BA82E8B,0.05195209277318539
CC_C12CC7D14C7C,0.09588958518293378
CC_C12D98835DDC,0.23465026578536535
CC_C12F66419183,0.5532118249863842
CC_C13309A99222,0.6315780661611314
CC_C13A960A5357,0.7304006798784858
CC_C13CD61A91AC,0.10047285319252237
CC_C143D1739527,0.1338051967579062
CC_C1460658E089,0.03812351442189322
CC_C1473D76A1CE,0.3747521494364723
CC_C1495D5BDF7B,0.2041808423984203
CC_C14B808FC988,0.114709053996583
CC_C14C97CB8FC1,0.16262432002827987
CC_C14DC0042E56,0.03932579723350541
CC_C1541AAB52E1,0.3015834557097941
CC_C1549208D52D,0.11609149981287718
CC_C155CB8B4101,0.12142412899809414
CC_C156B5E03A3A,0.5029525003519671
CC_C158120B216C,0.2933156727476659
CC_C15C9448BDB1,0.06497686271518621
CC_C1679DF2A290,0.06431594042960481
CC_C167D5A148FF,0.3116971006791929
CC_C169E7D7A891,0.6637936874618999
CC_C16A5D4B2824,0.04998207301460393
CC_C16E44C1F908,0.33590087269194047
CC_C1730340D90C,0.08409295884771847
CC_C1737A35185D,0.5038436765222192
CC_C173966B68B9,0.5718458236192452
CC_C1740E00A5F7,0.11275612841292645
CC_C175A01713EF,0.11139758706820883
CC_C1777DBA4C75,0.08783178849768879
CC_C17803436E08,0.214103262810787
CC_C178CAD842C4,0.2889402849710946
CC_C17BF59F4778,0.18107289897072043
CC_C17C2CCB0454,0.6738828077054302
CC_C1807880B439,0.05622852586866987
CC_C184CEAFA2D5,0.676165290350869
CC_C1868E14B50F,0.0773994748237505
CC_C186D9CAD140,0.3310878929919659
CC_C188CD3C5669,0.24356190460542967
CC_C18A3444DBFB,0.39860855553811037
CC_C18A7E54A942,0.13821715116798985
CC_C18EF75663E2,0.17487642553012397
CC_C18F755142FC,0.3225667620092937
CC_C192E5E4DB5D,0.20712383971054518
CC_C197BBECEA91,0.08792268010932763
CC_C1992AF9CF12,0.044586924522127064
CC_C199581E278C,0.05410351818779924
CC_C19DD7FF548B,0.04030014702931527
CC_C19F62DAC79D,0.19073409096763644
CC_C1A086F2F882,0.08083471750112288
CC_C1A58354A9B6,0.1374664250358453
CC_C1A98C3FFAC3,0.34254861510109774
CC_C1AE98B975FC,0.10170336836310837
CC_C1B0FE21ECBE,0.31821768801161127
CC_C1B13A145393,0.4257629082653164
CC_C1B3098220B8,0.0998201577889119
CC_C1B4E929EFFA,0.3130979570325961
CC_C1B544470FB3,0.043933773787203936
CC_C1B5C3C43D01,0.11007729914248221
CC_C1B8419FE45D,0.15558355352261882
CC_C1B87032A460,0.05283308804705472
CC_C1BBCD9BF5F4,0.6330632826652212
CC_C1BCD386113C,0.062105898468230024
CC_C1C0089A2EFF,0.5213045993053692
CC_C1C31B226741,0.7287657788832483
CC_C1C4641735BF,0.08803765931065745
CC_C1C7FBAC2CD2,0.3148216982545807
CC_C1CAB9F47851,0.07032100937024152
CC_C1CB338F6AB1,0.17898710738676726
CC_C1CDD476FC0B,0.06449790767813916
CC_C1D1BB02F5CF,0.7652596737920937
CC_C1D21E136B42,0.6604609152470893
CC_C1D4F690847F,0.04866328737636242
CC_C1D606A22411,0.1583216822083936
CC_C1D886866D92,0.13196791408173875
CC_C1D8BF2F3B31,0.06465505781248251
CC_C1D93F511F94,0.10098318919629276
CC_C1D9CBB212EF,0.0693628250132349
CC_C1D9D7AAB864,0.15988334555655734
CC_C1DB7350EA8F,0.08217235824984907
CC_C1E13C7AE93D,0.3383157379956183
CC_C1E18E258011,0.7063652030006746
CC_C1E2F7C98D72,0.09394936745837021
CC_C1E4991B3658,0.1258197357635952
CC_C1E7D9192C09,0.08035162076765787
CC_C1EB0837B745,0.07201771740447878
CC_C1EB9B34B315,0.1967364000637096
CC_C1EC90090DDF,0.06927227039169694
CC_C1ED01ECE1DA,0.0693493109655577
CC_C1F664015650,0.6390962413559569
CC_C1F6B0605B59,0.3312735645249016
CC_C1F913DB56D9,0.5340131490676332
CC_C1FA1FBC61B1,0.1298012537894172
CC_C1FADBCAFE54,0.17429374786473434
CC_C1FADE86F52D,0.04677096631353159
CC_C1FAE99CD855,0.050385922757897474
CC_C1FCCFE7AD1C,0.08907478351459572
CC_C1FDFD6C9596,0.08419945314359559
CC_C1FED2330E62,0.06330787009565553
CC_C1FFDFFF5182,0.06277495304992539
CC_C20266E2BF0E,0.15246887082186514
CC_C204386B4814,0.45366754518918284
CC_C2051D85669E,0.3288599907302049
CC_C207E71ED2FA,0.20057524940311072
CC_C20A2179D5E4,0.12161165147983777
CC_C20D6D9A2707,0.17600985446606252
CC_C20E61CF3316,0.06850586895161684
CC_C20F4EB39649,0.3796373498272474
CC_C2103EFBE501,0.1036084894486197
CC_C211AB96651F,0.059595555288659674
CC_C213B61F5D51,0.09761323870970187
CC_C2162E213505,0.41370929999120365
CC_C2179826C453,0.07821123962133324
CC_C217B0876AA7,0.06148406745183317
CC_C21875E57501,0.0722468558564571
CC_C21BA61F8DD3,0.6108611393170531
CC_C2214AB601DE,0.2545290320112942
CC_C22299B71FD2,0.06277192969321897
CC_C223DA9C2A59,0.7012222747982226
CC_C2253D9547EE,0.09408703960298585
CC_C227990DC950,0.05903620522006321
CC_C228F5C89C3B,0.4046247925499361
CC_C2292B68A289,0.06133862807656415
CC_C229CC5887E0,0.3433025915537134
CC_C22BD0FC303B,0.48502350631037744
CC_C22D0234423F,0.11146333247678478
CC_C22F6E87B804,0.10591564504555033
CC_C233AC3D5134,0.19330469980953294
CC_C233AF75D0E4,0.3555985384102597
CC_C23543C5D782,0.3368593038410522
CC_C238404E6B93,0.17684263602335853
CC_C2392452A704,0.29952338938915385
CC_C23931D2061A,0.08413091790443646
CC_C23C4D705966,0.2910013515967038
CC_C23DF292CF68,0.15379718856908253
CC_C240AC0ACEEA,0.38716477229639906
CC_C246E1A11740,0.3127350393209702
CC_C249EA4E6A79,0.06337667758071841
CC_C24A17B28F90,0.3429049524380431
CC_C24AC48E78BE,0.08226445316579882
CC_C24DA80E9154,0.07474394727902868
CC_C25285DB01B6,0.2949954543280748
CC_C252DBBDBE8B,0.28865438446345737
CC_C253546AA7F6,0.7337285583395377
CC_C256DC954291,0.1108499175478556
CC_C25A6EF86C12,0.05538012635276853
CC_C2601BA482F6,0.14330578656181647
CC_C264ABDB1106,0.03800791053194702
CC_C264ADF571F0,0.7315429532051563
CC_C266F3FBB160,0.14446703278904202
CC_C2670C3EE03D,0.2463340847237634
CC_C268C7A04869,0.1726015588083752
CC_C269B1F7F39D,0.08310764851427235
CC_C26AEBA47884,0.09895306904457361
CC_C26E643932E1,0.04056515065221212
CC_C26E82E8400E,0.09278008021442782
CC_C2700FE9A671,0.6423863314716831
CC_C271675A23A0,0.16195286409381246
CC_C275A21A9556,0.15650476196216725
CC_C275F056E1EA,0.31403747542207466
CC_C2768B1ACB39,0.03948884439835934
CC_C27D58EA0C78,0.04224934645473134
CC_C285B6CA478E,0.15311942761019048
CC_C28BFC7C4CE1,0.07339487031129052
CC_C28C41F3D3C6,0.3522632467424548
CC_C28E4545A115,0.3905247165105465
CC_C28F533E4A75,0.08121197723986215
CC_C28FE49ADC67,0.26083693629810883
CC_C2919FE158EC,0.4249347984361983
CC_C29379F1001A,0.06877059261891429
CC_C2967D11C984,0.39626261257684414
CC_C29854E4C74E,0.2907954057579543
CC_C29D7256DA3F,0.5595690404183118
CC_C29E5A156457,0.06399633292165521
CC_C2A37F68F740,0.12241179284317003
CC_C2A67BC77DAE,0.5425174559767718
CC_C2AA37A61267,0.4924349323977569
CC_C2AAACCFA98C,0.06607264096334761
CC_C2AAC8C34FF8,0.2645524116753702
CC_C2AC53428642,0.1228338860491773
CC_C2ADE24F7F55,0.18436644152900464
CC_C2B1D20DEE27,0.6886497505259099
CC_C2B333603B33,0.30226097934775126
CC_C2B5EAB3A810,0.06151728351963796
CC_C2B7AAC61ED9,0.054988727915739444
CC_C2BCBCF152BC,0.16607820772343157
CC_C2BDCA0DB96E,0.5270323933594485
CC_C2BE2540F5BA,0.19370374712349905
CC_C2BED74EE071,0.0625306272749171
CC_C2C5112A54A7,0.08298144161346352
CC_C2C56EC58170,0.19435403130423645
CC_C2C66FC827D6,0.06977207648600475
CC_C2CA7F1B6520,0.050546883221491035
CC_C2CB6FC07BF0,0.739532538043797
CC_C2D0045A9AE8,0.3224730110137194
CC_C2D00D6FC9C4,0.07031928534498813
CC_C2D40CC383A5,0.15460988323471278
CC_C2D5F4F69C36,0.3475348124836836
CC_C2D70F2C3C5D,0.09205896348527418
CC_C2D7CDB8CA96,0.4425029745608258
CC_C2DC216D62F1,0.4656521170059139
CC_C2DE2B272B45,0.057062997288618245
CC_C2DE56AF9E95,0.06299921446580545
CC_C2DF40636A4E,0.20325654517272249
CC_C2DF45A5FC6F,0.12161876021338498
CC_C2E005BF1B2D,0.06518268784406496
CC_C2E0406E2EA5,0.11912955088436691
CC_C2E10DF9FA03,0.09871062816095115
CC_C2E2BD5488DC,0.7102327111478319
CC_C2E7CCD4FC4F,0.1684297953289672
CC_C2E7D22DB632,0.12206687504571512
CC_C2ECB3C9C20B,0.08374631573060472
CC_C2F20BCB63B2,0.527702274652227
CC_C2F2F0A720BF,0.18701877518453963
CC_C2F4CBC92E3A,0.768915310832392
CC_C2F543F57832,0.19302875408385436
CC_C2F7977BCDA1,0.15117607423715812
CC_C2F8362C73BF,0.0832795415247693
CC_C2FB676586B8,0.3593353322070199
CC_C301EE5C6BDA,0.15583404272637935
CC_C30438554735,0.12068313962418394
CC_C3084D3D2BC3,0.696788193459428
CC_C308A6894D5E,0.06883544550685926
CC_C30BD551317C,0.2050063133449879
CC_C311C0740084,0.6219859837173533
CC_C3134C914336,0.22996800324580616
CC_C31516FFBC7A,0.061561799138871144
CC_C318D9132831,0.5867738282854134
CC_C31A0D5751C5,0.26782586498978284
CC_C31AD3A432DA,0.7523889726632735
CC_C3221218ADE2,0.299319049342465
CC_C3268C7FF8B7,0.11336171049906388
CC_C327C11E0F9D,0.21701925957913842
CC_C32D5761DFEF,0.22312802948903326
CC_C32D74DA30B3,0.35790852736432127
CC_C332C0B96A08,0.6517578537015353
CC_C33312FED95D,0.048043277551730476
CC_C338EE170069,0.10877593589850747
CC_C33959BEDDC4,0.22077087833998435
CC_C33AB30A5A82,0.08815404223308886
CC_C33F0FE8EEAB,0.18834503936039523
CC_C3405FBBDD72,0.04934840239918106
CC_C342F0C68E55,0.04496038596878348
CC_C34341BE6D4A,0.17404341082191999
CC_C34364658006,0.20518067040178373
CC_C3448A38468D,0.06592777933116431
CC_C347CD1B3E58,0.16544380982451642
CC_C34891ADA29F,0.05071316353315584
CC_C34A4ADFFC50,0.4324548172072655
CC_C34CFE39D0FD,0.6391194139589906
CC_C34D826737D9,0.0831290328108914
CC_C3507A30F9DF,0.15259301568676303
CC_C35307C389EC,0.33969435672054804
CC_C354291EB85F,0.48458696695865305
CC_C35990E8C550,0.11358748976569236
CC_C35A6B6F30DA,0.07079459948197478
CC_C35F82199FC0,0.11396576741201687
CC_C366842194BE,0.053419895290195175
CC_C36B688C6642,0.7345367301832735
CC_C36BFF104ABA,0.08128907448034925
CC_C36F82D3624B,0.06385292104503186
CC_C37273BB9F28,0.11058530753046356
CC_C380A3B83A37,0.12574507939703755
CC_C38173C3EAA5,0.09936767211072875
CC_C383F61FAF5D,0.05153838413285168
CC_C385977A1246,0.09198298205953051
CC_C38D557597B7,0.20338302874635822
CC_C38E19651303,0.17050482251719065
CC_C3951F060A1C,0.47229099916936984
CC_C3963F4C01B3,0.14001385557163384
CC_C39649F7241C,0.13335995301847778
CC_C39AA2D757B5,0.11554734777129391
CC_C39AB0943562,0.1267072745770576
CC_C39B9D44BE0B,0.4362312882996653
CC_C39BB366DE5F,0.056736611901324355
CC_C39D821A079E,0.07574622088563414
CC_C3A037C9DFE1,0.5010752306881424
CC_C3A723EF6260,0.3148621428489135
CC_C3AA47006594,0.05399239807778814
CC_C3AA6EC260B1,0.1124209764416046
CC_C3ABD9639909,0.039251706776850616
CC_C3AC38852BFD,0.18686725474764418
CC_C3AEABA676B7,0.6116407419258251
CC_C3B4344A9536,0.35950922584763956
CC_C3B4B79AA2AD,0.192382075853323
CC_C3B7684F616F,0.3125521719502423
CC_C3B799E11169,0.2756656080859501
CC_C3B898E0DFA5,0.2640347847863989
CC_C3BF8F8460A1,0.18140413191913946
CC_C3C0B68E7DB9,0.0518085351411847
CC_C3C35C52D4DC,0.26301891568850116
CC_C3C56C598325,0.09093492106437993
CC_C3C6D443ABF1,0.10840422311345821
CC_C3C982A4ED02,0.061868052756537215
CC_C3CB52971C2A,0.32127200171341586
CC_C3CDBCBBE517,0.27001571586438394
CC_C3D27F154B53,0.04741225653341054
CC_C3D416ED819F,0.11352019783774622
CC_C3D5EF89B288,0.09815998957354215
CC_C3D681B2470A,0.1836918251938708
CC_C3D70D6398FE,0.8056975709022831
CC_C3D75C851DE3,0.06532092974172071
CC_C3E44D0BA283,0.16189571597471328
CC_C3E51627777A,0.12907384915689996
CC_C3E534B4DC25,0.1683224615073475
CC_C3E8CF6AB15A,0.39859493781370836
CC_C3EB1C768C86,0.10060793525017823
CC_C3EB30D04567,0.06838103614789395
CC_C3EB3B97C76E,0.7414056314109807
CC_C3ECB6E0D6F1,0.46539979029159423
CC_C3ED86B8B19B,0.13729544875906283
CC_C3F2C8D1D56E,0.09379978113995292
CC_C3F3DF32759B,0.1437828531885972
CC_C3F9685F0454,0.2343863273973211
CC_C3FFA83F9577,0.2797154607454545
CC_C400E31E1439,0.12129496941821043
CC_C4015CBF8705,0.2955426618384784
CC_C402068449EC,0.17624188695384477
CC_C402A2B81862,0.2675783899530411
CC_C4033943A69D,0.09100795641405371
CC_C409F618E80B,0.17398963495994552
CC_C40A7F5420DC,0.049384767685573636
CC_C40B54C8C4CD,0.6719675205663048
CC_C40BAB640A14,0.7861034125518465
CC_C40CCA012C0F,0.638448446114459
CC_C40D75F43C08,0.11866869685203081
CC_C4114D10688B,0.14262673566200137
CC_C414009E1F68,0.12122540620446776
CC_C4160C52C568,0.10039414047898995
CC_C418D9972ABA,0.21961971748646292
CC_C41B305D1D2D,0.339369031510454
CC_C41BA13FF259,0.5466240191176993
CC_C41E32AC7377,0.10575846294103719
CC_C41FD15FB839,0.17121595422076563
CC_C42CAE37600D,0.16145354145475516
CC_C42DD2A73F11,0.3455537077405039
CC_C439EB69966F,0.0514248026702225
CC_C43B6ABBFB80,0.6869259251520099
CC_C43CAB0AFBFC,0.07414166294450182
CC_C43CACB5F53D,0.06818299098772677
CC_C43D68E7ADF7,0.29412129792152003
CC_C43F3168335E,0.055103572470519654
CC_C43F7B2E5F97,0.03879813052988205
CC_C44A0A22299C,0.11094369584311572
CC_C450D879E0DC,0.03622409482799781
CC_C45790F208BC,0.22534606862636805
CC_C459F0A4A10E,0.6038695199217173
CC_C45D975AAD8E,0.2102371571317953
CC_C4611B932530,0.10818194881291769
CC_C462FBF7DE4B,0.09336499344010196
CC_C463FA683C96,0.12028320655851718
CC_C46694D3AF47,0.7789939443629155
CC_C4687D3519EA,0.06545448112768273
CC_C470C4403CE1,0.16844452671744078
CC_C47349B66FAA,0.11647064150862466
CC_C4744495C1CB,0.21242326864101413
CC_C4748D1D81D4,0.06430885259581488
CC_C47BA3B32640,0.21802528326466689
CC_C480A1112A98,0.18525190442316228
CC_C4822D4E2528,0.2880799727583292
CC_C482B814EFAC,0.2583359211613824
CC_C4852FCD9506,0.052505501806989784
CC_C485DC638AA6,0.16304525136588977
CC_C48E6B8D04E9,0.145277569185424
CC_C49432C09E25,0.2005662348604696
CC_C4979DE268F1,0.05010499158183834
CC_C4988C9445A3,0.723516630618493
CC_C49B0E97E6F0,0.7122264684467365
CC_C4A1EBEA0909,0.18752862772172524
CC_C4A8519F75EF,0.3221346193428886
CC_C4A9E45AF414,0.4278394289253257
CC_C4ABB0F3777D,0.12460450088116493
CC_C4AC5DEA0AEB,0.7173059182586327
CC_C4AC9BBD4EA0,0.5360229846751737
CC_C4AF741F1870,0.22161483944724072
CC_C4AF7CF08596,0.11702716577844843
CC_C4B3E7E7BA29,0.2836569108846443
CC_C4B8C40F31BD,0.04821090004003611
CC_C4BD24E3A1F5,0.3250517859679108
CC_C4BE5E44C0E0,0.11110417104345857
CC_C4C12AA3576E,0.7364170118462311
CC_C4C1A6682FCA,0.17062640159343737
CC_C4C1DF3B3CD1,0.1828770495752858
CC_C4C28357FABD,0.13966244777687126
CC_C4C366E8FFDC,0.08697675994242637
CC_C4C3A12873CC,0.06669374644258987
CC_C4C614749468,0.7931493185458387
CC_C4C7EA16BD8E,0.24975952418187014
CC_C4DBFC8380AA,0.07374511246644362
CC_C4DC8695BC4C,0.17940143075416556
CC_C4E1C179C440,0.1456314452391097
CC_C4E5B1244620,0.08088797937254835
CC_C4E7DA72B10F,0.5530815953453858
CC_C4E90B071FFF,0.14836342363542315
CC_C4EA8396D399,0.0876600240776384
CC_C4EB768E9414,0.054155836518390475
CC_C4EC6AFED0C9,0.4197070055443298
CC_C4EDD08FC460,0.03472100009497142
CC_C4F122D9EDB9,0.12433826175436229
CC_C4F341D0F330,0.21762103030148863
CC_C4F366AEBFBD,0.0871330294822398
CC_C4F587F146C4,0.03313332050081423
CC_C4F5E0825568,0.13771562106565247
CC_C4FBB4B62AE3,0.11606932767540531
CC_C503EE065AA4,0.2280263761599722
CC_C50476FCB5D4,0.11564384038796618
CC_C5049360AA5F,0.15490893849122728
CC_C50547C69113,0.08099958375041258
CC_C50736CD1BF4,0.15295794219082923
CC_C50B22085CD9,0.04839622197008401
CC_C50B7EB09A79,0.7320554786162699
CC_C50CD2481DF0,0.40832771564899356
CC_C51365518835,0.095092961932369
CC_C5138F3B1BF5,0.07148971403639134
CC_C5162D8F0188,0.09096009003221796
CC_C51A09F3A7BB,0.21198997861986535
CC_C51DF992E25F,0.042803104977107855
CC_C51F9D4363FC,0.185518776502761
CC_C5214A55E9EA,0.09047369521057255
CC_C52555FA7DFC,0.042332773170863466
CC_C5294142A329,0.15907112170827944
CC_C529E2E09B89,0.23122307020982857
CC_C52A0643074F,0.1665405207944223
CC_C52A56210C8E,0.0535129928969391
CC_C52DDE444A1B,0.14226833927781932
CC_C52FF99F70A4,0.052014932897290964
CC_C531643BF690,0.05182912895548847
CC_C53E4614EE45,0.06700218401277969
CC_C541EA49CF6E,0.12090707725671106
CC_C543CDDF7996,0.1190564479782343
CC_C54629B9B738,0.10597260836867779
CC_C547E2DF3A75,0.3274183595224539
CC_C548FFEB86FE,0.22272911310332316
CC_C54F5F634D2C,0.5652481805970275
CC_C557DFD05084,0.039275327685648426
CC_C5589C2EE21A,0.0604552341608874
CC_C55AD9BDFE2B,0.11055629492413548
CC_C55C3FD2E35D,0.15683618680858608
CC_C55D61C9CB5E,0.08922131616686448
CC_C55EC408C72D,0.8307013758201792
CC_C560BAA43A7D,0.28142872551331993
CC_C56284990A7F,0.07862363693728477
CC_C564C660ADAC,0.41832507332996655
CC_C5652B4ACE1E,0.14334363306107503
CC_C56823816C75,0.08334605570950068
CC_C56EE3273715,0.12815705886933879
CC_C570F368FB87,0.03948213683063732
CC_C572CC50C59B,0.6592051258282423
CC_C5771981BED5,0.13469079946381696
CC_C57C1E60C152,0.42346995369537754
CC_C57C614F341A,0.04329027281057883
CC_C57D427C357E,0.560524747466585
CC_C57FDEF09071,0.0523636881985988
CC_C5841F4BD260,0.1367030269964811
CC_C5873E69BB14,0.5902298930466157
CC_C58B86E735F1,0.07896679992516212
CC_C58F10AEB380,0.09772097101801933
CC_C58F403ED452,0.10671533448738679
CC_C58F57A93446,0.35120481144298615
CC_C58F6EE6DFE2,0.11543804675646538
CC_C5945DED7CD9,0.04101595581230964
CC_C594EC7331C9,0.08767003842286952
CC_C59844D4FAD8,0.16235880142808098
CC_C59CA9AC02EE,0.09371787730219201
CC_C5A0FEA46686,0.4365411564692761
CC_C5AA3F2EAEE2,0.047103331483453345
CC_C5ABD4234E85,0.07074622223085181
CC_C5AC918711F2,0.09407847555218474
CC_C5B3E4C1006C,0.0915560169523736
CC_C5B679E1F641,0.05440048739642854
CC_C5BCCE759CF4,0.7247312899807286
CC_C5BF1C772E29,0.18088938596632104
CC_C5BF9A0578AF,0.14814727973886765
CC_C5C965CE9E54,0.5219649370977334
CC_C5CCD4113C3D,0.10050526558488222
CC_C5CD2608F7E6,0.09596321009861312
CC_C5CD5449840E,0.04654436310172202
CC_C5D3EAC0086E,0.6387459486266592
CC_C5D54ED9C674,0.7885051593254773
CC_C5D5C9DC1C77,0.4027022132115553
CC_C5D7B8952007,0.0693592118104279
CC_C5E2D180F088,0.04326765019655086
CC_C5E4EC302570,0.06519484213993804
CC_C5E56D70C42C,0.12077131551491513
CC_C5E628EBB180,0.06556918262432916
CC_C5E811243A31,0.20750787066489415
CC_C5E85A8290A6,0.33481564998100194
CC_C5F2A6EA8EC1,0.04882474754664225
CC_C5F2BC1E1F7D,0.14934904567255583
CC_C5F41B252D83,0.3444363682807272
CC_C5FB9FD3F080,0.7779509772846473
CC_C5FE2B7CF553,0.23513423201576975
CC_C600B83C2EFE,0.2033312540977105
CC_C601F8E608F3,0.03612626227811884
CC_C6046FA11864,0.30200037759274995
CC_C605E8F1D55F,0.23320268609313094
CC_C61090B8A8C8,0.17620414479075847
CC_C615F1801A89,0.2270613054053952
CC_C617AF7F0CA8,0.07341716079665728
CC_C61B46EDB41D,0.09852512872741552
CC_C61BDAAA22A7,0.08152103220883299
CC_C61E9EDB1149,0.11496887759850591
CC_C620E0613CC6,0.3729631497433577
CC_C622B2DEBC17,0.0726712920134079
CC_C627876BF828,0.4080505307370611
CC_C629D87BEF48,0.10555358606230865
CC_C62BEEAD8BBB,0.15042427235930617
CC_C62C40278298,0.12150784340353316
CC_C630F95E2816,0.3091407694862753
CC_C634676CBF2B,0.6388768949819668
CC_C63953F107E7,0.17687197922391185
CC_C63A1284BC6A,0.044044102592472614
CC_C63D604C0D48,0.10848287219846178
CC_C6419BDDAC88,0.2904020101180822
CC_C642A8B1EF93,0.10225845818992634
CC_C64301D8110D,0.07738003264688068
CC_C6434BFDE1C9,0.12875754305531933
CC_C647F30A407D,0.16060074696041943
CC_C6497DD63416,0.13589691585663982
CC_C64DCE4BF5B6,0.05494711733279798
CC_C64F61764781,0.19106154174171938
CC_C6501429EDF1,0.1730690475670525
CC_C65123C8F105,0.14419838256066955
CC_C654C8437E33,0.18856702089106434
CC_C654D57E1AA3,0.04330116264714815
CC_C66418BB529D,0.2887652237792748
CC_C66AFB5A9E0F,0.15247185619089965
CC_C66C57777B6D,0.1405122020946623
CC_C66DA3F9E518,0.2806230033548628
CC_C66F2E0C7C03,0.04963363558863561
CC_C67A2DFA8BF5,0.5443635284988361
CC_C67A33AAAC77,0.0702291624911642
CC_C67F2EEA0CAC,0.3581301390608994
CC_C682F56096AA,0.23369551723801715
CC_C687B1B2F95B,0.12471418216673606
CC_C688600E5A17,0.21746851464348121
CC_C689925BDF72,0.10560010345902293
CC_C68C040436E8,0.10066769850583468
CC_C68EDDC5A8DA,0.2361243506335061
CC_C69430FF62C4,0.16773141759125768
CC_C6960A8BADD4,0.06960850702954492
CC_C697D7EA3C7E,0.07329137142068111
CC_C69DED224BFC,0.17758274979894623
CC_C6A31D431B1C,0.11844547931302718
CC_C6A8412D798B,0.03703862185675009
CC_C6A93258D8F2,0.16030159409200848
CC_C6ABA4F2B131,0.15945876251461694
CC_C6AC9DED0A27,0.19100694079752126
CC_C6ACED8E22AA,0.14401010583680018
CC_C6B128EA964C,0.08170147659208968
CC_C6B64CDCC451,0.2648218799474303
CC_C6B9A8F1589D,0.040744233836363386
CC_C6BAF2108342,0.18820305179695743
CC_C6BC154576D0,0.08013171114328646
CC_C6BC25D84653,0.0667170322909044
CC_C6BD2F6DFFB0,0.6614610743878969
CC_C6C10AF6A8DD,0.1584123905647942
CC_C6C1FF2B5956,0.3094402298897857
CC_C6C25F3CAF45,0.04689146202019294
CC_C6C3AE29EC99,0.1177191958746839
CC_C6C45EE07AD8,0.06676568510824377
CC_C6C849075081,0.613299480708798
CC_C6D01DCCCF3B,0.3329890425211652
CC_C6D3A5398C6C,0.10376944235359212
CC_C6D3DBF84988,0.15447004295226321
CC_C6D6D72D5E98,0.24946263920472994
CC_C6DEF9616C2B,0.05495292401650105
CC_C6E2A9B0D4B4,0.09216344686089703
CC_C6E30229A446,0.7958941441509204
CC_C6E5E3AEDF3A,0.7198440050368109
CC_C6F137F97E08,0.050795451650703496
CC_C6F5C27D3D9E,0.12045937809738876
CC_C6F8B50119CD,0.2305529866877248
CC_C6F94C3CAAF1,0.04647864754424234
CC_C6F9F75ABA90,0.5283624659571673
CC_C7010319A561,0.1917922437654248
CC_C701CE3B1CCF,0.051496599961009824
CC_C706C553C25F,0.2732136847742967
CC_C709B3EAAE3D,0.10701347101458288
CC_C70F8F00183D,0.39689004191009536
CC_C7152397ADC0,0.19654607929200768
CC_C716CDC40B74,0.08996614114838447
CC_C719A6E021B3,0.16353479880750182
CC_C71C0D4F723F,0.13082320769647207
CC_C72314E8BE9D,0.7272580397949043
CC_C724ABCC806D,0.08257918715604627
CC_C7251F485884,0.14129927903914719
CC_C7275AD42EF6,0.24698552657525213
CC_C727EE3E1913,0.052845371107213324
CC_C72A44041A8E,0.7153356282579214
CC_C72A9C2CD4DC,0.7789979882673584
CC_C72C268C5103,0.04385744255200283
CC_C72D8904E9AC,0.2551183286455391
CC_C7300A89C53E,0.7273962855420659
CC_C7325E35F855,0.747365223681283
CC_C733C198445E,0.054879359198598564
CC_C7394AE78284,0.722123965656911
CC_C73E4CDC73FD,0.07228683071213475
CC_C741BC2B01BE,0.10131297760745402
CC_C744083ED319,0.25715134818818985
CC_C7456BA8BAB1,0.2626029675210543
CC_C749032FFAA7,0.48713486956955465
CC_C749B8F86021,0.057879469536204556
CC_C74A09A07E71,0.11173624879801736
CC_C74CF8A6DC47,0.09616346567642517
CC_C74F689DFD0C,0.13531085035322868
CC_C751B163B237,0.049305047061615356
CC_C7555E318BB2,0.06470962280106426
CC_C7555E508C77,0.13208549625287086
CC_C759455A9611,0.174555848534777
CC_C75B219E83A8,0.3465729584905361
CC_C75BD778864C,0.1065360204700718
CC_C75DC0654E6F,0.07837368059050462
CC_C75F2B4F053E,0.19090826208279532
CC_C76475151991,0.662774144091917
CC_C765BD377D92,0.5878085718749659
CC_C76C059CD366,0.2389989496302567
CC_C76DE2C6F3CB,0.1515030968496179
CC_C76F55318A93,0.06594549655287583
CC_C773CFB676C4,0.044292492870360925
CC_C775F911CA46,0.33791903595285105
CC_C7760466BA78,0.06554938139857994
CC_C77994DE6A2B,0.11873402288834552
CC_C77C0A12F6C8,0.2624103601147233
CC_C77D303071C5,0.12647526422084915
CC_C780963C6C6E,0.0790665595183942
CC_C78232D19D1D,0.0799466809788266
CC_C78283BCC788,0.08692705849339745
CC_C7853345C480,0.44873121751616507
CC_C785F6CD4201,0.1272880398803245
CC_C787B2209854,0.07230321505656769
CC_C787CDB0E116,0.0990958544270881
CC_C787F96951BE,0.3690902376855405
CC_C7928E931BD5,0.2241190378415241
CC_C79442EA56A9,0.03641270951703609
CC_C7964F88356D,0.10521324421467315
CC_C79A2904A2E3,0.11101650095496152
CC_C7A1A40AFAA2,0.0713781984185799
CC_C7A2010B5835,0.04253050139184166
CC_C7A2D400E8FD,0.06659975461283814
CC_C7A55149832F,0.05837156457117752
CC_C7A5CA0EB3A0,0.7825287523163162
CC_C7A6481EEE0B,0.0736334712222147
CC_C7A6C2C80066,0.041499627514329514
CC_C7A86DDF4B3B,0.6092235199125807
CC_C7AC72ECAD3C,0.07615264234305828
CC_C7AEBCD68F81,0.17919959234118427
CC_C7AFE39D299D,0.1033098516451754
CC_C7B1B22E24F4,0.13476675931285276
CC_C7B7909B209E,0.21980174880031492
CC_C7B8A8D76CDC,0.15798455823947327
CC_C7BA86FDCE4F,0.1274801494862865
CC_C7C201574121,0.13897135939484345
CC_C7C43201AC36,0.22905274745275492
CC_C7C7552715B1,0.667332509307767
CC_C7CA41306CC2,0.21124069647155858
CC_C7CAEFAB24E6,0.05368001759333627
CC_C7CBD5C23E71,0.3694219860899438
CC_C7CDF47AA4F4,0.04794484344260832
CC_C7D091C512E9,0.06292154255033763
CC_C7D0CFACBEC4,0.7272606702712101
CC_C7D4054B186C,0.0872544905445956
CC_C7D813C5A6AE,0.15937660921984614
CC_C7D841CD3A92,0.25587551283874543
CC_C7DCC4194BBF,0.09780130842227538
CC_C7E3237B0721,0.08045616772327255
CC_C7E365D021C2,0.1940660544098281
CC_C7E637928783,0.11952489848482288
CC_C7F44BDE483D,0.0945344404530211
CC_C7F52F9865B0,0.16196905667037823
CC_C7F5474B713D,0.05007695180916212
CC_C7F6567AD1D7,0.648504321547309
CC_C7FC57C695AB,0.21777341877484058
CC_C7FEAAF6617D,0.08777071836503234
CC_C805F792A877,0.6329419952547897
CC_C809EFCF1026,0.37922669390404656
CC_C80ADBD24835,0.2390081183454325
CC_C81454E55BCE,0.2426324161068787
CC_C816BE3170B8,0.0715325358475216
CC_C8171A854C54,0.20434917342444486
CC_C8182F4F9B34,0.07749372981079064
CC_C81D56509657,0.12635022246933028
CC_C82296987913,0.13298145583156756
CC_C8247B6191A9,0.11895739065736269
CC_C8288B08BACE,0.6043405967938351
CC_C82F457BC010,0.09736399006801186
CC_C837D03193A9,0.2236843964239715
CC_C838B1A59AE8,0.10351805570474311
CC_C83998B840BF,0.4014260394425097
CC_C83E92A89B11,0.14417936713888888
CC_C83FCA32361B,0.24252781982678648
CC_C83FCB35347F,0.20231899669484
CC_C8405E4534FF,0.1419772316081096
CC_C84442515604,0.21115716712496693
CC_C8468266C953,0.11499318989250604
CC_C84D36A131AE,0.08546072610037667
CC_C8524F52CE16,0.774639623606511
CC_C857D3C45610,0.6972260759722178
CC_C8601D1DF95A,0.17397712253940786
CC_C8605CE54AB8,0.16834417372748706
CC_C860E1599172,0.07935879127945766
CC_C862DE4318EB,0.16732256533721096
CC_C8641A6F05A4,0.09777051918948935
CC_C86831D62785,0.10231476425210861
CC_C868C3BCC388,0.1554885159583777
CC_C869947883BD,0.7687799945816252
CC_C86B9055B9FD,0.14797966377789992
CC_C86D53909F65,0.062186398308523926
CC_C871AD7AEA70,0.7658980116960705
CC_C87372B6C468,0.2339829989345823
CC_C8739A70C7FD,0.07119779385276118
CC_C8744EDBC78D,0.24131693524400885
CC_C874C1FAB2AE,0.042754571737053215
CC_C87551989839,0.26410854837720876
CC_C88124CFDC8B,0.10754845340404248
CC_C881BB1A2085,0.11614310710502407
CC_C882FE58543F,0.13052645898279172
CC_C8852211226A,0.0479221205528557
CC_C88565327E11,0.4474373512627425
CC_C88632F5C47C,0.0952496454535886
CC_C887AE4CCEEA,0.08332858054108265
CC_C888B74F972B,0.38581893960365915
CC_C88BA0073839,0.10070671587716137
CC_C88D40CD9FD0,0.06456482033471375
CC_C88EA6752AF8,0.7688528074420881
CC_C8903A9F6CEE,0.029111859720038453
CC_C89097BA8BBE,0.08180026827184786
CC_C890E63AAB39,0.046347687506332766
CC_C891ECC0BDCA,0.05247823017941139
CC_C895203364CB,0.589190993122076
CC_C89687934609,0.17339851169965295
CC_C896A13C497D,0.3205885945653394
CC_C897ADAE2036,0.07392346677336595
CC_C8981624D0E2,0.177428710304191
CC_C89A4232FC73,0.06455885637648871
CC_C89C07EF8EB5,0.07422967165653815
CC_C8A5057564D0,0.32050021320298727
CC_C8A69E04E2F5,0.19870954489386286
CC_C8A7D0F28325,0.3263692575712076
CC_C8AA9ECFD9D2,0.04111676364751959
CC_C8B23B5E0745,0.066854584617988
CC_C8B268B998AC,0.2755602364099428
CC_C8B942D630FC,0.0966042732342039
CC_C8BD6E8C33D4,0.2051077542404595
CC_C8BD9944198A,0.12114065190104631
CC_C8BE20EE38D7,0.20080905565654494
CC_C8BF9AFC1E87,0.13302538110212245
CC_C8C1E54B9F56,0.05679612272952481
CC_C8C4B6786C77,0.09346477171585119
CC_C8C6D6E9BB7A,0.6850303080931098
CC_C8C8A04213BB,0.17511204888148227
CC_C8CA842C53A2,0.05345380680947268
CC_C8CAA487E819,0.16736216427103062
CC_C8D16FED8C27,0.09168767527567732
CC_C8D5CBAC5E4C,0.06440818624591507
CC_C8D65E0DA703,0.16377040826741956
CC_C8D7145DFDBE,0.10171642682904143
CC_C8D742AE2450,0.3660318306529999
CC_C8D9EE3F7FC1,0.08493167589366749
CC_C8DB8903B4BC,0.328518474478451
CC_C8DC7A496C50,0.5851865683675921
CC_C8DF621E331E,0.12652689998628225
CC_C8E31E94AC2C,0.35662206226532817
CC_C8E8ED6CE4F2,0.12497472252994253
CC_C8E9B8021F37,0.10381717854367298
CC_C8F5EABEE44D,0.03309834355925826
CC_C900D141C57C,0.2439198242226713
CC_C9033236B7EE,0.7179033274287747
CC_C9043EDBB231,0.10200122817873533
CC_C904D6B5A2FD,0.7286486909804186
CC_C905A7D2E6E9,0.22026870465097037
CC_C905CE1FE90F,0.14074357226172785
CC_C907BD8161CD,0.6499848269970478
CC_C909FC8E1615,0.2522965575255194
CC_C90F7E693B71,0.22052429331857765
CC_C91063EF7DDE,0.6763148604659716
CC_C912D1E79920,0.6373350367395781
CC_C9137B67FC52,0.4029098155073533
CC_C915FD1F0791,0.20250100369929794
CC_C91702789CFC,0.08094722038403815
CC_C919F88B180C,0.28036214008242766
CC_C91B74E08BEB,0.1285986373857239
CC_C91D155EFF8C,0.42499181330824715
CC_C91D7ECE34DE,0.2478765258943115
CC_C91F86D3342B,0.07985334056914349
CC_C91FE7F1F0D8,0.1950699412115548
CC_C9208453E0E8,0.214332307709948
CC_C9255ABCA9E8,0.38071289402885716
CC_C9280BD3BA8E,0.16388070841087293
CC_C92BEBE82383,0.6229419153396847
CC_C92FC80DD829,0.168208547891153
CC_C9317B42E4DC,0.21673436780273522
CC_C935356EA1EE,0.09822550417721429
CC_C936F20E596F,0.6508524141745304
CC_C937BCC44936,0.1257038662779735
CC_C9380948938E,0.21369751403356832
CC_C9400CD86083,0.13016130054181638
CC_C941B4DEA9E6,0.10844660412094424
CC_C9430858F2F5,0.3199624384746894
CC_C943B5BC0F93,0.5329118631849671
CC_C944FEF95DFC,0.2549103887840022
CC_C94A8CF51750,0.08096854947805074
CC_C957BF0B65F8,0.1465535646830221
CC_C95CAE4068CD,0.10084304745986553
CC_C9641ECB87B0,0.17432241325799241
CC_C964EBFFCA07,0.20117363328608584
CC_C966DB0BF2AA,0.4140061034892728
CC_C9691234DEF4,0.10787862555288089
CC_C9697ACB78E8,0.07141860976820238
CC_C96BB22A1D4F,0.18295223830613874
CC_C96FF1B424D1,0.06680838401307895
CC_C972B23A9DD0,0.34477703960303197
CC_C974F0915755,0.14404792362477647
CC_C9762F4C6B4F,0.16541261603961158
CC_C977D8962020,0.1987282147914776
CC_C978C2A053AC,0.11631205821067467
CC_C979272BF197,0.08174493037898617
CC_C97F42624CE2,0.10077336578251181
CC_C9804F57EDA2,0.11958633435821953
CC_C9831B920EC7,0.2878653604235386
CC_C9834872142A,0.7479469584504986
CC_C984AF5DDE80,0.18126479909812104
CC_C98506A9AF43,0.04304132282707115
CC_C98999925DFB,0.25731297944162096
CC_C98C806E777B,0.10705318421460461
CC_C98FE19D228A,0.23153527731724943
CC_C99544E0B5B1,0.43376273053310754
CC_C99D968EDD1E,0.04668978642503824
CC_C99F50AA946D,0.20511990297663835
CC_C9A8C178EF0A,0.19711288058148563
CC_C9A9F2CEA77C,0.06975907737462303
CC_C9AAAC5E2DEC,0.711089176109583
CC_C9ADE21A9CF4,0.11615313524820028
CC_C9B08DC7459A,0.7176476375245344
CC_C9B5CBA1D0C1,0.20131092573969195
CC_C9BAB81E5207,0.14700035248736681
CC_C9BE6C6A14D9,0.09430772664086791
CC_C9C062746AB0,0.676536438318945
CC_C9C27FE45DEA,0.05912572579788764
CC_C9C6BE196913,0.1008154297798797
CC_C9C7EF23E6E0,0.08727027657653512
CC_C9C995E5CEB8,0.14160096193808314
CC_C9CDED3B72F4,0.44099080251716083
CC_C9D04AA29954,0.7877052308584797
CC_C9D0D02806DF,0.03736231340660661
CC_C9D36546BF2E,0.13872412984805732
CC_C9D5952DB717,0.07105500675806499
CC_C9DD473789EF,0.3421027010043612
CC_C9DDBAE7F34D,0.11098574837834815
CC_C9DFB99BCFE8,0.2290934333700938
CC_C9E16AF708A3,0.1484202043583701
CC_C9E33613FDB0,0.22784096592337466
CC_C9EB398A0504,0.17545212717838932
CC_C9EBCA9088ED,0.10347657160667953
CC_C9EC2E9153F8,0.2131615562842181
CC_C9F0CB8623AD,0.24110258304135562
CC_C9F5E09FDEFD,0.0633422963899514
CC_C9F9351F65B1,0.10545789768061238
CC_C9FBC87F4A94,0.06929491193130385
CC_C9FBCF584FC6,0.10572003900492144
CC_C9FFEC2A78BC,0.26384580513253064
CC_CA03722716FC,0.07307249789905378
CC_CA06C2235B8A,0.13451064010844554
CC_CA0D4E74B044,0.0720800638938146
CC_CA13E2862A33,0.1773789765114885
CC_CA150634B585,0.06411919280536428
CC_CA15FA4FAE7F,0.21537746290039786
CC_CA177B1FEC56,0.0573450016178073
CC_CA17BFB4092A,0.05608590426346809
CC_CA1BA399C918,0.10161246317154113
CC_CA21C0F30251,0.163123131260334
CC_CA262DDC214D,0.13166806288197783
CC_CA2744AF5050,0.10907452446126302
CC_CA2786DB1355,0.7259749236968068
CC_CA2BD0C96FD2,0.10290809354734314
CC_CA33D05CC9BB,0.054234518283085266
CC_CA3711A95CBC,0.19487719364100625
CC_CA4352E71F6B,0.17936276365769194
CC_CA44BEC1548F,0.0877819557916006
CC_CA465282A76F,0.0675650857904472
CC_CA4817D9D817,0.6498007761382956
CC_CA4989F1924C,0.10773273928482685
CC_CA4E509D03CC,0.14967031518820761
CC_CA5A9CD9D974,0.8165057761989581
CC_CA5CBBF27FC6,0.6774414790347679
CC_CA5DC7719F54,0.18104145008502254
CC_CA5E3DD0CB89,0.11031475151961592
CC_CA5E88569CC1,0.10987858786376876
CC_CA5EB27B6FEA,0.19324733736795735
CC_CA61F2DC606F,0.0919679755467703
CC_CA626DE5A5DE,0.122471377674501
CC_CA6529E97C3F,0.3228744713603683
CC_CA6641DF0FD5,0.10077159677832781
CC_CA67290CCF8A,0.05403676728455882
CC_CA6A08FF575D,0.11496187677669342
CC_CA6DFE466B37,0.10695856350376291
CC_CA73F18EF78E,0.15130126306168953
CC_CA7900F4EDA4,0.6238171814317054
CC_CA7B9F724A04,0.10154654038224831
CC_CA7E66FDFFDA,0.7271668388021529
CC_CA8688470E4E,0.10501517185645723
CC_CA86A9301946,0.176777118800877
CC_CA887F83B4A7,0.25053423404968644
CC_CA8C71AE1DDA,0.29227421842398105
CC_CA8E86D716A7,0.10474754456770283
CC_CA92579D282F,0.08086118542679246
CC_CA97FA9E55BB,0.36195711905402994
CC_CA98ECED6A94,0.07310469278279066
CC_CA9AE8F42550,0.16421557224982491
CC_CAA098E267EE,0.3115026926708246
CC_CAA16A8CCD7E,0.18141744902744084
CC_CAA64FCF32B2,0.3781062403806171
CC_CAA7DCA33D3D,0.19892109739848643
CC_CAAD0BEDF103,0.04271564860262209
CC_CAAF8987DDE0,0.21698588589592713
CC_CAB1A5D2F8B7,0.03444778712193096
CC_CAB366670069,0.44225061935921417
CC_CAB4E8D6144A,0.6359857284881658
CC_CAB7A5C4F512,0.3276701748994445
CC_CAB80AED6419,0.06960222713994743
CC_CAB8A3688A23,0.06931868949189943
CC_CABA26DBCD5B,0.14262202370735105
CC_CABC1BC43641,0.22378013786925388
CC_CAC1118EEB57,0.7255887913386541
CC_CAC186316291,0.16556957117902524
CC_CAC25F35620D,0.12801852314783504
CC_CAC392AA1A12,0.32409556812144835
CC_CAC57BE205C0,0.07483575129885829
CC_CAD3A96B9991,0.08486373814018905
CC_CADD8356DD06,0.6264231593122476
CC_CADDA919BA80,0.1001423943575062
CC_CADDB83F8044,0.05767250646706078
CC_CADF09213D34,0.08318065406482458
CC_CAE01AE56C41,0.22106704199774146
CC_CAE79898A101,0.08715907808235963
CC_CAE82BB097F9,0.2218675963774162
CC_CAE99DD82474,0.41455013787903205
CC_CAEB53EA79E8,0.1251406775984441
CC_CAEE66E255F9,0.06851166960030644
CC_CAF6BE41E01B,0.24700499002566922
CC_CAFC8DBA6B89,0.058349999316918796
CC_CAFFDF46952D,0.32343444087764944
CC_CB0144C9A52F,0.14794493450859686
CC_CB01E80A56F0,0.22200393304187033
CC_CB04E892A85B,0.3728573932554434
CC_CB0582EBA7D0,0.0475850905550428
CC_CB07C0AF435A,0.1361881103558235
CC_CB0C7126E336,0.13488292181868614
CC_CB0EBE4F4A46,0.464965171799861
CC_CB0FA6621EB1,0.13357491738630173
CC_CB0FFAF7B22D,0.11359253475644752
CC_CB1285151690,0.5935635224697002
CC_CB1A4E8692A5,0.03850665790707174
CC_CB1AD6FB8ABA,0.06887207227919909
CC_CB1CB77A6733,0.05471436655931959
CC_CB21AD4E272B,0.12416615850452861
CC_CB2238CF6445,0.5068660992774954
CC_CB2419A37A4E,0.08895715857096588
CC_CB28650CDF7C,0.7118383582676645
CC_CB2B8B608539,0.13147457802485402
CC_CB2C234B67C1,0.18784494515612554
CC_CB32AC35E1FD,0.21215811351391983
CC_CB34EC76FB21,0.8113863442319863
CC_CB3620170747,0.04007001244723684
CC_CB36B6BBD1B1,0.33871551624475504
CC_CB386BF83036,0.10762377912098708
CC_CB389682A258,0.03681299617313298
CC_CB38A949EE17,0.28167915908345575
CC_CB3AB4E7A03A,0.15190549850041019
CC_CB3CFFB2638C,0.6064974421155854
CC_CB41549D6CD2,0.053122977469003595
CC_CB471DE5968B,0.22091161557784847
CC_CB47D32B5B22,0.7114787823246
CC_CB4BF4D8C73E,0.13766371530568666
CC_CB51990E6A7D,0.1326508935329846
CC_CB559309B998,0.2347250229585665
CC_CB568CEC1826,0.04175317089012996
CC_CB5B1476943B,0.16877889918180175
CC_CB5E60525643,0.04293052963431612
CC_CB63B6882A78,0.17995525815716232
CC_CB680F671C46,0.07792336638234793
CC_CB685B625B15,0.20270740209421714
CC_CB6CB00D9CE0,0.3843064629015779
CC_CB7040CEE232,0.20978564529824806
CC_CB715F47A1A7,0.21526798573301073
CC_CB72B584D22B,0.5727067229809449
CC_CB72D5FF9813,0.08323963767937036
CC_CB735F49DF92,0.5844308812544317
CC_CB748A086A6B,0.09168687157463767
CC_CB775C59AF82,0.09512273695288223
CC_CB7932759942,0.05862183542108927
CC_CB7B74274876,0.2483754905231625
CC_CB7BEE073BBE,0.0618613015881768
CC_CB7D50B39905,0.08856057941131293
CC_CB7E75B5E417,0.22233555075420536
CC_CB819CBEB3A3,0.2014042838500278
CC_CB83E7815195,0.11243163859905594
CC_CB84564702A0,0.07364836850573998
CC_CB847AE61423,0.19774316789645527
CC_CB875B71D034,0.1765162504999174
CC_CB8BE55D4A82,0.2692703381332825
CC_CB8DB4A409C7,0.24443240995587648
CC_CB8F5A065319,0.5452419627198889
CC_CB9022D2D371,0.5319792182868871
CC_CB9081352865,0.3076933720437312
CC_CB91A3703686,0.13581821696958046
CC_CB9432376672,0.05788828013827285
CC_CB9C1C7A42DB,0.08499179613588793
CC_CB9C9DEB3DCA,0.1188207523174365
CC_CB9DF0E28C84,0.07796390531476248
CC_CBA1128FC93F,0.23939637624455123
CC_CBA2A1D03DC1,0.31478894823434395
CC_CBA41E42FAFA,0.06280964658603626
CC_CBA7168C407D,0.20637579583450863
CC_CBA757A0308C,0.2504167100956468
CC_CBA7ED13504E,0.06339115034545935
CC_CBA930306D08,0.34795652674611854
CC_CBAAF3E0288B,0.5278237628549864
CC_CBAC98F162CD,0.067617864412258
CC_CBB11A05DB72,0.0779287599002995
CC_CBB145FD833C,0.08289100003506991
CC_CBB2CA39F7A0,0.0864258789493278
CC_CBB3556F13E3,0.053294560382372125
CC_CBB66D0FB69E,0.1552182399887207
CC_CBBA35547F67,0.11632314750695587
CC_CBC0BD52E7EA,0.2037936910432388
CC_CBC1D55EBE04,0.07247140909648497
CC_CBC220D6E5B0,0.29984576980017535
CC_CBC288F713B1,0.4715357140520487
CC_CBC45F7D5688,0.13603078480955325
CC_CBC9934AD9A3,0.5533906987891898
CC_CBD24EFB2E0A,0.18631789171040455
CC_CBD4433AF9F1,0.055527120548590915
CC_CBDBD546C8F5,0.6760559342285954
CC_CBDDD31791B9,0.11775068294670885
CC_CBDE1A0C9ABC,0.1641885318608241
CC_CBE0F451157D,0.042523496528950364
CC_CBE104D92013,0.1967243979466336
CC_CBE24C2F91BA,0.09885908893651267
CC_CBE45A31DF70,0.7295396785673226
CC_CBEA3C6B7CFD,0.07331152069943474
CC_CBEAD50C5918,0.3975546160400965
CC_CBEE5222FF56,0.10994069555461325
CC_CBF603B2AD22,0.16217549688661492
CC_CC05EE4D74EF,0.24459280103199155
CC_CC0C6F55B470,0.10163302204481997
CC_CC10C3D883B7,0.1990698579388239
CC_CC13C7A53935,0.11546271661810789
CC_CC1496C2007F,0.6518463927530839
CC_CC14F013A76F,0.06681024262395423
CC_CC18BF39668B,0.1862849546530713
CC_CC19C6FEEF56,0.283837326570629
CC_CC1AD95C8286,0.10565584958815293
CC_CC210C9E489E,0.1362208085934676
CC_CC232491BC18,0.3984856236750389
CC_CC2383C355D8,0.10063144130234465
CC_CC29446A2B1A,0.6649756327164124
CC_CC29C0EF675B,0.1329091131960972
CC_CC2D3E33FA20,0.7058723018574093
CC_CC2DF55B07C3,0.5134031514142443
CC_CC3A67A99602,0.21926597538624137
CC_CC3AFC539FBB,0.06904250763649514
CC_CC3BEA7406A6,0.6940896178771799
CC_CC3DD4F4CDD2,0.03247827553948811
CC_CC412E2C4293,0.1499369219029903
CC_CC479EDB70F1,0.17995254994479395
CC_CC4E0F6FF0BB,0.11198843885098919
CC_CC4F3CFE3912,0.13013938062339583
CC_CC51100D34C3,0.04641262927163927
CC_CC53B6A3B921,0.3832880387177222
CC_CC562D9CF241,0.09806741852969408
CC_CC564338C65A,0.13917700577498596
CC_CC5B20CCCD4F,0.2667596123701332
CC_CC5B51DF0B8E,0.17718556822305126
CC_CC5D78E54484,0.26889260117183533
CC_CC627B317CF2,0.7296050080909695
CC_CC647A6C2C19,0.07854476215011041
CC_CC6746F4E1BA,0.05872679166397652
CC_CC6809387789,0.05310599198989685
CC_CC69B601D6B9,0.1102038617441283
CC_CC6CF0916012,0.1628823225876489
CC_CC717A4DEB6A,0.07329229502265475
CC_CC7499FBA229,0.17443483509700924
CC_CC769DA17ED1,0.06399852972764294
CC_CC78148D92BD,0.1971754035168223
CC_CC7C05FBC368,0.23221156987093586
CC_CC7C6E822C2C,0.10072029252671029
CC_CC8171F4F8E4,0.12041554062873405
CC_CC82089F7601,0.09795039143320843
CC_CC868CF2A4BE,0.0946414518786475
CC_CC87965EE9CF,0.07622607738693475
CC_CC88F893937F,0.455652694591718
CC_CC894AAE61C2,0.7164595413115248
CC_CC89A5F809CC,0.187645397442959
CC_CC8A3E1DFF06,0.05928071630969197
CC_CC91B3CEC31A,0.09357081339590943
CC_CC965379300A,0.55513440358404
CC_CC96B061AD4B,0.20375705738409994
CC_CC96B88B3060,0.07903705473543468
CC_CC98F99AB259,0.09773627456572773
CC_CC9CDFDF33AF,0.13015757079783075
CC_CC9FAA3D3389,0.2642936831865164
CC_CCA3E72FA8E6,0.2145547163564085
CC_CCAAB0190D28,0.09348986369032901
CC_CCAC2DE37C23,0.11951706552159831
CC_CCACC31D3BD1,0.1914524335140657
CC_CCAEB2B0D557,0.045404096080746706
CC_CCB2023A51F1,0.07533813670907215
CC_CCB2687D05E8,0.31912993187639593
CC_CCB4AF5B3988,0.06672623235703348
CC_CCB4BA607C8B,0.1681292499866479
CC_CCB5A2A0F5A4,0.04622652648091188
CC_CCBDAF745265,0.16440273437819136
CC_CCBF4942D1A1,0.20356434754774452
CC_CCBF5FBFCF83,0.1500868738745181
CC_CCC15681956F,0.05090253050008412
CC_CCC59E089058,0.1985990109116101
CC_CCC62F3822D2,0.13465656860453928
CC_CCCB6FE86C24,0.39396970696522626
CC_CCD0A2F9B976,0.17509377076824367
CC_CCD124365C33,0.256394141928861
CC_CCD210E33CB5,0.1259087617783223
CC_CCD3596AA9D8,0.12254184704569566
CC_CCD638E372F9,0.08465498554029602
CC_CCD8ACF4407F,0.14780650097057527
CC_CCE19C403D3B,0.06777039982443323
CC_CCE3EA0E360B,0.2420135193662089
CC_CCE4DA605E0D,0.16009490411872732
CC_CCE751F2A8B3,0.10163621291283305
CC_CCEDEA24E68C,0.18866358188487303
CC_CCF11F401A80,0.0960328328458641
CC_CCF19563ED3D,0.14003430976122638
CC_CCF4C872C617,0.03884790964379346
CC_CCF6C5723581,0.0681352271850887
CC_CCF9CD340595,0.049275792226161144
CC_CCFB1D30D24C,0.049984069340275196
CC_CCFC0A51113E,0.08698962140006461
CC_CCFE7BE30757,0.1928468766245844
CC_CD0520BA4B68,0.2617725795614729
CC_CD07605C1FC4,0.06200525960936644
CC_CD0C5166F30D,0.19410749073033287
CC_CD0C5A992C6B,0.12505261933619996
CC_CD0FD4ECDB5E,0.30369502095308304
CC_CD11832FE4BB,0.05130391318295817
CC_CD19A062161E,0.19737695275691353
CC_CD19EF3BC41E,0.11447471035113295
CC_CD1E8E5060A2,0.6276379017206359
CC_CD1F637A0DDB,0.10347470259655736
CC_CD2059E849D9,0.10091450493885143
CC_CD27CF37BA86,0.12700305314329424
CC_CD2EB2984AA1,0.05881008528388274
CC_CD2EE3D89714,0.14085043069180278
CC_CD2FCC99F99A,0.29591580032168296
CC_CD315C06D010,0.16979522951656228
CC_CD340704F0A5,0.6478331774750522
CC_CD3624297DA9,0.060192406793730224
CC_CD3F9D67B0E3,0.18846566493807404
CC_CD41E5F69968,0.09054947844759446
CC_CD42C0175654,0.22334530485048676
CC_CD46C0200AB3,0.23627387528368402
CC_CD48B0A61CCA,0.16103864234569798
CC_CD4CE1A48C45,0.14648109557358102
CC_CD4D310F0C20,0.08784383895944632
CC_CD5597EB38CC,0.1821013984703449
CC_CD55BA38C7BB,0.3485384289279493
CC_CD5FE6711E88,0.11958706524282403
CC_CD609865264C,0.7026152002602452
CC_CD62466EF288,0.08761351318096583
CC_CD635FC53124,0.20723444771243682
CC_CD6487907D92,0.07700153904955315
CC_CD668CFA696C,0.17802894935898378
CC_CD694F358863,0.09925947971694102
CC_CD6F3473A5D6,0.1541334193493963
CC_CD7A72AE2128,0.07285120433912536
CC_CD7C2DCDF5D9,0.3389501058322201
CC_CD7CC3578431,0.07625782262424789
CC_CD7F00F6212D,0.3807697665625352
CC_CD805C832FF6,0.2902314368240323
CC_CD82F347D6EF,0.1274102773723742
CC_CD84320D7069,0.08529863227054206
CC_CD85B41F4F6E,0.7438498504070568
CC_CD87A2BE2461,0.48253721952461764
CC_CD8D98CE1832,0.6546354478517231
CC_CD9068BAC08A,0.19880206421982813
CC_CD90F5FCB1C7,0.17017427417599634
CC_CD91D3F48931,0.19855314382065545
CC_CD93CEAD21E7,0.0848207599490731
CC_CD9428253184,0.32711140477280803
CC_CD96617B1882,0.17423575442799416
CC_CD96E2770ACC,0.05645957418118449
CC_CD9CC04F0DF8,0.06413976889728243
CC_CDA0CC30868F,0.23658410553687217
CC_CDAB4BBF0BCD,0.12790686282130567
CC_CDB603689517,0.08460117598199066
CC_CDB70B498E05,0.6877683260417415
CC_CDB7A37B5791,0.11234784701295575
CC_CDBD745E1090,0.17585193183315614
CC_CDC10A881E49,0.398163435261594
CC_CDC2A8052BE7,0.06832358914870207
CC_CDC4FD37691F,0.2586533861083843
CC_CDC68B8CA730,0.11752313677810997
CC_CDC6BA37FDAD,0.27395060005712624
CC_CDC7656399FE,0.14683276564642705
CC_CDC9DB42F71D,0.10996883549396938
CC_CDCF6A31F4F4,0.14287691261635022
CC_CDD17C2884EC,0.200795320911224
CC_CDD17CCC85CB,0.6656973516471577
CC_CDD28EEDB117,0.16681297377964738
CC_CDD410741E77,0.4040276614474349
CC_CDD6B3AA2ADC,0.35306531475285585
CC_CDD8570C57AC,0.31308615430388587
CC_CDDA751BBBE6,0.5376772073009413
CC_CDDB2C757599,0.11255925741682124
CC_CDDF924C38AC,0.05492936736473445
CC_CDEB8A279A15,0.07625295447544186
CC_CDEE2671B798,0.1861297954269836
CC_CDF0FF22CDD2,0.2262925705812064
CC_CDF451A9E411,0.1855255877059303
CC_CDF75481B0A7,0.24889265068688707
CC_CDF8869408ED,0.32824883693960594
CC_CDFB36360DE5,0.42281089670688277
CC_CDFBFE0036D7,0.04610547024443603
CC_CDFCB8C4ABC7,0.5461573946437664
CC_CE03DD4703AC,0.11313052295050804
CC_CE0412DCD62A,0.09263596429853851
CC_CE049FA1154E,0.2158129679073034
CC_CE067BE113C0,0.6737972362442217
CC_CE0E9331ED51,0.7484098210285883
CC_CE147A53851B,0.13159186859600994
CC_CE181DE7E3F8,0.19728021593356454
CC_CE19B53F579F,0.39716041100701477
CC_CE1B40BE0113,0.41149107450130434
CC_CE1B4D9621B1,0.43511966928454815
CC_CE1C5B5C0675,0.0645613230138237
CC_CE1F3EB9B4F5,0.11487881507326447
CC_CE1F426D2345,0.11475574542237407
CC_CE20503BFD55,0.5634746322437761
CC_CE245BC3956C,0.28489388670491245
CC_CE27DE3C66E7,0.08228984041027235
CC_CE317BFFE599,0.04739409288505628
CC_CE3753196FE5,0.06869290115364653
CC_CE3998A937FD,0.2634970171763991
CC_CE418F9DF0D9,0.0639480946659894
CC_CE425DA77784,0.04026753247981634
CC_CE4425995049,0.46801337005918675
CC_CE470FD8A3C3,0.23755100363890674
CC_CE51729C3ABA,0.15575321697246367
CC_CE547B980864,0.11815267904428181
CC_CE54FA0A1537,0.13856592783253513
CC_CE5B5EA40B36,0.08174027865481595
CC_CE5E916074C8,0.05880358848285416
CC_CE5F8568ED79,0.1585599352732081
CC_CE604CB6BA07,0.25000880049112595
CC_CE651090FFE7,0.06339877659422564
CC_CE6844D81392,0.09852000123423946
CC_CE6F6B3732F5,0.07456116227420982
CC_CE712558D8AF,0.6176476437785241
CC_CE7257FE6539,0.6413818485601899
CC_CE7626E67D99,0.4243826427509278
CC_CE77AE742AC4,0.7359917527960897
CC_CE7A1BC9CD98,0.24966449881180086
CC_CE7FA91BB43C,0.39139841195896186
CC_CE866C0C5B6E,0.18094277803795433
CC_CE86B8F0BBD1,0.16307344984246777
CC_CE8C5CFC05EC,0.04720821371436683
CC_CE8CD20A2C45,0.12695449152336072
CC_CE8DC62A613C,0.3871084737316548
CC_CE930CF75F1C,0.13141306983472517
CC_CE99C7E8FD44,0.7375730828631004
CC_CE9A1A5BDD51,0.6613760719551401
CC_CEA4EBBFEFCF,0.136665109185012
CC_CEABF4532E14,0.056293415430654845
CC_CEACE65C9752,0.12568230976114808
CC_CEACFE7EDEA6,0.08209453481485687
CC_CEAFCA6405FE,0.36507085708167886
CC_CEB0990A3F4A,0.195419370852959
CC_CEB0994981CE,0.0566125063369735
CC_CEB3D5B5172C,0.03510280381956365
CC_CEB97A7C92B0,0.0951398071296059
CC_CEBAFD98678C,0.06430353795050088
CC_CEC30CD9E429,0.12783094840248135
CC_CEC8EC5490F6,0.06287470619114963
CC_CECAA6645EA6,0.16111188960254477
CC_CECC2BE42CEA,0.0871912119501424
CC_CED294DB7A45,0.045641524520418385
CC_CED43447F756,0.14546887286269033
CC_CED5042A9A47,0.07870862181631418
CC_CED5A70C9A51,0.5410454542850672
CC_CED64B9AD109,0.16090373050543103
CC_CEDE79C4BD03,0.14321724055261753
CC_CEDF1142FEBE,0.05283021993181007
CC_CEE5A07A87EA,0.061552687811558794
CC_CEE9F9382609,0.06737459187011588
CC_CEEB3E83FAAF,0.19100019988201694
CC_CEECDDD36368,0.0782495280865202
CC_CEF427149551,0.4141555908588286
CC_CEF6A74D6C4D,0.1374996055994817
CC_CEFC59B67B92,0.22709264145407496
CC_CEFEF9E415F2,0.10715008812171514
CC_CF009DAC8E64,0.10118385623043669
CC_CF05CDED4CAD,0.04610774321918219
CC_CF0682C8DC63,0.06885517644452656
CC_CF0AD663CDD5,0.19158855586497964
CC_CF142EC1D17A,0.06249573630004064
CC_CF1D27BB19EF,0.16833627369804283
CC_CF2110BEC9D0,0.09262810484467153
CC_CF23AE889426,0.10453768742511782
CC_CF259C0D7753,0.05784391288953439
CC_CF2A41DA98A9,0.31795156074054237
CC_CF32BBCE2F0B,0.24160636526892984
CC_CF3488B42273,0.18931490695442288
CC_CF34DA195752,0.3712655828680872
CC_CF36103555E7,0.06423202105154753
CC_CF36403A45C8,0.11967806848731255
CC_CF39BC33863E,0.7085779858563848
CC_CF3F059B66A2,0.1356951706606279
CC_CF405017459E,0.34028379635875505
CC_CF4141DFAB98,0.7711195791216581
CC_CF474F880316,0.12855161934446538
CC_CF52F22A2656,0.6385318702693777
CC_CF5481F063C1,0.06241779523892871
CC_CF5999723BC8,0.0439574412472718
CC_CF5B67D5FBFF,0.054034706013963915
CC_CF5DAF79181B,0.07287906532846632
CC_CF67B1EB47C8,0.4459875572330798
CC_CF711FDEBE6D,0.16324670681211034
CC_CF724E0761C0,0.1984592350189313
CC_CF786C6D564D,0.08595654562201563
CC_CF7B7E158244,0.053505932323743066
CC_CF8083BC282A,0.05605161555551665
CC_CF84CF3EC0EC,0.06651519928406906
CC_CF85F73B53BD,0.1401866109114634
CC_CF8A438618B0,0.036653401257423154
CC_CF8CAA9F2DF3,0.1219152654574401
CC_CF8D37E26502,0.08432910586954226
CC_CF8E24366F5B,0.6521703418758615
CC_CF97060B68E6,0.05163814840844959
CC_CF978B6D4E45,0.11429269978426893
CC_CF99582282E5,0.17824271867269453
CC_CF9CC5E12D09,0.7828281756935891
CC_CF9D851AAA80,0.0638890430992088
CC_CF9DB2F89DC2,0.13709486679865984
CC_CF9DFD2CA132,0.2071147050757534
CC_CFA23A967FF4,0.07995345517678691
CC_CFA3FB1CDF0F,0.06425375915800427
CC_CFAA20584DD6,0.20810532214331706
CC_CFACF48E2FDE,0.21895174308538556
CC_CFAD5E7FD77F,0.14796655810503448
CC_CFB70E34E6B0,0.625016961568614
CC_CFBBBF5EB282,0.21647218048050182
CC_CFBD88E9D0E9,0.15306190198705566
CC_CFBF4293669B,0.07689137002914023
CC_CFC010959608,0.10981462380304519
CC_CFC12ADA99B1,0.16184354832662487
CC_CFC257ED71DC,0.05969863958885269
CC_CFC35A3AA942,0.07855536203448411
CC_CFC581549A1E,0.7632656100947919
CC_CFCA0E4C59C4,0.0569779634797038
CC_CFCB7433BAF8,0.3833937787687663
CC_CFCBBE5E397A,0.2511203272475099
CC_CFCE718B4584,0.10263683621846187
CC_CFD2A6E0C6AD,0.04218155593061864
CC_CFD3D259BE77,0.16060838204847472
CC_CFD7F4954B0F,0.11133603906929783
CC_CFDE4B06509A,0.19868285873368202
CC_CFDEFABAC332,0.4751704075390477
CC_CFE022151E43,0.09490784805798666
CC_CFE302E59120,0.5208056126798254
CC_CFE343CD94EE,0.20973231302839027
CC_CFE3E56D034A,0.5893443599223461
CC_CFE9BA58A35C,0.6562586453548122
CC_CFEC78A0C00C,0.09563845220174592
CC_CFF0B3CB5293,0.4194838826947132
CC_CFF9E7A46FBF,0.16615268861910304
CC_CFFA03B71F79,0.36399961572389794
CC_CFFA1202DB3D,0.19506451047721343
CC_CFFAB6961C09,0.08137048380040592
CC_CFFDEAD4C87E,0.14979776810407025
CC_D0008EBFB8FB,0.522637592078013
CC_D007FE1DF18C,0.3248827874376984
CC_D009B605E470,0.0851117454560759
CC_D0105531852B,0.0688744121509797
CC_D0110CBC10AE,0.6227375549602936
CC_D0136CB2E7A4,0.04891403247545691
CC_D01769281FDA,0.16839091466688744
CC_D019A4951C31,0.6343178979035649
CC_D01A77C80F84,0.4308378328050894
CC_D01BC4935FC0,0.17525695593448037
CC_D021720FFB07,0.26611793639411874
CC_D02B3BBBCE57,0.3525999034346071
CC_D02C2B0A9B48,0.49745671078334563
CC_D02DE4312B7C,0.14815087188577028
CC_D02F4D3A590A,0.3198136379957989
CC_D03164E7EE63,0.27532948118360184
CC_D0331286AD8F,0.37741423671550567
CC_D0331836BCAF,0.3557490764225665
CC_D0367EF146BF,0.802471718638686
CC_D04054FF9C7C,0.4295489632674584
CC_D041F0DEA64F,0.08710616997066288
CC_D045D02AD88D,0.07715142492465302
CC_D0461C30DFAA,0.2229534321995283
CC_D046AE57FFE2,0.178471211652192
CC_D04B0E7F2C9F,0.0769599837383074
CC_D04FCED830D2,0.21671154653838368
CC_D052684AAA5A,0.10295621952941454
CC_D0550D6CB744,0.20805614747277462
CC_D05646333CE0,0.2928985819177708
CC_D056D77ADFC0,0.17556293425827071
CC_D05BCDC1B9DF,0.08666821027974782
CC_D05F492609D6,0.10215219905079118
CC_D0626E48ADB0,0.06997850770081804
CC_D06464485898,0.05068051332764252
CC_D067A36C1E51,0.1563332720322842
CC_D06828D5C645,0.19338719861934842
CC_D069094135C9,0.20956899488160685
CC_D07102B9D96C,0.4062875570111696
CC_D073B3BA57E1,0.05870686269899504
CC_D079FE778858,0.7214461758592765
CC_D07BADF951EF,0.5492996770232444
CC_D07D1C064D11,0.14900923495136775
CC_D07D4F0C0791,0.19711133578909698
CC_D0819118C1FD,0.35602037400154163
CC_D082D9C12729,0.07572811231745724
CC_D086C787E28B,0.15493913172025336
CC_D08708D29694,0.1050505834651412
CC_D087E763481C,0.028907564465276037
CC_D0882397DE50,0.1712625463795339
CC_D090F476345B,0.22327894346047863
CC_D0958D95AAAF,0.27898814128667826
CC_D0968FD5D434,0.14605546753600232
CC_D09C5CB7071D,0.05918210759504518
CC_D09D2025F4E3,0.15945494770057103
CC_D09D884D201E,0.08850864755651043
CC_D09FD701D415,0.11437251055727878
CC_D0A289D8595F,0.11680928648263467
CC_D0AA89439858,0.2593626460964337
CC_D0AE4748F321,0.11236396667971053
CC_D0AED3590B9D,0.33730946753756796
CC_D0C4B5B3D7EA,0.08783156639828368
CC_D0CF9DC33290,0.16222794746127073
CC_D0CFE197344C,0.15112139115587392
CC_D0D47B6683B3,0.0732914863565587
CC_D0D78D9695C9,0.14509902338315434
CC_D0DA1AEFBB2B,0.1172656681406717
CC_D0DD8D2E76A9,0.2872768159320521
CC_D0E7C88F6768,0.28694085096596045
CC_D0EBA7792316,0.10289090771463745
CC_D0EE60B79B5B,0.13359637176079486
CC_D0F679FB7CCB,0.12503403730680557
CC_D0FC0A74A47D,0.21828320889545064
CC_D0FC69802CB5,0.10532887927301156
CC_D10092325095,0.05441786347721276
CC_D1012509F3E9,0.18365763086422787
CC_D102AB7C4360,0.06766452102854671
CC_D104ACBBAD56,0.6538302473533906
CC_D105B1734E83,0.36587032200893416
CC_D105FAE17246,0.0892161147116983
CC_D10B3641735E,0.2830923777211709
CC_D114959B2A7E,0.08241639896263696
CC_D11617CD97D5,0.13102298728889122
CC_D11DAB4B88D9,0.1090171744451047
CC_D11E7780E2B9,0.1420744686429104
CC_D126400948F2,0.13712470380595765
CC_D1264962E93E,0.06220517828975455
CC_D1297ECF79C3,0.08788964030318712
CC_D12DD972BA1A,0.09287410105581362
CC_D13008A67FF9,0.1914003126027693
CC_D1302170046D,0.26044087793232473
CC_D131FE4E2195,0.04925538171025308
CC_D132B42FBFD5,0.20666876051123678
CC_D133C6BFCA80,0.058242667113594736
CC_D133D280ECE3,0.14567400041267037
CC_D13E12ABC70C,0.07200883355480744
CC_D1408DB0172E,0.15282334515168788
CC_D140F8236B19,0.23078927654609566
CC_D141A70687D5,0.12176225664123982
CC_D141C5241C8C,0.07931618976078463
CC_D14A61E81C09,0.19612465253923617
CC_D14CE392C84C,0.10013388832403217
CC_D14DE1D9835D,0.7306734123457769
CC_D14F1D15E651,0.4294411359084861
CC_D152F6CA72C1,0.26543249853238715
CC_D1546778D8E9,0.22834681549270047
CC_D15AD64E2808,0.22460178995021515
CC_D15B6AE7EFA5,0.15696929619527236
CC_D15CC7A30B8A,0.10680436706756342
CC_D15FC81FF15E,0.669552494240552
CC_D15FFD3CE564,0.07543186944010646
CC_D163357A61D9,0.1377854259559991
CC_D163A4FD6C65,0.056873690833386205
CC_D165F7DC6B2B,0.056634660109659916
CC_D16B00A050A8,0.28584213037386025
CC_D16F4F8FEEAA,0.08343316252037615
CC_D170915B1FB5,0.27564278233679795
CC_D173A4D62F91,0.052854531699062346
CC_D17415042E3A,0.5529563506755014
CC_D178185D8984,0.6996540457963236
CC_D178C8484E55,0.6461382081115911
CC_D179DF4431F5,0.07874908072862694
CC_D179E8B6AA77,0.12747572784836184
CC_D1822B5E5073,0.11605288340614188
CC_D1879D798435,0.09437321031913729
CC_D188508A53D3,0.33804039126809116
CC_D189C876078F,0.06521811064884121
CC_D18F866D83C5,0.04781092429328582
CC_D18FFC354239,0.06605362843273187
CC_D191FE071112,0.2517681998398166
CC_D193DD5E737D,0.11805010089437122
CC_D1945FE7A0E5,0.09944962680999689
CC_D1961F82F1BA,0.49655722213988956
CC_D19A8F690460,0.22005754076821504
CC_D19F0F071992,0.17265879670227063
CC_D1A32F128E07,0.2507143247605036
CC_D1A3664B4E80,0.06300814510865045
CC_D1A3F09E73FB,0.21584552201712964
CC_D1A90C6FDF13,0.44550319368800445
CC_D1A981B0B6DA,0.1210124572795938
CC_D1AB0F78FDBC,0.5773843121551577
CC_D1AC6A47A169,0.6419597707445851
CC_D1ACA5CA4446,0.04301071027682797
CC_D1AD99E473C6,0.5889305281886033
CC_D1B22566A74D,0.15571465224904896
CC_D1B6E274FD67,0.06295600601385445
CC_D1B7729EE94A,0.062182964376454486
CC_D1B9FF47D595,0.047927353585420614
CC_D1BB13ABF21B,0.05976466789758411
CC_D1BCD967C0AF,0.06281259436450619
CC_D1BE5CBF3DD8,0.25571772046350116
CC_D1BEF2EDDC92,0.22060197169455903
CC_D1C132FA8DB8,0.04181288347935956
CC_D1C559E97E0D,0.6981150504963105
CC_D1C81FA1DAEB,0.8034066782363322
CC_D1C9D215017D,0.7621654872378382
CC_D1CBCB6AB6EA,0.30907467204700484
CC_D1CCF0BA34FF,0.10296176592830038
CC_D1CE829274A9,0.1951808630791706
CC_D1CEE9BD220D,0.04214814238534629
CC_D1CF010CE88D,0.04537949503813131
CC_D1D1A37B55FF,0.07599717401786783
CC_D1D6419D1AC5,0.38039188802381885
CC_D1DB03BBA961,0.15316362717538481
CC_D1DBEB2521AB,0.39183378340001235
CC_D1DCC960FE8A,0.2975272668725292
CC_D1DEEE008DB7,0.1154089013250659
CC_D1DFFBEB0D49,0.14211629637017614
CC_D1E03F3A6E69,0.09474238390171949
CC_D1E4776CB77B,0.31625172033667587
CC_D1E9940689FE,0.22172514565659007
CC_D1F08540BE4B,0.04268205807277467
CC_D1F19CB4E1EA,0.0676146805411539
CC_D1F2386471A1,0.3073804150916496
CC_D1F24AD519FC,0.06520631630603203
CC_D1F296790CD7,0.06678987706561532
CC_D1F7D49BB3DE,0.16281210341637042
CC_D1F9CF8B6D7B,0.2560613744307072
CC_D1FB13EC0812,0.3192085056978628
CC_D2019C5948FE,0.6684371137980997
CC_D2040C7FFE9A,0.09066222720200456
CC_D207FD9D8578,0.26116314894812
CC_D20A05A00AD8,0.13165755103860674
CC_D20BC003ACBC,0.11587680613553622
CC_D20C5840549E,0.36079890244372936
CC_D20E2832F913,0.7214260336141745
CC_D20F94A9C4B6,0.29477784252347494
CC_D2117FF71FF0,0.11149901786449723
CC_D211E9AE94B3,0.15908116538159445
CC_D212CDFEF986,0.15214851508499289
CC_D2165642FD6D,0.05075076390095259
CC_D216C0419900,0.06790085080027673
CC_D217092B9BBA,0.1565567885650226
CC_D21989FDB44D,0.1691161725268232
CC_D21A4ABA9070,0.062452243848891274
CC_D21A74F9E93F,0.2185927464411786
CC_D21CB0395CD9,0.3849623833437321
CC_D21DC5D3265C,0.2007669004142687
CC_D21DD6755FE2,0.13967572846772397
CC_D221354D8B09,0.17973505996561082
CC_D2254B292EDF,0.24488774499803415
CC_D2273560C5F0,0.761322426367842
CC_D22BEF80758F,0.06261932973824673
CC_D22D6C7CBEF2,0.14742963435084305
CC_D2379C730044,0.45191957392408677
CC_D23841DE7ACD,0.2494155294862975
CC_D238DDD7ABE7,0.5048193653690995
CC_D23E86F674C3,0.25744207698812765
CC_D23FCE500A40,0.1362344680899689
CC_D241A3C08817,0.13332808160914705
CC_D2425B113E8D,0.17588830375344838
CC_D24410CB0F55,0.27957751066252756
CC_D2450F09579E,0.2580086790007256
CC_D24615CAACFC,0.5078352240018769
CC_D24841C611FE,0.2282370341486827
CC_D24A92824E36,0.20528853962141763
CC_D24B9BF999B6,0.1780460510376878
CC_D24D4B1467BF,0.1849027217898792
CC_D24F23CD8480,0.7007144512727671
CC_D24FCE310CEE,0.4380376209857098
CC_D24FEA8563A1,0.07196718445218792
CC_D2541BF5A6D9,0.13923784289311059
CC_D255679A7067,0.18274734157066938
CC_D25D6AA21EEE,0.7479003523854992
CC_D25E936DF38A,0.0361074553376141
CC_D26123F4966B,0.10683290876375721
CC_D261C22A377F,0.06929684538885121
CC_D26286415E11,0.15309329037996203
CC_D262ED491565,0.11156999910394164
CC_D2657ED752A0,0.19884099407020145
CC_D2668DA59C8F,0.27348214466698767
CC_D2669F81D2A4,0.2027622276308864
CC_D26EB2E60B56,0.3809129368731578
CC_D26FB31E3AB9,0.05497883393126076
CC_D271E028158F,0.5831477226627395
CC_D2720CC4A83A,0.5863224738409836
CC_D274499A57E0,0.7387188080304591
CC_D27A3A9D2F6C,0.10872450033795131
CC_D27C8F3501F8,0.7153751947439726
CC_D27D21CBB3D7,0.3219669475448206
CC_D27D3985DEFD,0.11783154928311193
CC_D280B89DDE05,0.21105031057874485
CC_D282B68A6D71,0.33398530527652887
CC_D286219989C3,0.2182688188369876
CC_D28ACD8901C6,0.3498175962563307
CC_D28D5AA3D4A1,0.0682140927288979
CC_D297120DAB56,0.11317803651583347
CC_D29A8F33C839,0.04495613998017207
CC_D29BCB76CAFC,0.09333930624382232
CC_D2A192239CAF,0.22641601738523942
CC_D2A46C988D4A,0.08830144215007689
CC_D2A657EF14EE,0.07831006411900522
CC_D2B5FC7C38DF,0.08226840654305086
CC_D2B61DE45855,0.06315354614340704
CC_D2BE14587D36,0.12206646459655088
CC_D2BE8B463529,0.6682527878522209
CC_D2C0FF3AF6EC,0.049302547736393185
CC_D2C3A3CF8C43,0.1555201842735961
CC_D2C663FD2B34,0.26388774014216587
CC_D2C8F386C890,0.13734995622302065
CC_D2CD6F111899,0.43318645606411266
CC_D2CE804BD304,0.03969588348415679
CC_D2CE9F62425D,0.2623229128769768
CC_D2D039B8BFC7,0.16853890332151167
CC_D2D5DEFED456,0.5056272892414053
CC_D2D6E402CC5E,0.10076340619495756
CC_D2D792A9A4CC,0.11456884644231902
CC_D2D9134BCE69,0.7936032434968292
CC_D2DE1E3664B2,0.13583136631119963
CC_D2DED6A9E044,0.2441024243571161
CC_D2DEEA125614,0.17307940793670626
CC_D2DF820CD197,0.11008839960351917
CC_D2DFDDB1E8F9,0.08096483955861827
CC_D2DFE9A1967D,0.27018999819632017
CC_D2E269AEF461,0.18325279801041294
CC_D2E694711D50,0.5888721504501708
CC_D2E885A14B34,0.09303890693085898
CC_D2ECED58EEB0,0.11515422964864123
CC_D2EE9A0520F0,0.20071643338790124
CC_D2F111C79D63,0.0373139543572183
CC_D2F16DDB2F86,0.17831834146683528
CC_D2F1D6805985,0.7510527721289877
CC_D2F437B47AF0,0.23201683538156326
CC_D2FA5D087CBC,0.08743957132338756
CC_D2FB67928254,0.11479121951458608
CC_D2FB807EE276,0.09824917193707261
CC_D2FD7B0D8B34,0.196524760487828
CC_D30259D4AE64,0.40642044610000144
CC_D3038ACDF752,0.7365906212488795
CC_D3038C299801,0.07482019526306997
CC_D307F79C971A,0.06245360292337473
CC_D30BBC7AD658,0.11006476479492441
CC_D31051013E58,0.08884514382297165
CC_D311F59BFECA,0.07723998867356892
CC_D312F8274754,0.0817606629278915
CC_D31513E751D3,0.20074332311563564
CC_D31BAFB2E16A,0.11219791796633323
CC_D321AB865DC7,0.42896788981138645
CC_D3241471BDCB,0.07806523353916957
CC_D326CB82A372,0.4139662897302225
CC_D328B9E67E65,0.17874710044988135
CC_D32B6AE58AED,0.5371549934080718
CC_D32FC5DDE730,0.3390919822364196
CC_D333F59A0877,0.21327482148902047
CC_D33AB9982EED,0.1347131243139125
CC_D33C6EA896A6,0.10688782112606414
CC_D3454F3F4C2F,0.2150317439906945
CC_D345983E82DE,0.09481318320925658
CC_D3476644188A,0.05922254894551744
CC_D34AFCBB4312,0.33694450612123356
CC_D34C0C572354,0.08132533880390808
CC_D34EE8EF4A0F,0.0755746996646818
CC_D34F08703FA6,0.08836235009756963
CC_D34FB9B21386,0.7109888301167728
CC_D3542F5E6244,0.03903517954319704
CC_D354EEB02D80,0.04878940992603706
CC_D3566095CE43,0.17561620163476943
CC_D35D3BBB5C65,0.6032280023888887
CC_D35D3D201CBD,0.21184209463245213
CC_D35EC5D38FEB,0.5151774153217501
CC_D362B82DF21E,0.17339059461325737
CC_D36462358A57,0.14384228349738098
CC_D364E6AE7D90,0.07726412817830274
CC_D3693EAA812A,0.11059085057821269
CC_D36B6847D67E,0.17649746544906636
CC_D36B7BA76307,0.12464223662153702
CC_D36BB11E0FA7,0.16151075653452737
CC_D36D6C1A33A3,0.14252601003494836
CC_D37184A9254B,0.07237952339101243
CC_D37758B14921,0.05497615608300445
CC_D3778E20CFC2,0.14183005596888348
CC_D378C1F7091D,0.39383789660537794
CC_D379299E0F99,0.12301989887907738
CC_D3796039EE79,0.6267447675843453
CC_D3867188DFC2,0.10981707955967597
CC_D3908B8051B8,0.18855457304639073
CC_D39307AB7E8A,0.08244235697426741
CC_D3966F181FE3,0.037920837565259644
CC_D39682A0DFC8,0.05116638555729325
CC_D39752AFEA75,0.7935432227459788
CC_D397D9DD9272,0.7893733077952915
CC_D39A6914D1CC,0.23356667605421158
CC_D39BA5427404,0.3785646470078396
CC_D39D435485BB,0.043718586461718466
CC_D39DB7F6050E,0.05272041087766791
CC_D39E809D8FA6,0.30063353230300593
CC_D39F9382AB3F,0.24514134109578078
CC_D3A41831C0C2,0.18539673877540444
CC_D3AA942E84C7,0.17855189457239215
CC_D3AB84DCD29D,0.08677853573239729
CC_D3ACC16BFB7B,0.17769058512932698
CC_D3B5CBDFDCBD,0.064710662080971
CC_D3B941DB7A79,0.6569117963097364
CC_D3BC63E2F339,0.7875558492002128
CC_D3C08D8E747F,0.10971452798553501
CC_D3C14DDAA15B,0.12788330884972718
CC_D3C39C93F423,0.1641334649306704
CC_D3C45878B875,0.11969950219999381
CC_D3C65BEDBE29,0.1343856133942914
CC_D3C963739232,0.7125864918493795
CC_D3CD6179558D,0.2719841948905902
CC_D3CE59984E11,0.07618837178910506
CC_D3CF771B872D,0.06680976439207516
CC_D3CFB84F655B,0.282852847003946
CC_D3D086C4F645,0.12792729753180135
CC_D3D095D6121D,0.15842809616493764
CC_D3D4903DA282,0.22495747790291903
CC_D3D68BDCD8A9,0.15293037887444452
CC_D3DB217BF289,0.10083702258662805
CC_D3DD7BF44AEE,0.17302653549183214
CC_D3DDAC9F1216,0.7055760031659845
CC_D3DED803C042,0.612353197750726
CC_D3DF80A94AEA,0.11290774339836869
CC_D3E23627B45E,0.1663078275152289
CC_D3E2E9727887,0.05251428236990815
CC_D3E3FC61AA16,0.09840531865991788
CC_D3E6428FAD86,0.07914399874852637
CC_D3E89CF79C1D,0.09546839100270152
CC_D3EEC5574F6E,0.7158989921071823
CC_D3EFE102C1D4,0.17243431023202432
CC_D3F6B908DA1D,0.172892153361064
CC_D3F6E968C913,0.19408336871407023
CC_D3F7481F33E4,0.15661359320431817
CC_D3F7C98C6392,0.06163902244266635
CC_D3FAA1172A83,0.36491902052365655
CC_D401FF247864,0.22208787575736336
CC_D402AA6A0EDA,0.1760295826465325
CC_D40366FF4DFE,0.7388284499971567
CC_D404797FE4C8,0.12979370390308975
CC_D406BE13BD9A,0.14010740359997592
CC_D406C5FE3ABC,0.144224437647668
CC_D40E1461BA58,0.42563139579651355
CC_D415D9B6C366,0.11921308459130005
CC_D41B1351AEAF,0.07997380128745213
CC_D41B3719D7BB,0.5057179986354375
CC_D4237565AA66,0.1748196849802764
CC_D423987544DA,0.2612450624971097
CC_D4275FDCF3AF,0.08520730469365742
CC_D429C424DEDA,0.07990683003938732
CC_D42C0B72CA29,0.21080443404800317
CC_D42D1C42C2E6,0.1544045370888656
CC_D42EC9A5D1FB,0.5498401521329717
CC_D42FFA8F3169,0.6606794369160067
CC_D430AD797054,0.09733775351588658
CC_D434963D1147,0.04965161520720892
CC_D434E30C3619,0.08769598680005919
CC_D4378A238AC8,0.19955097585996545
CC_D43AA71F891F,0.22724810233473755
CC_D44135D745E2,0.04678920032072263
CC_D445807B5C61,0.18751550974189274
CC_D447F85C2DA9,0.1968172131498389
CC_D449C9463913,0.7571423648914526
CC_D44DB6A794B9,0.10547714081255832
CC_D44E2EE70A16,0.1436137997894067
CC_D450F59B7FDA,0.7953462913356095
CC_D451AA90DA94,0.5931859932791538
CC_D45366071D78,0.07835554684499811
CC_D4549F4D112A,0.07361577619554871
CC_D454A91ED4BE,0.08930703707846241
CC_D4560BD446D4,0.2506725426724915
CC_D4585F3BA979,0.29641493978865147
CC_D45C72ADBA41,0.06531043762027802
CC_D45E9E364846,0.2471537694873532
CC_D463F4B81D2E,0.10150285732758998
CC_D46F15239114,0.17352313464133717
CC_D4758B2ED70D,0.2932087827260677
CC_D476D2A870F2,0.12244531115733817
CC_D47737A3F8D6,0.11736244956350224
CC_D477FD58EC18,0.07966963930987699
CC_D47BE18B5B11,0.046561761377835034
CC_D47D5407FBA7,0.04027893558475407
CC_D4800E51EA8F,0.5838604923245645
CC_D482D79EDC54,0.7672854726027054
CC_D483D735A0FF,0.16288647676338405
CC_D484D97F139A,0.24149358384948738
CC_D48A5222D7E8,0.7469871987130005
CC_D48ABFDB1118,0.16628608239651252
CC_D48BADA0D657,0.10975563357611406
CC_D48C2D07FFC3,0.09990973013831386
CC_D491A7F1C9EE,0.23300151875403366
CC_D492CE57105F,0.12331448993048606
CC_D495145DAD2F,0.0775681229856934
CC_D497EAC15351,0.06302881252375883
CC_D49A23D8A5CA,0.6672772847426965
CC_D49C6111B381,0.10075411195296295
CC_D49CA4139769,0.10994119816629262
CC_D4A1AD0C9DF7,0.24562090298537287
CC_D4A2C3AD56EB,0.2063777821645086
CC_D4A57BDF8148,0.09749007475161102
CC_D4A744C3AFE7,0.09693403792585137
CC_D4A922C06B8D,0.12796227893076467
CC_D4ACDA4FD85C,0.14309373716439308
CC_D4B177D13DC8,0.08770441349735539
CC_D4B2657C05F6,0.1657847318296579
CC_D4B41319640F,0.14331336770954378
CC_D4B9866EFF62,0.03715966380544171
CC_D4B9D3D0C209,0.09244468841194704
CC_D4BA0989254A,0.08653123263564119
CC_D4BA33FD0125,0.2827997158250766
CC_D4BB3EB8D4D9,0.0847798269297709
CC_D4C029F67176,0.3399608143093117
CC_D4C8EBDD846C,0.4055477216908012
CC_D4CE0555C2DD,0.19833782640819161
CC_D4D009E2F58D,0.09370112249862035
CC_D4D14E7F3295,0.19782694352880623
CC_D4D4D53CEAE2,0.06681542167479357
CC_D4D633EDAAB5,0.11513421362304102
CC_D4DDF151EBB1,0.16239464516400853
CC_D4E01FC49F1A,0.2790798997297259
CC_D4E2C6924B4E,0.6381726442942928
CC_D4E8CEB23FA6,0.309564707374721
CC_D4E9D50AF4C9,0.14644398795735802
CC_D4EA2BF9B258,0.07508828693924371
CC_D4EB3A79F2C3,0.634544898425808
CC_D4F1868FB6A2,0.05874427045650834
CC_D4F1FED7AC0E,0.052180131721015356
CC_D4F351A53A94,0.1237207641285349
CC_D4F8A339FF16,0.07093853703756554
CC_D4F92B3A2375,0.3919042878890596
CC_D4FAA038D994,0.1054690071997334
CC_D4FCC1633979,0.035472104997971224
CC_D4FD0FA4BDD8,0.15174936933022593
CC_D4FF6E78764B,0.16864579156289727
CC_D50037B1FCC9,0.10792090997684634
CC_D502283AAA08,0.06546954052776179
CC_D506E134BDFC,0.2646273569191234
CC_D5125E84765B,0.15202313909593929
CC_D515509A602A,0.15346382849349086
CC_D515BD5845EA,0.05186694958275878
CC_D5160A512B7F,0.09616137613870153
CC_D516E35A78B5,0.17140597260374843
CC_D519406BC995,0.08093186630631852
CC_D51C84976ED6,0.19636996255299244
CC_D51E05C25275,0.7090547654600288
CC_D51E9F3EC439,0.770539120973494
CC_D51F77AC5BBB,0.3111148345934292
CC_D520C6A31ED6,0.07403280744348588
CC_D5240CE735A2,0.17490798623540016
CC_D52A0987F80F,0.12985997866781032
CC_D52BE54FF386,0.19081721991819006
CC_D52F264961F6,0.5487672129033274
CC_D530D5BAAF38,0.7525848348612125
CC_D531B5EF2B50,0.11670828640229905
CC_D53330AE5DBD,0.2323778397579796
CC_D53514D412DB,0.11427460298677734
CC_D535D3A5474E,0.6492031744340773
CC_D536704B6764,0.18969717771537636
CC_D5398708F838,0.09732776365361386
CC_D53A623898DC,0.45455718314960913
CC_D53D1602C69F,0.0785553300227891
CC_D5459D97C01C,0.11232440554409864
CC_D54851664574,0.08989623482220568
CC_D548B13848C6,0.17237434945936225
CC_D54CA7477ADF,0.4347366792085804
CC_D54D5281D251,0.3098046159877315
CC_D54DF0838CAF,0.25924944678065365
CC_D552A9B5B960,0.12707378227083682
CC_D555A7B67B3B,0.04625278319712495
CC_D556FDC5966D,0.14996540330244418
CC_D558E04454C0,0.04075106290178523
CC_D55A98E39501,0.17164935912411414
CC_D55D672116FB,0.23015378653190618
CC_D55F551D3210,0.1507106709030066
CC_D55F55DC196E,0.0992586354886322
CC_D56282147102,0.788372403143969
CC_D562CEEE6A2F,0.14877571333988554
CC_D563064A1548,0.12698676716823484
CC_D564D2AA15DC,0.14683203121320368
CC_D56A450323C9,0.09671995372252852
CC_D56D100C07F0,0.8069377764007495
CC_D56F2152C73A,0.21844022874535374
CC_D571187B1C70,0.06574971496560277
CC_D571AE0ACF88,0.04964360611637592
CC_D5725D4E3CF2,0.10596337611270981
CC_D575368B6FF2,0.20560658875481427
CC_D5790BFC8988,0.11015675414969395
CC_D579487A4A94,0.15517622629220126
CC_D579BAEE8B34,0.07646697177998527
CC_D579E137FB97,0.14528959574258066
CC_D5868C04EC3E,0.13894790061628168
CC_D58727BEE89B,0.2332680703097063
CC_D58D0F46193D,0.060505434420657936
CC_D58F3CAAE820,0.09559646766184143
CC_D590B277F862,0.16994780373264512
CC_D595E3C32990,0.044734345325404726
CC_D596637152BB,0.10429579915317208
CC_D599363DA090,0.06019203980283956
CC_D599E95C96D2,0.19129476371409204
CC_D5A1F66E28AF,0.11516801408031933
CC_D5A7829DDDA8,0.34116742695178215
CC_D5ACFCB0FAC0,0.5684057159993029
CC_D5B1468B1D65,0.06436422503414226
CC_D5BD6FAD166B,0.664580171302156
CC_D5BEC047CB8F,0.08230341977394814
CC_D5C13E9667EA,0.2827105972874232
CC_D5C65AB848BC,0.14942255158696843
CC_D5C9503563CB,0.07493449102888315
CC_D5CA3445543F,0.09920220280537168
CC_D5CD19E5DC55,0.1242940551901579
CC_D5CDC8E71E4F,0.09857981079589226
CC_D5D4482D6AB6,0.542554841735489
CC_D5D4DC36B22D,0.3954669110687033
CC_D5D501A7A4BA,0.22039666531185823
CC_D5DD1BA297C1,0.21233002401706563
CC_D5E1DB12F6A3,0.056760863104304046
CC_D5E34124820B,0.08917558889713324
CC_D5E4B0516E78,0.3092702724528502
CC_D5E667665E0C,0.27008745883220253
CC_D5E7B18A98BB,0.11409090877191812
CC_D5E808DDA012,0.0707692138046984
CC_D5E80ED7BA91,0.04683023280668823
CC_D5E9ADA8827D,0.07389781163938447
CC_D5EB4BC1791D,0.11154232564127671
CC_D5ED88759533,0.1276962159956813
CC_D5ED8FB753E8,0.2148557553668653
CC_D5EF0A01C613,0.05562876821942121
CC_D5F108DB60D8,0.05340342929260385
CC_D5F3BC12B278,0.05809286645844168
CC_D5F92C73B8F4,0.7477671102059464
CC_D5FBEB929658,0.16260330785233948
CC_D5FFA79413FD,0.0703247579256221
CC_D5FFAA421FEB,0.10437824554906858
CC_D6055E1252B6,0.04443667791329821
CC_D606659BD359,0.07944467738542058
CC_D606DC703264,0.2276526907392677
CC_D6089B5CE984,0.20942539188557951
CC_D612967B387A,0.0818724636006887
CC_D61505C6C0F4,0.06492020408936296
CC_D6170164D4BF,0.22570801264980195
CC_D6193328683E,0.12072132975943077
CC_D61D2B1D4B78,0.41089719437870204
CC_D61E7FCC91E6,0.7293517618359511
CC_D62049402E86,0.09203516471618674
CC_D624EA7C29B6,0.16359345832154143
CC_D6264BBCFF2F,0.06044393224197556
CC_D6333E73482B,0.15847976940755565
CC_D6340AF9CD64,0.13728860966442677
CC_D6366AFA48C6,0.16808335274239006
CC_D63834E2237C,0.14467836018662486
CC_D63882D26B64,0.34178911677434354
CC_D63A9390D33A,0.18355021819582315
CC_D63B6EC93F0B,0.21749315057229013
CC_D63C622774C2,0.09583122244092519
CC_D63DB1F30AA1,0.12086231147731885
CC_D63ED494CD5C,0.32981478735884084
CC_D63F07D11783,0.33449064547400276
CC_D640653E2B30,0.5172164952673778
CC_D641DAB36A81,0.08328629110353851
CC_D641EB8FAAD1,0.05540432063912618
CC_D6421E8A0EC7,0.07522854415829841
CC_D645773ACCBD,0.11295939417284655
CC_D6465C0D0BA7,0.10446642932450925
CC_D64786ADE3E7,0.21252751203765524
CC_D64ED727CFFF,0.19706300333246612
CC_D650C38490DB,0.058725139198723963
CC_D65141E001DE,0.13986007817014484
CC_D651B35BBEF1,0.07073885437418824
CC_D653C7E9B209,0.04589476629725045
CC_D657BEAE4B20,0.13014311477097082
CC_D6591E377B60,0.19657320221393815
CC_D65BC3BD8FE2,0.1689737530078196
CC_D65D47CD4278,0.14184624457796308
CC_D65F05F4104A,0.3462954089461204
CC_D65F33ED6F35,0.06436900261558218
CC_D664F3E2FEEC,0.16072433201044903
CC_D66E20927674,0.18614495922743063
CC_D66E21C86AC7,0.09629886552413569
CC_D67137D854DA,0.763928623188832
CC_D6727C42CDCA,0.044091503368203215
CC_D67529F00FC5,0.04366632149958841
CC_D675A9841C09,0.14706824247110056
CC_D676883F33BA,0.26931869760051785
CC_D6783DDF0C4E,0.3846078442872013
CC_D68061DD74A6,0.09827638157248894
CC_D6820311B0A0,0.1649891239577992
CC_D683A5E9EFA8,0.27806440192612425
CC_D6872761F067,0.07322258132957093
CC_D6905883A8A7,0.044897690280377926
CC_D690869322AA,0.09568913879349622
CC_D6921F08F519,0.09449519991864848
CC_D693529C2D39,0.1983080655500002
CC_D69E2AC4754E,0.0524584988741274
CC_D69F07FB5DFA,0.0984950976606665
CC_D6A0181F18E7,0.20680874498819324
CC_D6A250160643,0.20982310112859032
CC_D6A55CDE54AF,0.5762747529718444
CC_D6A5A7377DD4,0.053985142159497276
CC_D6A6B1030B09,0.07696506938107246
CC_D6B0FF5E6118,0.49740360276324785
CC_D6C030C952C4,0.4830713574364733
CC_D6C48B5540BC,0.21183451568034184
CC_D6C963BCAA91,0.0423353514631062
CC_D6CC8D247E7A,0.07302612735904646
CC_D6CD93E594E2,0.06432314527340918
CC_D6CE1A5DF0BA,0.039905914391568466
CC_D6D1D466A98B,0.14042836669233966
CC_D6D2F88BBC97,0.11100840068338988
CC_D6D329E72DC6,0.7694442652779706
CC_D6DC10F3C8C7,0.29146150481081223
CC_D6DDD7A1AD4C,0.09880466684409958
CC_D6E0189402EE,0.27860423521698335
CC_D6E3F168572D,0.1524543174403466
CC_D6E7DC170BEF,0.17214288761755692
CC_D6E87506F009,0.18343571355931132
CC_D6E9B159673A,0.1870521405718319
CC_D6EA3ED7E326,0.7138286710028451
CC_D6EAED72D334,0.17204730355773218
CC_D6EB912BEAB5,0.03999014159666465
CC_D6EC154F536A,0.35521527892976085
CC_D6ED615280E0,0.09145428389148505
CC_D6EDC24EED1F,0.16678721373223285
CC_D6EE82C2E883,0.25913441648290647
CC_D6F2E45399DB,0.7711743336450967
CC_D6F4804C79B8,0.13623177570549455
CC_D6F8BBAA2239,0.2653842054558887
CC_D6F9B49F7F27,0.29429051116250016
CC_D6FA2F7DB3E2,0.11355269417281302
CC_D6FA643DA378,0.7567943600336143
CC_D6FC0215FE8E,0.14002871883878593
CC_D7038C89DFAF,0.07265155255354913
CC_D703A0A1E9A1,0.12520227352237268
CC_D704840B68D3,0.03955624071877951
CC_D705E98D2CE6,0.15341461412647373
CC_D706D8B4B811,0.07316648632949282
CC_D7086EE0407B,0.113295877366094
CC_D71011D31E6F,0.6193885397483417
CC_D7124C326C9D,0.21039881213220663
CC_D71949348E58,0.044474133161999926
CC_D72424AA9FE2,0.057027328199875896
CC_D7289930B5D8,0.10151343063832816
CC_D729E17924BE,0.0889132323386999
CC_D72B29D5557D,0.0933299620059174
CC_D73215111768,0.2282978308435312
CC_D732F7DE061A,0.05427853972747125
CC_D73627BC0C42,0.11776167047444257
CC_D741BE3FD260,0.1610265972827021
CC_D741C8AFFFE9,0.1338208638663442
CC_D746F0614398,0.14084186424322712
CC_D749CFACCEFA,0.08914653776476356
CC_D74BED2343C5,0.6733067444379508
CC_D74D437133A8,0.19873947086033603
CC_D74E3CAABAC6,0.5368853670631106
CC_D750EDBFA407,0.18661548322936752
CC_D7525D1F70F2,0.09737857508525291
CC_D75A6A9A0738,0.11973795294149718
CC_D75A9389D75F,0.1411957018715932
CC_D75B211749AF,0.05640300617163163
CC_D761EAAB48EC,0.21315087314144887
CC_D76CCABAD7A5,0.09487167787840615
CC_D76E833AF36C,0.7115072546501838
CC_D77323EA0CFE,0.33066825160717045
CC_D77AF3FD7C8A,0.29905444391363323
CC_D77B0F488E08,0.22093210856872583
CC_D77B3E03DD3F,0.2283840140511169
CC_D77CE50A5F5D,0.06793103397598502
CC_D77E24D9A860,0.3885824204350903
CC_D78180DE6BF3,0.08988894887162521
CC_D789A6E9BBBB,0.21120477149128436
CC_D78A7315B53B,0.5540080198903176
CC_D78B3851FFD5,0.10597677204410075
CC_D78FD0B061DC,0.05239251226122815
CC_D7943FD353CF,0.7312146914938467
CC_D7946FC8CC1F,0.1378488564554826
CC_D7965682307A,0.20142169318420328
CC_D797C0BE9AD5,0.7058285112094915
CC_D79DA07C35CA,0.12508915391557726
CC_D7A0C3CAA4D8,0.057741887892696596
CC_D7A2944FB72C,0.41968329723946035
CC_D7A3033CDEF8,0.1420913052767653
CC_D7AB20450937,0.05565815401219966
CC_D7AC664F5E53,0.26506701891653456
CC_D7AE1DF635F1,0.14631142112664738
CC_D7AFEB65CB77,0.04479010912219295
CC_D7B1A11903C3,0.19801284388037402
CC_D7B6240818EE,0.09889082751168207
CC_D7BA515150F2,0.28850534555115714
CC_D7BCC11E90D1,0.060752930661833016
CC_D7C455F303EF,0.161757924091182
CC_D7C464EA9258,0.10949439208774461
CC_D7CBF4964B7F,0.33055670566921186
CC_D7CD7415AAEC,0.1546788880938216
CC_D7D03DA9CF41,0.08444239280384049
CC_D7D159A9A5CF,0.225703263546283
CC_D7D1CA714C68,0.14662397233540864
CC_D7D1E0504B83,0.14972290806625427
CC_D7D39147F659,0.1960460128321551
CC_D7D59F1707B3,0.07497883449487723
CC_D7D94704F84F,0.07371973006634672
CC_D7E047CE185E,0.09032325967606028
CC_D7E57BF8B92A,0.13526070330721462
CC_D7E5ED8BAB71,0.11769113824444317
CC_D7EB40D9C407,0.10648069441433357
CC_D7EB4CB5AC83,0.07625894800410452
CC_D7EEFF88E2C7,0.6351846870084026
CC_D7F6A56D2CE6,0.07903692359123074
CC_D7F6C6E09979,0.29283829702244757
CC_D7F83106DB2F,0.07258105019341636
CC_D7F85AB2E2D8,0.09480037589976627
CC_D7F9FF003F99,0.12150065138395585
CC_D7FB99824C59,0.03854769681234289
CC_D800C6566DC9,0.06914130280220554
CC_D801888CC024,0.043719520079370786
CC_D801D55F0141,0.05720910618651861
CC_D802E81D86B0,0.09851035619608009
CC_D807F321FC52,0.06912815184636949
CC_D80CB0F888C5,0.4917759929560626
CC_D80FF39DB7AD,0.09249614746493764
CC_D81349090F58,0.04724563414712498
CC_D8154DAB5DB7,0.09584382322685653
CC_D815BD1731C7,0.14581095411582737
CC_D81A9D67E98D,0.15286921851504093
CC_D820037F6F2B,0.6332321427590488
CC_D821A1CD6D8E,0.07565254383420122
CC_D821A446A48F,0.1193501363288028
CC_D82901C966D0,0.7908390720948427
CC_D82A3794DD85,0.3420649879232138
CC_D82F774F0FA0,0.21583294000423062
CC_D831AFB64AA3,0.07617402178682293
CC_D831BF8DF693,0.19338077992682176
CC_D83594E2EF70,0.11140184862077071
CC_D835DF64E886,0.6198686673490386
CC_D83ADD41A543,0.6671413464964948
CC_D83C2633BCA1,0.3278780224891772
CC_D83E0A8A6CED,0.04265699854989301
CC_D843C11B9EEE,0.08922650930246127
CC_D844597C2695,0.10245823541576567
CC_D8529AFAA00B,0.11670099581233602
CC_D859B3C45B82,0.05583212753163859
CC_D85BF9D11E1C,0.11728197979130232
CC_D85CE7C86842,0.7668331530410182
CC_D8645E47C05A,0.12464657679501241
CC_D865273FF242,0.21703941261547702
CC_D86A4D053552,0.27510535818153803
CC_D86C0A727E85,0.3897154403726427
CC_D86E0FA2DC35,0.05227354495334239
CC_D8759AE5C68E,0.0465545967310314
CC_D87770823699,0.333561789427592
CC_D87806249E02,0.0428810757608674
CC_D878BBF51F57,0.3137644595507352
CC_D878DCEB60DB,0.2793501399477488
CC_D879027D6F91,0.19265160343170387
CC_D87F4135D638,0.08189638145575859
CC_D881DACFF890,0.7023601139199414
CC_D8857D3B3558,0.05192652876508323
CC_D886BEB0EF53,0.04883150618185879
CC_D8870FCBDCD2,0.1313411957068002
CC_D8874E50A33E,0.09371267359736904
CC_D8882D8F31A5,0.3417191808402646
CC_D88F5A21FEA6,0.08219586224897016
CC_D8914B4D4DC2,0.24357999553734433
CC_D891F45EC7CE,0.18844553392662874
CC_D892DCCE8211,0.24157650852101514
CC_D89846448FB2,0.08643585432693394
CC_D898DBDD230B,0.051319767332992795
CC_D89B7BB829EE,0.32388225151680783
CC_D8A874E53DB2,0.061552452439364656
CC_D8A90DBD390B,0.224803430864796
CC_D8B286D870E9,0.1149166702847438
CC_D8B4E4A0C29B,0.09433087513472076
CC_D8B669B0E2C2,0.09523108695772001
CC_D8B9D70CD2C7,0.07957543453260421
CC_D8BC07EBA480,0.2409615369926322
CC_D8BCE6B90BD6,0.34865222000862733
CC_D8BDCE599EAD,0.6462771151164812
CC_D8BF873D7D17,0.15028654706150188
CC_D8C7D58D2DEA,0.21115532597702225
CC_D8CD317B8622,0.26196391849892275
CC_D8CE880ED1D4,0.03919374077919217
CC_D8D49B1B7017,0.038734920991816385
CC_D8D679103945,0.1577934623478137
CC_D8D6C2E566BA,0.21412107590676074
CC_D8DD8400CFA6,0.131624589570461
CC_D8DDC480C029,0.4769736068296006
CC_D8DE0194910A,0.11550310321873995
CC_D8DF6FFF159D,0.40004205747157673
CC_D8E0B16756C2,0.04470911738155121
CC_D8E2FE13E8BF,0.0481623755510054
CC_D8E3D41E003B,0.7270711776429842
CC_D8E767D04107,0.0676687880014278
CC_D8EB09BAAA00,0.1997891972522289
CC_D8ECA5CFEC66,0.37986798336994876
CC_D8EE946FD3FA,0.2081088431497758
CC_D8EF40B722E1,0.3389905686865962
CC_D8F59EF058D8,0.24700814688539396
CC_D8F8B5430C28,0.6283564120881091
CC_D8F9CB40401C,0.5227863847504769
CC_D8FAEF9DBD35,0.05126081709378268
CC_D8FE805FECA8,0.19414704160187954
CC_D8FEF8FAC3FA,0.36233180042403623
CC_D90468FD7B0D,0.24541187069570397
CC_D90A90B1C9B3,0.343254942337886
CC_D90C35653B1B,0.6614586384418646
CC_D90DAE603829,0.11884390191974233
CC_D90E4DE653DA,0.1566427365944958
CC_D90F0EEFC950,0.11136752092554099
CC_D9119A09374B,0.12062051107346143
CC_D913D64B2092,0.28973402355895694
CC_D914C13BD0D5,0.1182170075949051
CC_D91B67879DBA,0.15825041985151736
CC_D91CA3DBB8C9,0.09240437268302752
CC_D91D6DE450A2,0.20900043201891436
CC_D91FD2EA0D34,0.08198801928043227
CC_D92582A6F2AE,0.041945318921882066
CC_D9283D9CD1CD,0.16143854746867323
CC_D92E4228FB8B,0.7202749255983458
CC_D931C4B20B11,0.2421588214294595
CC_D9322F47555B,0.16730076211478695
CC_D93248EC62F8,0.24519179931903906
CC_D933874DF721,0.041756840612142375
CC_D9361DB8EA11,0.20943923394827474
CC_D937FDD3BFA7,0.6545114585981129
CC_D93A4CE7460F,0.13857363307853438
CC_D93A8365A559,0.6121929791421316
CC_D93CF5192B98,0.1534616275933261
CC_D93ECB8EECED,0.13678606567602175
CC_D942B32ABA3A,0.6183922402072888
CC_D9454132539C,0.042656612186299944
CC_D945D9AC7F13,0.6252886452549826
CC_D9488AEEC569,0.12517614315974998
CC_D94B21F92B14,0.09495906559097735
CC_D94C46327CB2,0.3851973702657067
CC_D9526C70D29B,0.27438547209898356
CC_D95D8A2DF621,0.5247921282248564
CC_D95E60D5806E,0.0448773487108866
CC_D961FB1794AA,0.06268565105644217
CC_D962F5D3E256,0.28947719230042535
CC_D9661ECDC459,0.06438595198974131
CC_D96ACE835D02,0.10236898239653194
CC_D96AE7CEA168,0.4255350598778233
CC_D96AEDED5E02,0.0721608879002924
CC_D96EA783601B,0.20039754229082876
CC_D9718D1A5314,0.13519370647705692
CC_D9753BD4DA44,0.06027211581401861
CC_D975C2463C67,0.05698589280004714
CC_D97E9E7F414E,0.07038973138414455
CC_D982BA24D58E,0.30327169786345726
CC_D982E8496D2C,0.1841053342582191
CC_D984A06988D6,0.06378905710167751
CC_D984B7B19057,0.1306668843173952
CC_D98699C2307A,0.7365224897824241
CC_D987307A6F2C,0.11506037083760937
CC_D98B015BBE8C,0.6889844183517655
CC_D9927EC41BAE,0.17178308071102807
CC_D992FC5AC396,0.7340650540395796
CC_D9934BD55F53,0.7322084585039268
CC_D9945C099880,0.0947274455845045
CC_D998D9D21571,0.05986557379420419
CC_D9990E69C9F5,0.1303982806158972
CC_D99C1255CE42,0.31777314243464
CC_D99D0606FF27,0.035177261429918213
CC_D99D675D2BBC,0.2332963747289532
CC_D99DFDCA0CE3,0.7568084740434938
CC_D99F456F74E4,0.26649479579632385
CC_D9A03C1EBB79,0.2318910759271809
CC_D9A050EBDFDF,0.12480238769736329
CC_D9A1129AF2AE,0.3216615885901541
CC_D9A1E3A167F1,0.04460269161869955
CC_D9A39632264A,0.3501799404664501
CC_D9A4A559869A,0.32890058076189527
CC_D9A6FE8D7CAD,0.0860369846980027
CC_D9AE1DA4131E,0.107295599587385
CC_D9AFCDA45975,0.29961243003014537
CC_D9B06754C03D,0.39948601307031767
CC_D9B7279BB5F5,0.07407948632437084
CC_D9B75DBAA66C,0.10969311526523322
CC_D9B7BE52255C,0.03764059680207758
CC_D9BE09C06464,0.051991575212068805
CC_D9C1E75FC3F9,0.20729716962932182
CC_D9C655121E24,0.10656167213636017
CC_D9CBE08DD2D4,0.6635668142385595
CC_D9CFF63BA03B,0.2060411099114244
CC_D9D3E96EBB73,0.1830639429541681
CC_D9D54968151C,0.1882520727238752
CC_D9D56017EE01,0.05042524169125347
CC_D9D87FFBC7D6,0.10550182627159996
CC_D9D8D8846C65,0.2561330289424967
CC_D9DB8321BF1F,0.058542346844952284
CC_D9DE99B7EDB0,0.25439597938532826
CC_D9DEA86EBE5C,0.09735780782558515
CC_D9E238CA9EF8,0.16308750912804898
CC_D9E327E8F83E,0.27415789365315135
CC_D9E779F3E12A,0.11284808004399205
CC_D9EA36E0B62F,0.11854533963136864
CC_D9EE2BD4C09F,0.06267222347395471
CC_D9EEBE161760,0.18795939158823607
CC_D9F20AE4FA11,0.1791347944283643
CC_D9F27347B1CB,0.18641466602518153
CC_D9FC3352988F,0.06976001990907599
CC_DA036B31D42E,0.12407206857292859
CC_DA03F3C05DF8,0.047304928211727
CC_DA04A01DFED3,0.05383210772710121
CC_DA0750A99F59,0.28042523028637006
CC_DA0895402C42,0.0549122860928601
CC_DA0AF5C09B73,0.37601704824372206
CC_DA0BB6DC6253,0.12731960873880777
CC_DA0CA3A4A504,0.1194007895956107
CC_DA0CCD0835D9,0.20152630245016842
CC_DA0D9D499B89,0.05616162092206047
CC_DA0E3C3E2DF2,0.07312134929207108
CC_DA15418D8D33,0.7460340750021384
CC_DA1B6B406CEE,0.1724464580500227
CC_DA1E7E21E61E,0.07372836482337401
CC_DA230FBB96ED,0.14556872463241705
CC_DA24FA2FAD45,0.12102785392503113
CC_DA25C468A7E9,0.7866454093581712
CC_DA308AAFC9FA,0.20324082281875616
CC_DA336354A61C,0.055640025898030944
CC_DA38919613DD,0.06504885529265375
CC_DA397567DCCD,0.1453459672079358
CC_DA3E4103ACAA,0.06316260902758478
CC_DA3F07A15666,0.038285001501910325
CC_DA40BF7C8A45,0.37199245284613863
CC_DA427E24F55C,0.06989225387503809
CC_DA469A21AD02,0.6623369480947136
CC_DA48090EEE65,0.7741403855890957
CC_DA4F49757BFE,0.3839682221607739
CC_DA4FB713841D,0.665578656005799
CC_DA572DEC9EEB,0.06389059687397428
CC_DA5D5C14D361,0.07800946737827194
CC_DA5E8EA4CF0C,0.068549587225116
CC_DA60F7F5BADE,0.2518055315373347
CC_DA61D140E487,0.08012169425674606
CC_DA62856B7BBE,0.2606197341634135
CC_DA62B2294102,0.3416487611311551
CC_DA6664AB0344,0.22291065266894328
CC_DA666B011859,0.09599251723100558
CC_DA66A3A3751E,0.03953942593707346
CC_DA66E0CAB79B,0.08840588296701227
CC_DA6FE3209CFE,0.06585898845414498
CC_DA751E9E0651,0.4650096864540655
CC_DA76C8CDEACF,0.11843338774840603
CC_DA7ABF62F809,0.6557941377756584
CC_DA7C2A3067EB,0.06472074900188166
CC_DA7E95C1D00F,0.30188575565757997
CC_DA82C1D82588,0.2664779496967905
CC_DA8309F38659,0.1506300368277795
CC_DA836364059F,0.47876149528669015
CC_DA8E14F3F845,0.23488803036739708
CC_DA91B198FA8D,0.10010877838213421
CC_DA931D89B29D,0.2710307272609394
CC_DA949950469F,0.13473514908983847
CC_DA9884A3EDB5,0.060816845450653335
CC_DA9A9ECC25C6,0.0741886174043301
CC_DA9AC8C518A8,0.1008929321519871
CC_DA9C31D23666,0.18247399439441983
CC_DAA50D64AB37,0.1356050812026643
CC_DAA922E1B0EC,0.19206844348236846
CC_DAA9ED474393,0.10173061913113002
CC_DAC3D6FDC20C,0.05303879096650375
CC_DAC3E996DD81,0.29041532049634605
CC_DAC75D9971A9,0.06075795257433062
CC_DACB5AE91072,0.3852761231618415
CC_DACEA802ACAE,0.04285388749118331
CC_DACF0C999923,0.17011018108267797
CC_DACFABB212DC,0.11164474859891857
CC_DAD202AEAA4C,0.44583380272007866
CC_DAD728D9879C,0.11551235847428329
CC_DAD760E77E78,0.07068975702737665
CC_DAD7CF01227E,0.08083202902032675
CC_DAD909BAD907,0.08196072072600287
CC_DADB5F68FC6F,0.06807652634535963
CC_DADBABD48123,0.4121436689384373
CC_DADC181D6EBA,0.25241269043291625
CC_DADDBA49D338,0.10671609645721133
CC_DADEC4296C7F,0.5893938849416107
CC_DAE919F9CD5E,0.311219528134034
CC_DAE96420D560,0.06893370677214666
CC_DAEDB284DF68,0.07602991343368329
CC_DAF6491721B5,0.06388308245843978
CC_DAF709C74574,0.09440773418567198
CC_DAF8EEB8FE30,0.4443340780646602
CC_DAF926BA3010,0.15432687679506324
CC_DAF9BEBE74FA,0.08274988672666002
CC_DAFAF8D7CE0B,0.05009617730078304
CC_DAFCEB37A993,0.19611867123645144
CC_DB0174751689,0.39677336988656764
CC_DB02D2A13B2F,0.2470164818682429
CC_DB0885F62F84,0.04868376699408461
CC_DB171312A42C,0.06526403350884265
CC_DB194266EDED,0.3235177270296108
CC_DB19C8E300F0,0.060463120591418174
CC_DB1E59275D2D,0.5866995911073549
CC_DB280065CA4F,0.17530878998325677
CC_DB2AF8229B51,0.23039226715788436
CC_DB2FAA0B00F9,0.06916841235536966
CC_DB31F29705F0,0.6404381868154914
CC_DB321A664E36,0.2410379732357748
CC_DB3546E75AE6,0.08359253510743539
CC_DB356447A811,0.1831526766132397
CC_DB36E4CFBC41,0.0395314565564006
CC_DB37967A953E,0.3325653153694491
CC_DB3C797F3558,0.055362420342408826
CC_DB3E7ECE0C9D,0.262565598147798
CC_DB40F0DDE097,0.23412692721256093
CC_DB47534272B8,0.21345990900901834
CC_DB4B9B95EEB4,0.26283650901080385
CC_DB4E052B97AC,0.09317841505880978
CC_DB4E27F735D9,0.053058554652586645
CC_DB508282E901,0.6389771319006787
CC_DB528BE48BB1,0.11666963473571748
CC_DB54001E999C,0.045745995741760886
CC_DB55186D6C8E,0.20347741546729364
CC_DB5913C59DC2,0.22820344007794743
CC_DB5D09435FCE,0.042758337957301856
CC_DB5D9EEDE96A,0.49829731756819456
CC_DB5E137EC491,0.13257760233228427
CC_DB5EA4472CAC,0.21075140087606212
CC_DB66EB0D5EEB,0.12904372120753782
CC_DB69052801D4,0.05094424625487132
CC_DB6C65AC58A4,0.10954726814388065
CC_DB7022D4F20B,0.14796249017090624
CC_DB70AF79D293,0.10282619537082774
CC_DB732975484D,0.13607686529137497
CC_DB7389D89F97,0.1467071443680755
CC_DB741F6C450E,0.7483051857519711
CC_DB748FB51F13,0.0733451423141016
CC_DB75EC24C095,0.35422594525339574
CC_DB781A357DE0,0.06458789872823807
CC_DB7E1813373A,0.22124972264322632
CC_DB7E5D89D825,0.10187280071137099
CC_DB811EDAAC28,0.329384688561411
CC_DB81A194546A,0.7460402407013618
CC_DB83EC01413A,0.19317169999092884
CC_DB86699EC029,0.04653085294695224
CC_DB88A88F61F2,0.23651911319647217
CC_DB8E3AB69DB4,0.05514460618283693
CC_DB96F3CBBC18,0.08737304492212532
CC_DB9853346E7C,0.04109591938400091
CC_DB99BED223E2,0.14472649912093735
CC_DB9BE9F4B01B,0.6863566426204881
CC_DB9C49D4C527,0.19021806496248153
CC_DBA013FA1E67,0.6363646084929997
CC_DBA33794B76E,0.5804956354793582
CC_DBA67A160F54,0.5399508090426189
CC_DBA84A23F29B,0.3891806760562749
CC_DBA9F8D7FBD0,0.13203710464144836
CC_DBAF55AECC9C,0.12242974932697459
CC_DBAF62856E6E,0.07254869488847544
CC_DBB029EEC4D3,0.08169755814004057
CC_DBB02E040D7C,0.2797398946726008
CC_DBB122A0E825,0.058819313856697905
CC_DBB2081577C7,0.14455156909751707
CC_DBB2403B6AF5,0.06999573756435581
CC_DBB8797AD01F,0.14759516907524853
CC_DBBA158A31C4,0.05309437020888903
CC_DBBC73098365,0.5919189767432448
CC_DBBD523F9F73,0.0918736778616564
CC_DBC084BD54A5,0.06810689119541323
CC_DBC491F049E1,0.24064648308133246
CC_DBCA076FFA42,0.1149040490642776
CC_DBCDF66A0C4F,0.05890599946259424
CC_DBD178A66E5B,0.28416569341191733
CC_DBD1FFC21A48,0.5239137733365935
CC_DBD351B13341,0.6541740278048703
CC_DBD36983740B,0.07858804299970988
CC_DBD70E1CC761,0.17748912855808074
CC_DBD710FAAAC1,0.17897995076743958
CC_DBD817234E9F,0.46873854932641584
CC_DBD90B2F202A,0.04986701032000205
CC_DBE4042D8E18,0.042297731460818166
CC_DBE84B60FCC1,0.2549782905469863
CC_DBEAABE7BAF0,0.28621464620330433
CC_DBEB39543505,0.053696089028598924
CC_DBF10C5E2AA8,0.18196895713024822
CC_DBF70F7AB9F3,0.1996701045077434
CC_DBFF83A9795E,0.09514566051159232
CC_DC027E8B3E68,0.6373188633051697
CC_DC05375FD185,0.486834582953768
CC_DC0A1C9E108C,0.19922627876493962
CC_DC0F03F74BCC,0.04248955648573518
CC_DC14F8B9D225,0.21022019667463043
CC_DC1610F0E38E,0.6446150311418183
CC_DC228CB3EECB,0.11449404175258507
CC_DC277C84F66A,0.13298145470093675
CC_DC295542395D,0.12744367368840895
CC_DC2C5D514BB8,0.05978714241826284
CC_DC32A00641F0,0.10265953134374747
CC_DC3423897E8B,0.14085797694312013
CC_DC350DAA5603,0.05197239585796195
CC_DC381FAED937,0.1730335364978102
CC_DC3AE13943A0,0.6643884261643874
CC_DC3D9BF33B67,0.10799016274649811
CC_DC3E2AD15C37,0.07389074829587808
CC_DC3F4106A8FE,0.15863773254668534
CC_DC41EDB0ADBD,0.1842629437481639
CC_DC425FFF857C,0.08947924468045797
CC_DC42D605616E,0.05066490672116317
CC_DC43FBCCC69A,0.03678586483697156
CC_DC46DFCFBDAD,0.8054533060878277
CC_DC4946E9DE04,0.6951608204037742
CC_DC4A786D3465,0.4978892892839538
CC_DC4D52AE0B8E,0.47610171515337435
CC_DC5ABD5B3A4F,0.5237056546078656
CC_DC5FA60DA469,0.20284037744248748
CC_DC6069F06090,0.062013064879032465
CC_DC60FEA018E6,0.18392689293516412
CC_DC6122013CEB,0.23921737352605627
CC_DC639EB455E1,0.4837006090739229
CC_DC646364090D,0.20995489196901276
CC_DC65E45B8384,0.06486462142899033
CC_DC66D13BDEDF,0.791178288515233
CC_DC6B511FB23B,0.12071241127337166
CC_DC6BB249D201,0.12774915886874644
CC_DC6C482633B9,0.10303970982415549
CC_DC6E58F21381,0.569413248607862
CC_DC7A25BD1F47,0.14136496178751118
CC_DC7A33783DD3,0.10315801407116917
CC_DC7D93FEFDD1,0.058199242642562
CC_DC85569D2145,0.2102329775245344
CC_DC87C2BD05BB,0.07775462098863334
CC_DC888B4BE014,0.09640070098220682
CC_DC8B9B3C9C54,0.40016872392951425
CC_DC8C3E2B80DE,0.12061244673157052
CC_DC8E2CD505B3,0.0740380752831208
CC_DC8EF53206BD,0.07992276591920702
CC_DC92D7EA50F0,0.04642436455672902
CC_DC93C55F6BC0,0.22269636280987498
CC_DC98CA1A4B96,0.33495520189188405
CC_DC99538F16CB,0.07983992906261586
CC_DC9D6028EAD6,0.046163295851431516
CC_DC9D84366AD7,0.7064128211531121
CC_DCA0D62B989F,0.13563715805411114
CC_DCA607649830,0.05591210421700461
CC_DCA7ADA16CC2,0.2623717238227005
CC_DCA8343A158D,0.08422324685301874
CC_DCA8FFAE6CDE,0.29861386940038587
CC_DCAEC4DEE0FF,0.042621146460534505
CC_DCAF2FEBA684,0.11767741452107501
CC_DCB0507CA510,0.2923683150120068
CC_DCB24419E157,0.18508443797639465
CC_DCBEA6B1A50B,0.05545338115662037
CC_DCBFDABE8696,0.07055103063150128
CC_DCC00591B5C0,0.1398167697215002
CC_DCC678B2DFB2,0.06443344360268946
CC_DCC76DD2645E,0.14802712797757722
CC_DCC7F60C5B5F,0.07774481694655552
CC_DCCAA25A8475,0.10490584145956323
CC_DCCB0D2605FE,0.5221810723424843
CC_DCD225A46B83,0.18138952500455457
CC_DCD2BB868BFD,0.2008956475474281
CC_DCD6E9A41D1D,0.04043425282873885
CC_DCD8A65038D5,0.2250099658880398
CC_DCE260ECF456,0.07889212743096481
CC_DCE86D38263C,0.04269333862751158
CC_DCE9572B02E6,0.4023779410607614
CC_DCEBD70B9469,0.49897090176451114
CC_DCEDFE5CFD9A,0.1697447407056756
CC_DCEEA6D94B6D,0.10015426704141198
CC_DCF8258D01D4,0.4808064711541703
CC_DD0473B1DDAD,0.07452833801673475
CC_DD0796D73A28,0.11118961925093056
CC_DD09B7D190B5,0.1377358237832809
CC_DD0B370AA195,0.14826720897818266
CC_DD0BE6C0B0B8,0.04928988181815426
CC_DD170CB70F7C,0.29450508246446827
CC_DD1D396CBC81,0.1252198963661679
CC_DD2010A0DFD4,0.04765695310583669
CC_DD214D0D8F73,0.2372326828377421
CC_DD2226E11DEC,0.04456036438503913
CC_DD264BA70FD6,0.03700946326429643
CC_DD26AE101046,0.14916784692875823
CC_DD2747CFCA1F,0.17517774085777035
CC_DD27AA231F94,0.11961272044245508
CC_DD30091281E5,0.06104243788713942
CC_DD30667C5EB5,0.5472107000030235
CC_DD344A519B52,0.07230898045155397
CC_DD378D9ABB1E,0.13866648925784175
CC_DD401FF9D632,0.26268542248880056
CC_DD4705C23936,0.4479922388824398
CC_DD470E62939D,0.3421010058196635
CC_DD4A9F0F7664,0.33071288849160496
CC_DD4C20E3C024,0.05570766481272106
CC_DD50CF72BF65,0.6962059320860517
CC_DD50E190D34F,0.06121252608274306
CC_DD532C622568,0.16650619386604343
CC_DD549CFB1855,0.6302702878674575
CC_DD57688DF0C3,0.03591417685443478
CC_DD5A028D5099,0.0446068738080126
CC_DD5A0DD291AB,0.09823203164410606
CC_DD5A24B4F5C6,0.09641578687443789
CC_DD5CA9EC574F,0.5103896282054394
CC_DD5DFBC2338B,0.5356271903057455
CC_DD5E578831F5,0.04436634593732798
CC_DD6264A01733,0.09106506101262034
CC_DD655358B37C,0.2545385613803511
CC_DD68C4E7F50F,0.08499427696667944
CC_DD6A6A8F0C38,0.8012922729846721
CC_DD6D2F87FEE9,0.4188362517319386
CC_DD6E2151ABDE,0.2111438318773545
CC_DD71023F3208,0.7503586846715644
CC_DD72ABBA8454,0.05634713727202547
CC_DD7C6057FAC3,0.18413153950192157
CC_DD7C74420340,0.17928793796125064
CC_DD7CB3085E01,0.0407489718542774
CC_DD7E6E7406E9,0.06761462858712661
CC_DD7F23AF9FCE,0.10296895714688574
CC_DD8592353C9B,0.6091746318183974
CC_DD86C40C567E,0.04012179596323441
CC_DD877659E2EA,0.10898719187008206
CC_DD878356DD8C,0.1826585833096691
CC_DD8936EFFF6F,0.7909661026362393
CC_DD8A105EBD00,0.2013358257523699
CC_DD8FFE50D15A,0.5392337814705869
CC_DD90D7070424,0.175952430534778
CC_DD936452095F,0.7549656606723107
CC_DD958AB25545,0.30925271790841613
CC_DD95ECE66D81,0.2904850640873332
CC_DD98E612EDE7,0.1514477084098365
CC_DD9A6DA9E33E,0.17285486131862338
CC_DD9AA52D676A,0.16046432972936012
CC_DD9BEB03EC0C,0.05299854051387541
CC_DD9D74BD2E07,0.05561068856048229
CC_DD9EC719B677,0.21123739361890953
CC_DDA2B36E5162,0.2030118783303858
CC_DDA34EC134E5,0.033866336520131386
CC_DDA3C8719F11,0.1490638854321604
CC_DDA86B178B93,0.12650873195219708
CC_DDAB629C4494,0.232578857700243
CC_DDAC65170D72,0.0603575578576386
CC_DDAFEAC05706,0.09326188197310079
CC_DDB0996657E0,0.18586231926374935
CC_DDB0E3799A25,0.060734128193155226
CC_DDB15585951B,0.09070797996085643
CC_DDB438F6A4E0,0.0654891900336139
CC_DDB4E2800DC3,0.05487879827253243
CC_DDB7A56F2956,0.11240006303428678
CC_DDB7F2F4453D,0.6568625593274492
CC_DDBA915748C0,0.32392403586334517
CC_DDBC63A115B9,0.10559594195211075
CC_DDC48C1205CE,0.2099228346046204
CC_DDC657F294FA,0.04160333890671375
CC_DDD0F59501CC,0.22945919113500746
CC_DDD1A6AD1230,0.08109928547159903
CC_DDD41934730E,0.7710347390674823
CC_DDD5B1A62190,0.32904393693511585
CC_DDD61B172FFF,0.12062894538402283
CC_DDD62BB41A28,0.18927150290368963
CC_DDD66C64EB82,0.4336196639702097
CC_DDD9A64F74C2,0.12648319667375063
CC_DDDBBCFF3D06,0.06097342044576498
CC_DDE5211A7FE3,0.060904876462359245
CC_DDE8AE0F9BA7,0.1932788865085045
CC_DDE8DEACAC1E,0.1468997493340625
CC_DDEA0C915DC7,0.2352808932368195
CC_DDEA97C11085,0.13157247503222563
CC_DDED3962D79C,0.1350649348358454
CC_DDF2FD124B4B,0.03488209402240487
CC_DDF373A9025D,0.6550878658158985
CC_DDF53F58D4AE,0.321463725425719
CC_DDF677B937DB,0.18232343485727498
CC_DDF7ADE283CB,0.12352562810126066
CC_DDFC09E969B9,0.2501348314493465
CC_DDFECE91C0E1,0.17108178724901188
CC_DE0116B4B77A,0.2321236346617553
CC_DE01465CF2A5,0.15377060295821293
CC_DE021F992913,0.055556928174389716
CC_DE0C5AE6C4C2,0.13948294292886124
CC_DE0FA1D681F7,0.18559414133166768
CC_DE155CE81B7D,0.5302874897591134
CC_DE15FC5C3C39,0.1455921612420393
CC_DE178814A91C,0.187460645365807
CC_DE178E9DFDEE,0.16842922441534253
CC_DE18C03C57BF,0.039294903231328185
CC_DE1A7D54AE9D,0.12535589851174297
CC_DE1AC08B1B21,0.09225108415447117
CC_DE1ECC3E3FA6,0.05700930334846351
CC_DE1FF5C4DD4D,0.11854575656938642
CC_DE230F93BE79,0.14564348934856478
CC_DE270F3A836F,0.26124541006969093
CC_DE29A7B3DE44,0.1205822053729225
CC_DE2AC7DE1840,0.0393183949364715
CC_DE2E8A168C64,0.19497914820395681
CC_DE30E1CEA4F4,0.33678638133068256
CC_DE30E73B67B9,0.05956763172251822
CC_DE31BA4C60FA,0.3471851348328216
CC_DE38B43177E0,0.6423682806325218
CC_DE38C1FD8931,0.11419156149665835
CC_DE39B6C45807,0.2860979987562501
CC_DE3DB57C3690,0.11902768398878605
CC_DE3E3EE56158,0.13432528148806816
CC_DE4150A3931D,0.05063261458657457
CC_DE4350DEE95B,0.03781632431543167
CC_DE4485E3824F,0.048381638942631436
CC_DE48A30D1A71,0.11611832207080341
CC_DE4981A2E229,0.39900073191670876
CC_DE4A852DDDE2,0.6077209733883491
CC_DE4B771F128F,0.17137449110098804
CC_DE4DC4E32636,0.06083923376165952
CC_DE50ADA853F1,0.1002014905451308
CC_DE5175ACCF8D,0.7453871716832576
CC_DE51C5652ABF,0.771111146451175
CC_DE53B93A9831,0.048486343475191755
CC_DE53C32AE57B,0.14949833111547065
CC_DE54E672C371,0.125639348532742
CC_DE568E56B0F0,0.03251074259446425
CC_DE59C0EA0A92,0.09768450424614525
CC_DE5AAD402639,0.1626081385740084
CC_DE5DCE778244,0.6771784305668705
CC_DE608FF86370,0.3121668787520442
CC_DE60B79B7778,0.21901455276216
CC_DE65D3E13013,0.4539378515652334
CC_DE71361EFA0F,0.6861564120418865
CC_DE73B4D7A3BF,0.5506928460126808
CC_DE73E885D320,0.04962431002765028
CC_DE747E315B86,0.0934710210070022
CC_DE74FE492F5C,0.68667351166866
CC_DE75D9C16CA9,0.03646233553444455
CC_DE7A43988757,0.15019131578065886
CC_DE7B02356DD3,0.2617598347098363
CC_DE8266E59DE7,0.15169024912077742
CC_DE86385D4847,0.17579210353877173
CC_DE86A36BEC43,0.04840071394525273
CC_DE8C3A08F8F0,0.08367461585897974
CC_DE9289CDF2C8,0.23157302755627462
CC_DE9C23977973,0.052606846741113725
CC_DE9D2C8683FA,0.1307942517727619
CC_DE9D3EA56548,0.20029156473286203
CC_DE9F3689ED58,0.6324521733137758
CC_DEA1566C3DAD,0.042525297640086106
CC_DEA314653B33,0.7320332194859465
CC_DEA4EADF4791,0.03628200579588557
CC_DEA683EE5447,0.08542008784972514
CC_DEAB62BCA6C0,0.06512779640903102
CC_DEB29FDA5FA1,0.2123740419937235
CC_DEB4E3A5E705,0.051815701262475644
CC_DEB6FA392310,0.402162389186438
CC_DEB7AEE91E40,0.08583601038324465
CC_DEBE53587422,0.09081640469655618
CC_DEBEA5DE32DF,0.7765256791475752
CC_DEC5AD790E54,0.12941464621152668
CC_DEC5E2F68D6A,0.1951848439359977
CC_DEC66F139CF3,0.09400860868699837
CC_DEC8ABE16F7E,0.3955697270861724
CC_DECB23187471,0.030477658110466977
CC_DECD169609E8,0.4745843874582663
CC_DECEC71C727B,0.7466135664400527
CC_DECF12601A14,0.20064475717761393
CC_DED2750FC4F4,0.46216220646565953
CC_DED50EBCAB9D,0.22656067552508774
CC_DED8103EE2B1,0.21066842227435859
CC_DED9D6364C01,0.2493015337734814
CC_DEDAFDB152A9,0.2026595225156777
CC_DEE2D726EC80,0.12574027647744757
CC_DEE6DAA06603,0.09908619842302033
CC_DEE8F5BBAD1A,0.04638331152710743
CC_DEF2AB202ADB,0.60533246137102
CC_DEF6ED18E300,0.2320726813980528
CC_DEF7E37A28C8,0.14901888781774728
CC_DEF8624E80FF,0.04747749757194455
CC_DEF8A128000A,0.10997422466144399
CC_DEFC14B9D747,0.10939580903889772
CC_DEFDED306916,0.09960981939723304
CC_DEFF4B3F6502,0.34706639449187515
CC_DF020004B881,0.32747503391723976
CC_DF0A0E8705F2,0.46017263151771787
CC_DF0D2AB34461,0.2559832484200847
CC_DF0D92BF4383,0.08406029040129177
CC_DF0F3BD504AB,0.1956121148219266
CC_DF18E2866296,0.506051765903537
CC_DF1A2D632711,0.06902141785692628
CC_DF1AFC31E0A9,0.15647199225898203
CC_DF1B0F0AECDD,0.25213863169414635
CC_DF1B52E05171,0.06743110019905427
CC_DF1C8F2534CE,0.16053829820076293
CC_DF1CDD8E94FF,0.1705873539705712
CC_DF1F0C3A1A28,0.11817319011915062
CC_DF1F2A0C6749,0.3224221304587069
CC_DF22018BE819,0.19928300158615164
CC_DF226168E19A,0.19530219325984285
CC_DF23FBF35FFB,0.09333414155606365
CC_DF27B1151475,0.6448754433111203
CC_DF2FC8D911E5,0.5406403899351984
CC_DF3177285D36,0.2189842977677463
CC_DF3644ABB48B,0.6503109092844447
CC_DF3EBB56E7A7,0.12354009513347167
CC_DF42CA6769A7,0.11480455395818276
CC_DF450916B7A5,0.11798587404600694
CC_DF4B6D90D841,0.06406029085817055
CC_DF5866596DF3,0.0822268760195415
CC_DF5FD024CC9E,0.23534054389380551
CC_DF60032550B9,0.24844326522562957
CC_DF61AB5D1DD8,0.22284651885780776
CC_DF643E3ECE2D,0.7618653802619797
CC_DF64638289A2,0.11947067179078685
CC_DF6B30A1CA19,0.6470054657690814
CC_DF6D2CFA7111,0.6595883189131561
CC_DF6F8B7F2A77,0.2502347781793139
CC_DF72F93B3981,0.06255233217207289
CC_DF7598215627,0.07887882495598258
CC_DF79BECE2801,0.07956400412005503
CC_DF7F74BF30D2,0.06051715721450608
CC_DF80B75F6AB1,0.10527344494998939
CC_DF840845D217,0.05253938633064721
CC_DF8BC385B15C,0.1233005051247704
CC_DF8BF8EB664C,0.13439615278052355
CC_DF9141FDF38B,0.12482485220220037
CC_DF9895952AB5,0.1508461921359771
CC_DF99662BAD44,0.7225476332957113
CC_DFA421C51A61,0.3149036361659148
CC_DFA575B71665,0.07539928615983842
CC_DFA62A37397F,0.1095937128649811
CC_DFA63E92D478,0.07419490457845809
CC_DFAD15C6A8C8,0.16040945583876898
CC_DFAE2F290D00,0.2572369277090455
CC_DFAFC7F8A535,0.776314498730142
CC_DFB30BA03A2A,0.1380533723648497
CC_DFB6A351102C,0.1347289238729908
CC_DFC27ECF8E81,0.3594548706806908
CC_DFC7FEEAAC57,0.14323330246505592
CC_DFC8B8BF7B28,0.2613179707675721
CC_DFC97C4A698B,0.16671255777911348
CC_DFCE24623E91,0.2447838790830948
CC_DFCF17899643,0.11884607348042879
CC_DFCF2FBC9DD1,0.06334666993726189
CC_DFD1FD5775DA,0.38436830760447577
CC_DFD35F46F8DD,0.046949972215535915
CC_DFD4CC58B15B,0.303146507290234
CC_DFDA1AAD92B7,0.3432236299641331
CC_DFDCBBEE2CE4,0.2800287060269776
CC_DFE216BC75E3,0.18324273056848928
CC_DFE4DD5ABF2F,0.1879514705675187
CC_DFE612433F6B,0.10294233364540487
CC_DFE698E9FD81,0.20624733449105212
CC_DFEB23F3A318,0.06830793472901156
CC_DFEECBFC923F,0.09319489103061766
CC_DFF26DB00B1F,0.1796498826372321
CC_DFF2859DD407,0.23868698282110593
CC_DFF9E2090E96,0.08230238143262884
CC_DFFAE087D62E,0.04112842925779894
CC_DFFEAB670BD8,0.2560656503202352
CC_E0014667464B,0.08009108976359883
CC_E008B14F52A4,0.0395924717601478
CC_E00986CD7C4A,0.08409943413711238
CC_E009DCACFCD3,0.10503304596212848
CC_E00B8B30BD5A,0.3003877080513856
CC_E00F2A20B692,0.14115656570723992
CC_E012544971F9,0.10617801900272741
CC_E014A349C264,0.09648572001299507
CC_E014C86052D2,0.5824465234718289
CC_E01FF409E55F,0.13418502860103332
CC_E0211863F5A1,0.0557708108590952
CC_E0226CFA9A84,0.0651868455488579
CC_E0240639BDDF,0.25733103832170345
CC_E025CCC69AFF,0.17600477699634537
CC_E02B3D7881CA,0.28201147694426354
CC_E02C2CEF5997,0.04807356724989726
CC_E02C662033F5,0.7200502642046109
CC_E02E382211BC,0.08054939296914063
CC_E02F29C76C9F,0.1318601481353094
CC_E0305B030C03,0.10208362019827537
CC_E034CAEAD3B8,0.12925114500173607
CC_E03545F31E37,0.06898810946108946
CC_E03791395710,0.6278153149041462
CC_E038CF038494,0.7120834043069537
CC_E03BF06D8F94,0.21961726269877008
CC_E0416A530F09,0.0975274457295429
CC_E0464446E2D7,0.10914509781255863
CC_E048508E6B83,0.23199426357283165
CC_E049E4D867C8,0.07111227503903446
CC_E049F4C94A8B,0.16780898027229202
CC_E04BDB95681D,0.2322096967329077
CC_E04C217338BE,0.07485162122158627
CC_E04D96317FA7,0.19231630491649873
CC_E04E382B856E,0.7918927777403602
CC_E054BCE1468B,0.08927878558665092
CC_E05639FC5803,0.23002403395958523
CC_E05AAEAE5680,0.6542412349567388
CC_E05AE59F52FE,0.19700650050278082
CC_E05DB6E3F41B,0.5543032509396912
CC_E05EFDC41DD5,0.27378836235838067
CC_E060BF94DE5B,0.14523434997428217
CC_E0670050785F,0.04469828135665215
CC_E068F5CF14C0,0.13645322170880891
CC_E06BC299F614,0.27454971870668876
CC_E06D5E0BACFE,0.27919166955356656
CC_E0713EA26101,0.07464619327201348
CC_E07237A34828,0.6793955110841854
CC_E0730A97CECC,0.13557131928416205
CC_E073E8909575,0.13120069005515783
CC_E0753942411E,0.15366566035656354
CC_E079E28F06A1,0.20436541893625168
CC_E07A42AB5D9E,0.1372212557953691
CC_E07A52E2554F,0.14679507509231865
CC_E07B6FB6AFF1,0.1312091700311831
CC_E07BBDFF9E09,0.12112724396610804
CC_E07F52A9F8E0,0.05207224442611709
CC_E0807F7E8008,0.11642984964406808
CC_E0842F0A7FD6,0.1732355883397209
CC_E085EE56B805,0.045412693629318185
CC_E0884676DD40,0.09656046220669406
CC_E08AC7D8506D,0.24246481210170404
CC_E08B30029BC6,0.10919134375373944
CC_E08D7A5B8830,0.6516666585087321
CC_E08E1275DC8E,0.12651563074314198
CC_E08E25A58155,0.7335121404573417
CC_E0934104B880,0.7710575576709506
CC_E09613F29FD0,0.17955066383258855
CC_E097E82F433F,0.03593374382438462
CC_E09A0A80E542,0.18158578960919777
CC_E09B31DE56BB,0.7598578912674203
CC_E09EB9A20F77,0.2175535285995179
CC_E09FD9089459,0.4940717425588913
CC_E0A4511CF406,0.06273490411727234
CC_E0A58A6367B4,0.24752386540425708
CC_E0A907B7FCAA,0.09765134221160146
CC_E0AC6E0C5FD8,0.11506933878959788
CC_E0B14A42C8E1,0.18971485970519603
CC_E0B24419A872,0.6347249140184974
CC_E0B39757CBDF,0.21171650780386156
CC_E0B50F6BC3BC,0.10761619027883156
CC_E0B5EF598248,0.17513804910008535
CC_E0B6FD2B34DB,0.16201535604683262
CC_E0B778FC4B49,0.3871179395851708
CC_E0B96E1705CD,0.2787353125104589
CC_E0B9F7EBE958,0.1638797072769474
CC_E0BA62F9FD6F,0.1656367468957967
CC_E0BA6E36FE5A,0.04352185456899786
CC_E0BB6AD7D546,0.11681900711745456
CC_E0BCAC8C6E71,0.09794769090559514
CC_E0BE0A9CBBD3,0.10467900190281434
CC_E0BFAB2CD756,0.09173459009919381
CC_E0BFE715F38A,0.1624762955696178
CC_E0C05789E7D8,0.6322390784602161
CC_E0CA7757249B,0.23784191324428358
CC_E0D04BA3EE94,0.09276250929235383
CC_E0D09DD42E08,0.19081887795527802
CC_E0D0C32A97D2,0.11171367350818444
CC_E0DFE84211DA,0.15146053191487394
CC_E0E20855CCC2,0.12305404752786302
CC_E0E408E4A108,0.13750943245585648
CC_E0E5C75D2EE9,0.03905651783663599
CC_E0EA5A0D7380,0.12047511459585755
CC_E0EE1E9794B7,0.05770534129764591
CC_E0EF649D6E7B,0.13662132319721265
CC_E0F22FFC0A0B,0.7631711645721826
CC_E0F3ED7061D2,0.7794509342859939
CC_E0F4168EFD1B,0.6008056655863381
CC_E0F7921AD0B3,0.08168318468422922
CC_E0FABC220981,0.05279491796813139
CC_E0FC530F5819,0.5773221568410565
CC_E0FE795DCBAB,0.0604830148077282
CC_E0FE9B064DB0,0.16444433672599343
CC_E0FF808AD412,0.629758837250725
CC_E1038741DF84,0.12190348046455875
CC_E10397A85874,0.14174506950794682
CC_E10617C99F30,0.09429488266475147
CC_E109EE6A33B5,0.04301173872113441
CC_E10EF1DA6840,0.041237711276261954
CC_E11575CBC9B6,0.09222017084762456
CC_E11B3460C7EA,0.516654231010778
CC_E11CCE11D7B9,0.2790299581616807
CC_E11E90E8D932,0.13284906448023592
CC_E12096B5A4E8,0.34012158270100346
CC_E124F88913D4,0.21553554490380375
CC_E1269A014F86,0.17459680860607119
CC_E12B30D5FFD2,0.5504198428692761
CC_E12C6D9828FD,0.16083041214149457
CC_E12CD127A155,0.15385429791617258
CC_E12DE05F2AEC,0.24378280419477377
CC_E12F90C2AFAB,0.22322260243637868
CC_E133CCC2AFE2,0.11506518798342429
CC_E134FD05C1D1,0.4400711334277654
CC_E13A9ECC47B9,0.07059139080849211
CC_E13D76A272A3,0.1697485581172197
CC_E13E943AEBDA,0.12566245836091725
CC_E1426771C207,0.23691254793548877
CC_E145A187E849,0.36370498016959585
CC_E1480352EEF2,0.22481381256513405
CC_E1488DF1824D,0.23958417333319054
CC_E14BBBFA9055,0.17892382145638147
CC_E14CECBD2810,0.16426668365502697
CC_E14FB50FA19E,0.10332961893313335
CC_E150935A453F,0.09156534908136525
CC_E1562A2BA784,0.23416998694756125
CC_E158E15D7125,0.07979822845966243
CC_E159311CB9E3,0.19345278864218649
CC_E15B0973182B,0.35170581837476006
CC_E15B760716F4,0.04785408609160052
CC_E15C18C42308,0.151515089483633
CC_E15FE2E73C9F,0.09365033076194959
CC_E16CA51FBC53,0.3297115164675156
CC_E16D44C8BDD5,0.29068362283361304
CC_E170591FAAA4,0.11892591513293485
CC_E1720795D57F,0.23074511949705095
CC_E175121718FE,0.6490229329183874
CC_E1761202E394,0.0501727948658008
CC_E17E9FDB30FA,0.08659724207477919
CC_E180BC6E262B,0.22200781015626184
CC_E1816BEDFACD,0.6324595887108193
CC_E182647B1053,0.08288057785018364
CC_E186CD8C2D4B,0.47237856093268615
CC_E18AC3600E06,0.31191325817192195
CC_E1904731953B,0.22011957936574716
CC_E190BF966024,0.238180825419881
CC_E191CED7F0FB,0.20379940758762327
CC_E199F57F6406,0.06955983277576479
CC_E1A909AF924E,0.22481066923456328
CC_E1ABD1490378,0.10408012051858706
CC_E1ACDE23527D,0.12418927080998463
CC_E1AE2F27C9A3,0.7005124495425424
CC_E1B1F8EEC0C8,0.054804955985354245
CC_E1B5179676DE,0.1551263007679593
CC_E1B9E8934453,0.22111292612800199
CC_E1BBB7DF75E3,0.0926598468496788
CC_E1BE0D583C62,0.08243499619585684
CC_E1C17F96F4DB,0.31020742469244533
CC_E1C32B0EF917,0.263983536259767
CC_E1C32DEDB9D2,0.20767973567658343
CC_E1C3A7378069,0.09641919600065407
CC_E1C67A5D7019,0.051177341725414195
CC_E1C8F841DA22,0.17333052325253712
CC_E1C972A64D63,0.22999025160272266
CC_E1CAB2D98D0F,0.7242780642535049
CC_E1CB079746AA,0.2770076707543728
CC_E1CDB29AEE5F,0.18467571478166261
CC_E1CF3EBD220A,0.10242099241995857
CC_E1CFCA39D594,0.715660750090708
CC_E1D4360A629C,0.0803730096629088
CC_E1D57F784810,0.09004776922235948
CC_E1D8CF491435,0.13359719868249859
CC_E1DD1A408C4F,0.6492980688188161
CC_E1DD96114993,0.39520929095398905
CC_E1E2EC897F44,0.1484254340927443
CC_E1E3869F1C11,0.19261419816552303
CC_E1E5024D2EE3,0.18571097816405557
CC_E1E56B3BD0E9,0.6569417189748402
CC_E1E5A9D1F306,0.14973219210617714
CC_E1E72217A429,0.10653367771159863
CC_E1E767B5BB50,0.1266680954134091
CC_E1EDC60F3B8E,0.057021304263793926
CC_E1EDE017F568,0.11069635660706326
CC_E1F1D70522CC,0.21874560862407405
CC_E1F4375CB415,0.04225710060376746
CC_E1F971707291,0.1435352807143379
CC_E1FE2B0A3FB0,0.11359027211725965
CC_E1FECB29F559,0.3807817456732297
CC_E1FF46B4D7A4,0.14847385507507085
CC_E2008A9ABECD,0.09438145578643953
CC_E202A1652A3A,0.40498066429511137
CC_E203EE196FE6,0.20266356366027466
CC_E204D7083794,0.2854115534765408
CC_E206E1FAC10B,0.3676724221125943
CC_E2084A230B88,0.415261124406684
CC_E20BD1CDE7ED,0.5037430749684952
CC_E20EDDA9A6A4,0.054032760445376714
CC_E210086CD940,0.16053534123762384
CC_E2126171969F,0.5661861886397059
CC_E21401CDF1D5,0.14856121499131567
CC_E21E69F7123F,0.06839560302645663
CC_E220B5B5FAE7,0.19072386535922106
CC_E223AF828F1C,0.03517338776748396
CC_E223FC003892,0.06927051599780906
CC_E228573DB4AB,0.11624849234501193
CC_E2305AF128B1,0.04551873855368475
CC_E23186620BF1,0.18911447895626052
CC_E2325CA5103D,0.24768564551061983
CC_E2326DE99EC4,0.82446970642237
CC_E236F644BE19,0.17308683869662497
CC_E23784CE96BD,0.2519902155667525
CC_E2384EEDE4C2,0.21504493781379802
CC_E238E50B0622,0.13740486262683055
CC_E239B7B71C0D,0.7668764315106225
CC_E23DF4C634A6,0.557662191826327
CC_E23E406EB0FD,0.16391358050756008
CC_E23EC6ADC6AC,0.07926258028580573
CC_E23F6C58E76F,0.09543075606123005
CC_E2484CA4E5F0,0.08969201498272214
CC_E2493EBF2DF2,0.19174393244346827
CC_E24FC1F7A8C6,0.11223582293149839
CC_E25207C0B055,0.7178376595428514
CC_E2523F13FDFC,0.23051096763851914
CC_E254A229528C,0.19899794828399497
CC_E257E099AF1E,0.28125460294056753
CC_E2593409EA04,0.25004154656706207
CC_E25EE5180AFB,0.055262664988304046
CC_E261F3EBDFB7,0.13365845635191628
CC_E2633F084581,0.08942891909314062
CC_E264F8BB8E72,0.09606778149896777
CC_E269F114203B,0.1513105706102593
CC_E26A679FA03B,0.7882905177060915
CC_E26DBE4CA133,0.35095146765964186
CC_E26EA4404C72,0.7230130668628041
CC_E26FBDF5BFBF,0.08001947161759672
CC_E27440C0E6A8,0.07959074149798909
CC_E27447633409,0.20253763028030516
CC_E27A90AF08A6,0.10694957739795954
CC_E27BEE8CCBF2,0.6409732966020024
CC_E27C5845031C,0.26834561774413546
CC_E27E298F1478,0.5171844824301426
CC_E280593EA297,0.5042923672216135
CC_E282B8BE9902,0.07944030626904272
CC_E284E681BC68,0.10520635952461561
CC_E286528923A1,0.18632211141179414
CC_E286EE4AF086,0.1705951737155032
CC_E28CCF1A102F,0.3222295122620349
CC_E28E8AF792C6,0.3198844667616091
CC_E290F8369D1D,0.7705776091585618
CC_E2934918E22E,0.0728653096181778
CC_E2957ED0D53C,0.10749266319600917
CC_E2964A30652B,0.11921430043828915
CC_E298DCC0448C,0.10556461662950982
CC_E29A601CE4BC,0.14609178312490956
CC_E29E02E0B058,0.03699096738012746
CC_E2A2F39983BE,0.20364758457564439
CC_E2A8851810B0,0.04719367758272874
CC_E2A9A918B783,0.6848126453110325
CC_E2AA32DCE49E,0.2457244262834216
CC_E2AD2AF05EC2,0.04253888831967342
CC_E2B1D19C96D4,0.09733792041756864
CC_E2B83893D6C7,0.057780321399396
CC_E2B88447F84D,0.09701932135766486
CC_E2BA938E0108,0.0908843072467826
CC_E2C5CC1CB6E3,0.05275656591774423
CC_E2C83D649394,0.05335355979242338
CC_E2C859523D8D,0.26525476378583157
CC_E2C8D9D323C7,0.6488042933972531
CC_E2CA1556E4F1,0.11917763648617011
CC_E2CA42EBEBA9,0.6257915401965312
CC_E2CB0C18E8FB,0.08036706512340482
CC_E2CC5AF0528B,0.09504857577529137
CC_E2CEB6116245,0.4466268910463372
CC_E2CEF6E7A70D,0.14550564742419567
CC_E2D4BA776D05,0.42672431046263154
CC_E2D5B9F55DCA,0.1957525483914598
CC_E2D69C4F3E7F,0.1058615661686744
CC_E2D6BC2B1BFD,0.06428556801126664
CC_E2DA0B239920,0.4358501154152187
CC_E2DD7242472C,0.722713371037041
CC_E2DDD815B031,0.20880596624120215
CC_E2DF5177A0E5,0.5694251604093881
CC_E2E8B6E6DCC1,0.1890233871352854
CC_E2ED8CB68D13,0.17317571997267306
CC_E2F9103BB6E0,0.09352640883048412
CC_E30249EBD2C8,0.25163502378746855
CC_E3068761F8E4,0.258429745907518
CC_E30734169FB3,0.20248761568980952
CC_E30832DAF05A,0.31738744352790677
CC_E30D2157F495,0.6613860898622113
CC_E30E4C77A3E9,0.1680785878346406
CC_E31028EC2792,0.1927018563670486
CC_E315692BE08D,0.3654382186476864
CC_E3186CD9857C,0.7390047163546264
CC_E31D60E8DB11,0.4033223412136526
CC_E3238DA22FE2,0.10524952241021443
CC_E329957940BD,0.1572383955793899
CC_E32D9F5EA3A0,0.18761826229107972
CC_E32E2887C610,0.08939333109363587
CC_E32E67B9D820,0.10577705399217359
CC_E339CD2AFD04,0.1083624897689385
CC_E33BF06FBAC0,0.08041694927172152
CC_E3451F83DC89,0.7537767113604517
CC_E34BA2A08E1C,0.37162360408390366
CC_E34BDCD50D0C,0.1169516148502604
CC_E34CD180654B,0.2735773106234654
CC_E3518E1ED3D7,0.7224344957299542
CC_E35223B9B39D,0.10929720206245357
CC_E355ACD70489,0.0784585373501779
CC_E355CDE49B4F,0.5931860195416212
CC_E3581B0344C9,0.05415114050774376
CC_E35994DB17F6,0.21584733946613271
CC_E3626398F431,0.09080201421373509
CC_E3638AC5AA62,0.39850574543114575
CC_E365DC687434,0.7652599197787406
CC_E3731ADE9CFE,0.08281530868119312
CC_E3733F8A6A20,0.2814620333365115
CC_E3748C4E4E35,0.10962630348987452
CC_E37738A9B59A,0.33645020322560454
CC_E37774387656,0.18503514033198382
CC_E37A73808FD1,0.09238749493757595
CC_E37BA37C2473,0.2362221114489797
CC_E38068898C84,0.16601605105463196
CC_E38092E7D68F,0.17534682696200934
CC_E38512C880E9,0.08271832548843934
CC_E3886E8800EA,0.10335880609980992
CC_E389BCE2ABED,0.18965357925635754
CC_E38B9531CD89,0.1232962873673545
CC_E38C2861F557,0.09274029187602521
CC_E38DEAFC0B96,0.04016812753656761
CC_E3900E2633EC,0.16392216510594693
CC_E3915B9EF937,0.08196065039364933
CC_E3916F1B1620,0.07148952262159572
CC_E3931BAFE8D4,0.11446515085544277
CC_E39341C3632C,0.5750673860715093
CC_E393B0450882,0.09216668797577357
CC_E3950B375AA7,0.4272677847891778
CC_E3982040232F,0.2822670097125429
CC_E398D7602F35,0.722172819486175
CC_E39AD1EF1232,0.11570002719851988
CC_E39D2889F88A,0.2539111971164685
CC_E3A13AD2AB11,0.4723131715029377
CC_E3A22A6794F6,0.12019818895682828
CC_E3A3C37D0121,0.678074397459963
CC_E3A7CE0A89F7,0.14069441613448438
CC_E3A8125ACD26,0.03783163597453384
CC_E3A83C61ED6F,0.3119416743806317
CC_E3A98A117270,0.05845308197031072
CC_E3ABD9C7C7EF,0.4566374964154128
CC_E3AC1C06DC21,0.16861030804335325
CC_E3AE51FEFB4F,0.1467120764652859
CC_E3AF609E6870,0.509723472699806
CC_E3B43931EC27,0.169255073737298
CC_E3B54914410B,0.08388014960843089
CC_E3B5EAD5DF2C,0.5767523922705172
CC_E3B653A99722,0.14928067754622867
CC_E3B95AF06F16,0.0989473717153772
CC_E3BE2369130B,0.4846461373803632
CC_E3C0455949F2,0.044577044336217876
CC_E3C26C52B0D0,0.153922868978754
CC_E3C96E2F9D8E,0.17584904314705646
CC_E3CA93972E23,0.14946494310653044
CC_E3CBC5F634D4,0.14277294678919314
CC_E3D032D6644D,0.11035881892848845
CC_E3D554925593,0.7485952928293096
CC_E3DB3D043F0D,0.0676065315390764
CC_E3E05288FE44,0.09159974799482543
CC_E3E0E89CC175,0.6899107706619374
CC_E3E3964646DD,0.08416106034867382
CC_E3E5B162D648,0.07433622255657238
CC_E3E9AD07A5DF,0.2877654183219431
CC_E3EB1A9E5527,0.13271078326764965
CC_E3EB55B89CA9,0.19245936788524284
CC_E3EC5A3A9F75,0.1877433580460254
CC_E3F0CB331C1B,0.06776389544360965
CC_E3F18E5F019D,0.05749741762364492
CC_E3F2809C0CDB,0.10997713739982498
CC_E3F39D3D28A6,0.7771667967248111
CC_E3FF72B6D1A9,0.2266938762593697
CC_E400717D9AF7,0.0701826967561224
CC_E400F6B304F1,0.19019211712432602
CC_E401556360B4,0.21715598271166542
CC_E403AABE6A3A,0.22728064287934707
CC_E40552CB0047,0.6396229358252707
CC_E407BFDD5B48,0.09156628706017675
CC_E408DC6865E6,0.062428397552490335
CC_E40A8EF9B8B8,0.09274121375994422
CC_E40E08D7295F,0.06172358470743887
CC_E41D305E552C,0.1759376286358844
CC_E4206D02DDC1,0.2566842230880679
CC_E4214D176F67,0.48557485587813487
CC_E4266E9B176C,0.2956921244632634
CC_E42A82720EB7,0.327073113847336
CC_E42A9723A2FE,0.7625345547770329
CC_E42BF2743F50,0.10460584778220679
CC_E42F7667F3C8,0.7862449402978017
CC_E433B89AB8C6,0.3365783159832496
CC_E4352E84EE6C,0.05413305702227198
CC_E4390AA74FF0,0.12500146745150564
CC_E43C13F00CC9,0.06260217730093028
CC_E43CED1ADF2A,0.10209822352098485
CC_E43E3F01A8EE,0.18385843869142302
CC_E43FDF1DE1AF,0.47407314999381445
CC_E44049754483,0.5759611133316416
CC_E4471F9CACBF,0.07442812977555371
CC_E44AF434C827,0.7836145559235035
CC_E453823F0DBD,0.33740586700572334
CC_E453C8F9D686,0.11325157291902284
CC_E4550B5E95A3,0.7800539448220769
CC_E456DDF80B76,0.3184811009154117
CC_E45A59DF525C,0.16227032942535963
CC_E45AF3AB21FE,0.5286159373217092
CC_E45D55263552,0.04130378331592621
CC_E4606011CF77,0.27601541624637577
CC_E460B0437938,0.16654574624963497
CC_E469F9E5328C,0.2810867917378816
CC_E46D2A5F3DD9,0.12566996027959737
CC_E473F025CDCB,0.1727929724444139
CC_E475120CD736,0.3937531364919302
CC_E475976AF01B,0.2341748979900939
CC_E476D2A6A01F,0.04231115398385147
CC_E478A2E54F35,0.037810853185206175
CC_E47AC52C1D97,0.39773936503728413
CC_E47BA9F5AC9D,0.04471684421179949
CC_E47C0EEC065E,0.08681482779081365
CC_E47C31871930,0.03542661213548344
CC_E4823CDA8267,0.1437983968504393
CC_E4828212C213,0.09102276550869395
CC_E483CBD0A0E3,0.059415371811958016
CC_E4898C87B72D,0.6298114291934744
CC_E48CDC41C4FA,0.7776952631784018
CC_E492DA3C8EA2,0.3170873580582097
CC_E49633AB89C2,0.26855813872706197
CC_E496D1F36489,0.3399340406429555
CC_E49934925445,0.10889218680758281
CC_E49A2DFD1800,0.6328488877261809
CC_E49B16DA2AB6,0.07225362165367648
CC_E4A3FA875443,0.16368522969108848
CC_E4A53391C1CF,0.11171185660705321
CC_E4ADE70F017F,0.10517812620605445
CC_E4B0F4C14F74,0.10230047620599643
CC_E4B146FE98E3,0.20697482695646152
CC_E4B696EE8F20,0.30224018993594426
CC_E4B854D38796,0.1708589896963747
CC_E4BB5C8534C6,0.05031646578886249
CC_E4BDA30E9FD0,0.7771175848843327
CC_E4BEA78980CB,0.04433782345401224
CC_E4C040DEDE49,0.05210794573547285
CC_E4C1588C313A,0.19099701872557615
CC_E4C60C982093,0.2913020299475907
CC_E4C64AA93465,0.13670872145819785
CC_E4C6CEAECD29,0.05906997145153051
CC_E4CE365C6403,0.7055552037624725
CC_E4D7E66D9E89,0.3480198365039727
CC_E4D8578BDC10,0.0967256687993944
CC_E4DF804E3776,0.07109140915888758
CC_E4E279EAA480,0.21612722695565859
CC_E4E84A4BBDFF,0.07349789641733559
CC_E4EBB46F37D7,0.2883764970977031
CC_E4EE9502E6AC,0.05320825822672183
CC_E4F384E6E5F4,0.08838883849140133
CC_E4F3DD712869,0.601604742651957
CC_E4F7B790DC3B,0.7995922200324641
CC_E4FDB23EB20F,0.07308380342699705
CC_E50092A966D2,0.19794021792844846
CC_E502E0D98642,0.07557714957750811
CC_E5098AE61EB1,0.06327975118989917
CC_E509D3153768,0.05546925217753216
CC_E50A5EDCCDC3,0.17339691358878906
CC_E50C1CF8A619,0.6254313559719977
CC_E5176F94F9BC,0.10429629011197117
CC_E517B174D143,0.13552165642179623
CC_E51902481C2C,0.07121299036135628
CC_E519B4C672E6,0.05660725416441871
CC_E52098BD9950,0.1950754200347235
CC_E52496E6762B,0.05551684939887426
CC_E5258E3B410E,0.27177543120630787
CC_E52663EAF0C5,0.07254678699105278
CC_E52E68DF862D,0.2557348660036031
CC_E53852322CD8,0.19383924411412493
CC_E5390D02ABE1,0.6096832860684704
CC_E539EC1DCF7A,0.5914441005924541
CC_E542E234D01D,0.04727623639073372
CC_E5439A3F42EA,0.07230011188255325
CC_E54472F8D9E9,0.04349818491790148
CC_E54545C8C9D3,0.21852392885729013
CC_E547CDE900DE,0.34339069691539603
CC_E5492A15F2FB,0.05007149332875345
CC_E54B44522F72,0.24530650764338496
CC_E54BDF038AE4,0.24356721379998908
CC_E54D2DEDA848,0.06609892982956932
CC_E54E155C6936,0.0538057705872762
CC_E54F67500C63,0.05036560985372389
CC_E54F9564F46C,0.15747841672483792
CC_E5500A4EB3A9,0.3304034221026152
CC_E555BF610D50,0.6771269894407744
CC_E55DCC89228C,0.2744431344245092
CC_E56168B3673A,0.132811198875058
CC_E563953C3CE4,0.2348195521601682
CC_E5658170669F,0.05801506884687927
CC_E56C1156E56E,0.12345175558279861
CC_E56C33F3D25C,0.04891437318833182
CC_E56DD8238058,0.21725873536097798
CC_E56E10020158,0.0527948808413905
CC_E570D1044648,0.18335463273735775
CC_E571078B7998,0.537401598221274
CC_E573B3ECBF5B,0.45171940645815145
CC_E5746533B675,0.2878749360691283
CC_E5751279B52E,0.14660592836736766
CC_E57686543950,0.09144505293181664
CC_E57C2183BC74,0.16871833240985226
CC_E57D3D6C76E8,0.07619629100470617
CC_E58023625304,0.4458978373502965
CC_E5834E24EA33,0.20646280556824165
CC_E585F75AA335,0.11582618139670833
CC_E587875B2CF5,0.20291274248362248
CC_E588DB08A06D,0.05535795132936501
CC_E589471382BB,0.14720604001975374
CC_E58B2A34C238,0.22002070114439115
CC_E58C38C6A4D5,0.1942742519844598
CC_E59025F117E9,0.10862194779069598
CC_E590A71EB003,0.29681048172655583
CC_E5923E11108C,0.13061877612167455
CC_E59524B7EF85,0.04468135973533148
CC_E59BF1C4708F,0.42186193963170887
CC_E59C86AF6608,0.05242014135027795
CC_E59E33733B2A,0.669510611844667
CC_E59E54CF316A,0.08354542563242859
CC_E59EBA31F7F5,0.12741494862693978
CC_E5A038445333,0.6775574996458131
CC_E5A0F1608224,0.19554288791174265
CC_E5A11E71BA8F,0.41694791464540276
CC_E5A57CEB6625,0.04551563471311483
CC_E5A629872101,0.17105019489305157
CC_E5A991A887BE,0.7952901277206104
CC_E5AA49FDE681,0.2240045303636245
CC_E5AB6B7ECEF4,0.10137209640070408
CC_E5AB72BF162D,0.06531930188590267
CC_E5ABCD0FE328,0.13038791835123684
CC_E5AC34F0A1C9,0.07348493051406592
CC_E5AC8248E057,0.19015748488002635
CC_E5AD829BCB39,0.09195231979922
CC_E5B16D4F0F9C,0.08764426547011386
CC_E5B3C2040958,0.7666252955789714
CC_E5B4F0563DC9,0.25916483242407545
CC_E5B59C393061,0.07555289358075815
CC_E5BAF7CAB6DF,0.07725529643658682
CC_E5BCC2F0A03B,0.07333020615077883
CC_E5C565CE9D86,0.15043919890502652
CC_E5C9017E7B46,0.10295219022545125
CC_E5CADE06FE7B,0.1546264170882527
CC_E5CF62FBE157,0.0824863428818488
CC_E5D146A589F6,0.03922548511260739
CC_E5D22444BA42,0.1568162366078084
CC_E5E06B4B87A0,0.04818674056212439
CC_E5E3C2C58C61,0.16677914406180588
CC_E5E3E75B64B0,0.12801428687993538
CC_E5E4AA87650B,0.04884105631964951
CC_E5E779B4A1FB,0.07947297219766408
CC_E5EA3A63EC37,0.04863507679272773
CC_E5EE8407D4E7,0.21497818695559506
CC_E5EF77D1DA79,0.6590904154618609
CC_E5F11B6D7F01,0.14210148778825932
CC_E5F34DBA3ED9,0.46244874527436997
CC_E5F46DA46972,0.6663711722899275
CC_E5F7A898C5FD,0.1884377085205099
CC_E5F927E50E5E,0.1105129383991722
CC_E5FD649BDFC3,0.15433193595216313
CC_E601E8052E99,0.662971117106463
CC_E602B7CD4021,0.20540241459623382
CC_E606CBCC8E51,0.07022505811880594
CC_E6087D494C6C,0.0498537636543643
CC_E60886215B21,0.13389350943086673
CC_E608FB8E9327,0.03987667751925107
CC_E60B2D530847,0.15454066089475854
CC_E60B674D73F2,0.4659643880535665
CC_E60DF0D32F44,0.3846697500909559
CC_E61384DB1522,0.19161813593998805
CC_E614034AC465,0.20935849653261177
CC_E619E9D46CCD,0.081953043445851
CC_E61B32EBEA5B,0.28421386512022845
CC_E61BF6DDE412,0.33050744419111505
CC_E625717A3010,0.160094449424906
CC_E62A4CFB6A5A,0.1781365790025877
CC_E62DD1001F83,0.10235160304172344
CC_E6313E360FD4,0.4529806909377962
CC_E6354F14838B,0.3356402423103403
CC_E63B9E117292,0.7022115607988247
CC_E63D6F022C61,0.19662212944784482
CC_E63F39DBAFBF,0.6682424354740825
CC_E63F8B4900C8,0.07278499909742372
CC_E64360D4B42A,0.07369858323320519
CC_E6452975FFC2,0.630355269236098
CC_E645686CF93D,0.21564815824431016
CC_E646CB4238EC,0.36826042438880957
CC_E648516C219E,0.5160576831670808
CC_E648BB3857CD,0.07053104583908835
CC_E64BF22E4067,0.3579085184692777
CC_E64C190D03BF,0.2727609639846895
CC_E64D7261A9A7,0.3894339187919401
CC_E64F1A036D78,0.6037110457885521
CC_E65423ACD3BE,0.27500291270991417
CC_E656FF867B6D,0.743269602749743
CC_E65A0D1E20A4,0.15703632458568323
CC_E65B59C65515,0.12451364726399658
CC_E665B0F0E562,0.04929069116469477
CC_E665CAC70A2A,0.5300128207320997
CC_E6671D5962B2,0.43828297090813895
CC_E669DABE2DDB,0.4331015530214703
CC_E6701623C493,0.8049506935977376
CC_E670B30CC528,0.10384284124591325
CC_E672F94277EF,0.03907061232466726
CC_E6789779D830,0.6255945589167929
CC_E682627BB7D6,0.07573649227208726
CC_E6852EF7C1AD,0.08032532144455015
CC_E691EA882C81,0.6380309471604433
CC_E6980B7C5C2C,0.04830664219313038
CC_E69AA5D43556,0.14531252402621853
CC_E69C19CCE926,0.2628892571252135
CC_E69FC24628EF,0.0840402124702203
CC_E6A223D9581E,0.11355376648997935
CC_E6A30A0D1787,0.21920665790729016
CC_E6A477B00619,0.06517773369493925
CC_E6A923EF3C4A,0.048056647129165124
CC_E6A931F4E9CF,0.0432965543767324
CC_E6AA56E47E0D,0.3935136315126234
CC_E6ACE9944656,0.150456954544805
CC_E6ACF598C901,0.8134458861886221
CC_E6AD1DD3D6CE,0.30874180153414754
CC_E6AD466887E1,0.6432261806072227
CC_E6AF1C1AF0BA,0.18525237458540827
CC_E6B634926970,0.08771418182232564
CC_E6B8A7293A83,0.7669835653553355
CC_E6BF2E6F901A,0.17133555989636154
CC_E6C3CAE52949,0.07419733461920693
CC_E6CAFC31089C,0.2502908445397251
CC_E6CC8278D79E,0.05579524728078583
CC_E6CDD1287F27,0.2861444865478324
CC_E6CFCD63F1A1,0.24888717908281985
CC_E6D1CA22184F,0.12100461595592342
CC_E6D36BF17966,0.07251151240131906
CC_E6D9BF1DB697,0.6493107142997019
CC_E6DBC3737D2B,0.18374155486803057
CC_E6E4B191D76D,0.14842150145083682
CC_E6EADCE8FA84,0.08803567308022169
CC_E6ECC4B4CE39,0.10989105222525246
CC_E6EFAE48159E,0.15013314729787497
CC_E6F70B347212,0.20152812272966222
CC_E6F81AAC15AF,0.0792537492103726
CC_E6FA81CE5664,0.42238191940691056
CC_E70016A541B9,0.04729313342250493
CC_E700F89EABE5,0.1456080890137576
CC_E702A67F5CEC,0.11711686760747017
CC_E7043053BE9D,0.1497200161698682
CC_E70CB5C9CD57,0.03474191173802814
CC_E70E3D44EC68,0.1898591205024
CC_E71086EE2EBA,0.08269048827954426
CC_E711C26EE640,0.14764808614684208
CC_E7126DD369D7,0.15390794758736384
CC_E7138721CDD3,0.1258073625594923
CC_E71530E6BC3E,0.05577954548175297
CC_E719EA58E545,0.2889412137990533
CC_E71AE603C605,0.10272348231600396
CC_E71D5EE78836,0.09141508670592827
CC_E71F21581898,0.19967986901521756
CC_E720ECFFF380,0.13301726951477946
CC_E72CA51C1DC1,0.24089983091941738
CC_E72D7F8AEBAC,0.09967181885650746
CC_E736D756B2E9,0.21641562557182828
CC_E736EB6CE07F,0.0522380065058259
CC_E737D533E48C,0.0527027490232155
CC_E7388E4F981E,0.3015975199793822
CC_E739113D986A,0.07452211701389908
CC_E74764A4E074,0.0829157964228103
CC_E74AB8C7A576,0.6354764173800449
CC_E74D4087A6F1,0.6540114911655023
CC_E74EF4E479F8,0.05266505944328063
CC_E74F0895DDE2,0.5136947182612138
CC_E7526B00355C,0.12515931432062374
CC_E754A2E09EDD,0.08149156150810098
CC_E75A1F34FA35,0.32283396724220903
CC_E75A82A39EEA,0.6171851658166407
CC_E7610FED53A1,0.1434773360639367
CC_E766079103FE,0.713298177874216
CC_E76788031090,0.7275062305107691
CC_E76C40512F52,0.08045269531103949
CC_E76C9E1B7999,0.10270328181829003
CC_E76EBD35E386,0.3331817661784875
CC_E775F39F509D,0.24673471503695393
CC_E77738DEC1EB,0.19035462415018728
CC_E7922E732958,0.14524485183662728
CC_E795BAEB3343,0.2192576922323048
CC_E797E3B49C08,0.10840853263862227
CC_E7985D42AAEE,0.20584344015367587
CC_E7988F0F3D46,0.1195176034028973
CC_E79BB4CEEB46,0.17192796675876876
CC_E79E60E87EF1,0.149014157329021
CC_E79EE36CD75C,0.2859187246569853
CC_E7A2F0560D90,0.2438591310199329
CC_E7A4BD015CFA,0.16028378951113917
CC_E7AA96E56E34,0.18926082469601307
CC_E7AD9E5EDAA7,0.04542462813648039
CC_E7ADE1D83C0E,0.2760703726484949
CC_E7AEB1E0311F,0.5987490168127608
CC_E7AF19625E34,0.7664204051532449
CC_E7AF8C11600C,0.16126902754847952
CC_E7B6CA4141DE,0.2983373450483894
CC_E7BB3647979B,0.10032482596419241
CC_E7BB8ED6CCAB,0.7496501400974263
CC_E7BD86430DEF,0.14819218121075042
CC_E7BEE72BEBD3,0.14584510659146876
CC_E7BF1F00B1E3,0.07770470513503244
CC_E7C1520A2978,0.11277554008577015
CC_E7C1E7E528A3,0.650582323753689
CC_E7D07DB95330,0.3759410958495092
CC_E7D41DAE1957,0.1407987212511361
CC_E7D62EAA2B6D,0.450865918823889
CC_E7D790C7AC29,0.06551527289434236
CC_E7D9068DE770,0.09027458996786529
CC_E7DD51E18DC2,0.13457725310096308
CC_E7E7C3C7C004,0.0856273721159368
CC_E7E9C5F7E633,0.09142405494512869
CC_E7EC87151971,0.0840066344994251
CC_E7EE02FCB3F2,0.5251884390049613
CC_E7F9F6D69EEF,0.15547873050815725
CC_E7FD00A2C312,0.11823204466270969
CC_E7FDC014DF53,0.17390076347221378
CC_E8008B4C78F1,0.0644815990114001
CC_E80155EC5BE5,0.1317731145726834
CC_E801EDDE6371,0.21207573228873078
CC_E805872C69A6,0.25150166946038977
CC_E806C2F286F0,0.11649250492013999
CC_E808536859C8,0.05119734093033214
CC_E809899A7216,0.07527681105797981
CC_E80BF89E912C,0.7815081596588642
CC_E80CED444572,0.16400226840699506
CC_E80DF00B488A,0.10743020472232734
CC_E813CBF7FD3D,0.5865364035856954
CC_E8184C4A69D2,0.0598816680607198
CC_E81D95787BE1,0.16607013403992885
CC_E81E8461373B,0.187805302436548
CC_E81EC53846D4,0.18754856509188783
CC_E81ECDB07CC9,0.35433307406267567
CC_E81ED08631D1,0.217397742024739
CC_E829EA4F6FE9,0.16810184698376973
CC_E82B7B528E5E,0.22387243055287068
CC_E82CEF50DED3,0.07520809638154682
CC_E82E02D0AB70,0.17136370252375033
CC_E8309C84A73A,0.34285636788027973
CC_E832EA5DC991,0.2299545886879156
CC_E834C76B0938,0.17835237786749938
CC_E834EC0C0D90,0.302427747347111
CC_E838F7242977,0.08097987210307298
CC_E83A5CEE40C1,0.10517416627529234
CC_E8497D28F348,0.18795179974300313
CC_E84A0F03AEA2,0.07789055336966591
CC_E8559E621286,0.07471589407563946
CC_E8599562BC4D,0.2594370436346559
CC_E85CAE4CBC2B,0.6303812537365907
CC_E85E4D5D79BE,0.11085508728149066
CC_E85F2FB53AD5,0.16088769675800257
CC_E8686DD6AF19,0.542461483599671
CC_E86B2EC02830,0.14689433461941975
CC_E86B3598E615,0.1029014492610659
CC_E870AB9BDA63,0.3484937187775515
CC_E870C8B4BC7A,0.5027840856118294
CC_E870E10FC84B,0.1490270554135243
CC_E8749AF4712B,0.2059909637304173
CC_E875232835BD,0.07080355621722464
CC_E87790BB1DBA,0.05099868941134372
CC_E878FAC1E8A8,0.7755443698511415
CC_E87A6C15E797,0.2938940989552606
CC_E87E0AB7675C,0.5386320099319167
CC_E8806410D330,0.09027203406313324
CC_E882169B92AC,0.7436691499206015
CC_E882EDC03BC1,0.18529458371048543
CC_E883C0F7E1EA,0.07997675617409541
CC_E889344440DE,0.20778062132971392
CC_E88B523B3BB2,0.5615862881060212
CC_E88D1DED124D,0.08647657551402646
CC_E890F389827A,0.06446170266938038
CC_E8911D7595AA,0.6552548075939216
CC_E89502C8091F,0.15152496593052592
CC_E895F54BE602,0.44500381242768733
CC_E897CDF73DF6,0.05808773884554528
CC_E8992885B912,0.06557172174255572
CC_E89CF07FB342,0.10126514659646857
CC_E89D321194E4,0.11437998898230065
CC_E89E5E0B590B,0.31328839431431527
CC_E89F382A180E,0.5716117885636269
CC_E8A06F4B3CE9,0.1229695060247415
CC_E8A293544A46,0.0571511799339945
CC_E8A30AFDD2DA,0.2497750186206889
CC_E8A357D114B6,0.20764382266628365
CC_E8A472F97EAE,0.10997712960223271
CC_E8ABD6298721,0.18160415149049663
CC_E8AE43360A31,0.04760102123972503
CC_E8AF505C8293,0.07594772184124506
CC_E8AFDF802E05,0.05771042437582905
CC_E8B2620D6693,0.570476230986442
CC_E8B36F0725AC,0.1252059317653729
CC_E8B539E04C81,0.17331935234482435
CC_E8B5F040DD9B,0.060326057154137226
CC_E8B7811166EC,0.2456873249605557
CC_E8B9A4AB3A5E,0.6546363062595493
CC_E8BED367B82F,0.09396503423957002
CC_E8C315689990,0.1209192058576776
CC_E8C51975DC0A,0.33824527574990537
CC_E8C81B6D48C1,0.10480726273621413
CC_E8C85B8BDA52,0.31513274401407193
CC_E8CAEADFCF88,0.2192875315475849
CC_E8CF19C1C43F,0.16559038656393235
CC_E8CF7D4DC686,0.11188133062997299
CC_E8D0235046BF,0.19499351082125765
CC_E8D125C2CA8E,0.504828504041484
CC_E8D8AD88276F,0.0874334371531186
CC_E8D9E5FD2022,0.13260650457079565
CC_E8D9E86B4438,0.31894720480069566
CC_E8DA4D4D1752,0.13085269776898034
CC_E8DE03A586F5,0.13719826773919302
CC_E8EA6E6CDC90,0.13497379249901903
CC_E8EDA7E25155,0.18806939286707786
CC_E8EF9DCDC2D0,0.12508573425738162
CC_E8EFC5F1DC3C,0.1347550220586976
CC_E8F173F0EDD3,0.1431856286684801
CC_E8F1FF53B877,0.734494142330514
CC_E8FBCD25E80C,0.07903498663383658
CC_E8FE4ADE9BA5,0.21332064851020763
CC_E9026D11FAFE,0.06447785884142372
CC_E9045B7DA288,0.6437804877210969
CC_E904D74B956D,0.09030344777794104
CC_E90B74D0B7B0,0.1560308003008915
CC_E9121DF4CD76,0.07522593632821306
CC_E9145D7BBB2E,0.339155114902057
CC_E9161F25EE9B,0.11295801224546523
CC_E9167F41551D,0.1837210662049143
CC_E9186835C14B,0.17790625913428199
CC_E91A7B817630,0.07684160864211667
CC_E91BE6B096A4,0.11221881741760771
CC_E91E39E971FD,0.2526286692216216
CC_E9222F10C0BF,0.6624658665530937
CC_E923357D8F22,0.05429332134709295
CC_E928E2480E7D,0.0632368675244791
CC_E929F2EB364D,0.6246952898266354
CC_E92E6F3E7A55,0.2335424714692603
CC_E92EBBECEC6C,0.05115515312741128
CC_E9338D167285,0.715672832722688
CC_E935FB0AF4C4,0.09292559261345396
CC_E93626953BBB,0.24112944589548335
CC_E9371266DCED,0.16121738194839974
CC_E938B94428F3,0.17429151728636755
CC_E9399EFF2520,0.0936674158484437
CC_E93B657707F6,0.597665709287305
CC_E93B940D6F8D,0.1274484436214242
CC_E9443CCB0DBA,0.040305946318693685
CC_E945BA064EC3,0.06902526950825193
CC_E94693C81D99,0.20779270146485493
CC_E9487119C5A2,0.19039819164340732
CC_E94931337477,0.11567064039309723
CC_E94A1F3ADD6F,0.0684613580402812
CC_E9503D532411,0.27654379424487624
CC_E951909734B9,0.05453260048130169
CC_E957BEC20BE2,0.43424971191105877
CC_E95CCA2D2AA8,0.3658592003672984
CC_E95E3351CFEB,0.7821175238679526
CC_E96018A76436,0.06385533467214896
CC_E96696A2083F,0.3138387905790635
CC_E96741915556,0.07610039756296433
CC_E96AA99C6964,0.11552184469472679
CC_E96B0A49AF02,0.09828501001096518
CC_E96F586675E1,0.6624063612164156
CC_E972CE81024F,0.09183230013478197
CC_E9794A4051DB,0.11069874766626273
CC_E97A7394E1DC,0.1875657680416473
CC_E982938F4254,0.7305208060817933
CC_E986F50D542F,0.31992276874422015
CC_E988ADCA9CA8,0.38412865960950066
CC_E98B0E1F0229,0.1451210850842147
CC_E98BBE98DCAF,0.4003356676697253
CC_E98BC1809327,0.2566295037834401
CC_E98DA7C0A566,0.10677159021729077
CC_E98F67253D44,0.3245956905878771
CC_E98FA77D0944,0.1957555710704618
CC_E990B045F17D,0.33527615429248747
CC_E991525F04F7,0.13797495871943924
CC_E992EE6A14F7,0.16379258001194835
CC_E994AEFC2051,0.4186704793873767
CC_E9963079E7A0,0.11416659117683099
CC_E99BCEAD6849,0.12833195230183708
CC_E99CEE0E042C,0.11297992809995336
CC_E9A2AF5F8E21,0.1462107974023833
CC_E9A423E46E5C,0.06499950904189641
CC_E9A4F6393E3C,0.1976106601415269
CC_E9A7A7FF54FF,0.16238540596553191
CC_E9AF9516B345,0.0686747545807048
CC_E9B11AF9F3A6,0.13749440695188545
CC_E9B8480FE25F,0.060444866885546886
CC_E9B84C4A0B42,0.23270907363966703
CC_E9BE22174848,0.14294725436249175
CC_E9BEDBA9D634,0.13590501953416584
CC_E9C2929F29A7,0.091027318223077
CC_E9C53F80E8F8,0.10402126914615888
CC_E9CCBC3D6BAD,0.12280069375860983
CC_E9CF7A47AA69,0.29256139684620436
CC_E9D154767E12,0.10052098183717677
CC_E9D1FFD9C024,0.4568063523327228
CC_E9D3771F58DB,0.5626644139327539
CC_E9D3BF8495EA,0.4338126275795638
CC_E9D724344E0F,0.7641626581204097
CC_E9D97BFCF700,0.11415776952508423
CC_E9DAC2AC0694,0.038014243188138855
CC_E9DCB9374F91,0.1147412688970629
CC_E9E30F204CDF,0.11856076953615986
CC_E9E48814E35E,0.18404493566294738
CC_E9EB68851F38,0.07904034807945576
CC_E9EBEACB80AD,0.04625176344957389
CC_E9F255EB361C,0.20500061754230595
CC_E9F2B2678E63,0.3786952150991304
CC_E9F4EBFF771E,0.6360193716865367
CC_E9FAB73E8178,0.16774301712307013
CC_E9FD1C81954D,0.09379481494840045
CC_EA01174B971D,0.09265033606430227
CC_EA07CA7A5302,0.17894683198626693
CC_EA0D7FA1BDBE,0.12084967618573819
CC_EA0E85246B2A,0.16396284543242173
CC_EA0FAF4A35F4,0.17627746413401066
CC_EA13E7CF90C1,0.07560255906123776
CC_EA176CDD8BD8,0.22578164188201777
CC_EA17B4E5C763,0.1681455881043779
CC_EA1BBFBF2F81,0.27403922696468114
CC_EA1E94D6A4BA,0.1601189929262899
CC_EA20568B0A19,0.11043491577275569
CC_EA216B5A6996,0.04203841689473288
CC_EA231668298C,0.3856629360556542
CC_EA248FAF452C,0.07668577586384515
CC_EA26CEF8A491,0.6742582155470092
CC_EA29C9EBBB09,0.4916803489938581
CC_EA30702481A0,0.1865787787957212
CC_EA406D520043,0.08918916175472488
CC_EA42F6745A8C,0.6710373524497417
CC_EA45DCF9324F,0.21276122146287788
CC_EA4896A371C3,0.2781379803151849
CC_EA4BAF44BFA5,0.14081811908324854
CC_EA5502B341B3,0.6737103989727423
CC_EA55E483AE06,0.1259420548919477
CC_EA5AA4C385A0,0.3259810934503615
CC_EA5B18E28772,0.30200104326591626
CC_EA5B31BE5B10,0.31995842531584245
CC_EA5BB1040E58,0.12195141322966344
CC_EA63351970E6,0.050878383324296304
CC_EA6B12BC3CD8,0.2415747214703517
CC_EA6B86240B8B,0.08520574001546825
CC_EA6C11EF512B,0.5855398644580092
CC_EA6E24483267,0.1289749861506579
CC_EA6FF23CE6CD,0.11473880946976492
CC_EA70F3DC8596,0.16714448453165406
CC_EA710F5C6E45,0.12117739176529778
CC_EA74C5C33DB2,0.7819505030812177
CC_EA78499820C8,0.08360281348335401
CC_EA795F09D340,0.13664273900893872
CC_EA7C6D4018E1,0.33865056765826135
CC_EA7D0F46B4C3,0.20464113204463605
CC_EA7EEBC86C8B,0.15119895303933167
CC_EA83B1BE7EB4,0.04100629208035764
CC_EA8C5F13F40A,0.1826890859354646
CC_EA8CB236F453,0.051036979428157714
CC_EA91E2C66143,0.22704458260012528
CC_EA927B42B7BF,0.7448046067400591
CC_EA978C1C1952,0.47783222067287057
CC_EA9B4814B8B6,0.05604317542581115
CC_EAA356EF2E26,0.04778333012312545
CC_EAA52A3A12EA,0.12384860646678278
CC_EAA612F8B407,0.7741251971549383
CC_EAA8BC350AFE,0.5140218615503903
CC_EAA9A876A27F,0.27511769059088675
CC_EAAAC2A8111A,0.15300759674175365
CC_EAB093C1E5B4,0.08949743417537495
CC_EAB19FB15301,0.17498091664869292
CC_EAB22B201C32,0.7331331307236455
CC_EABA7499A018,0.3442010360277564
CC_EAC549C8A756,0.2545329551250707
CC_EAC592B85D4E,0.06149769337685912
CC_EACA92153F6B,0.17164640609498194
CC_EACAF6B7E353,0.09717654840002445
CC_EACD468C77C0,0.03992231160193431
CC_EAD955ED0D3C,0.14373934859864437
CC_EADB40DE1DCD,0.6751820184736296
CC_EADB8AD25670,0.15495233661479205
CC_EADC476DAA21,0.16881294638792768
CC_EAE074802A8D,0.21816589234567624
CC_EAE281A68259,0.39199680482904614
CC_EAE2D6922852,0.14249892381522683
CC_EAEEA57E8B43,0.11914676346649788
CC_EAEF35C6770E,0.14021964006392648
CC_EAEF4CA3601F,0.09307003991164912
CC_EAF4FD59C854,0.17787044779200376
CC_EAF51DC7D7B9,0.7353257190613428
CC_EAF757E54BD4,0.04673474083575493
CC_EAF9FBBB9026,0.08226347172474734
CC_EB0BF2C738DC,0.36689561671597876
CC_EB0CDC09BBBD,0.1516810316658531
CC_EB0FF1327701,0.11726960485890295
CC_EB175477065D,0.09528636077870527
CC_EB1AD28ACB4E,0.3978526389296566
CC_EB1B09D381F4,0.20818268352346309
CC_EB1DE3A1D1DC,0.6044171450347461
CC_EB1E3F604267,0.7185602560205638
CC_EB1F9EA888C8,0.060332572260075844
CC_EB20F76537EE,0.6380508921916889
CC_EB2192737AF2,0.035637411616494356
CC_EB2350B49336,0.186034286698513
CC_EB2388977CB9,0.03408703041938908
CC_EB29EAB0CF17,0.20724906876890664
CC_EB2A62A5AF7B,0.3059814067063841
CC_EB2B76A4AECF,0.20986740669024143
CC_EB2B94FA3981,0.11125636783278448
CC_EB3083DD8929,0.07204882765705974
CC_EB30F04903CA,0.054936557444674496
CC_EB34B89D8505,0.6074369376055742
CC_EB36118731A1,0.22808718583617177
CC_EB381AB6F35A,0.08351257201488031
CC_EB3BA3DF3C18,0.30634566480300524
CC_EB3EF79EAB12,0.17934675106169545
CC_EB4052DDFCEF,0.2459092752918517
CC_EB42352B9588,0.1776356540206124
CC_EB4601E1CC89,0.044948925096522444
CC_EB464007A114,0.10324696347158127
CC_EB46D4036172,0.18251125962414821
CC_EB48C7C78653,0.2385573282927667
CC_EB4AA09C7534,0.6602089565720624
CC_EB4AC42D266B,0.04429085236506439
CC_EB4E68BCEABF,0.0878488550702218
CC_EB57A734AD02,0.2558685630394157
CC_EB5B521738D3,0.6648110376694455
CC_EB6427AF9995,0.15023141664928966
CC_EB6545D6F6D2,0.07621542272895646
CC_EB6581CDF1EA,0.13693853662416383
CC_EB6855895E7D,0.15584096047102325
CC_EB69C43339A9,0.21930051373792403
CC_EB6C54AC32F7,0.06936888481075462
CC_EB6FCAF10761,0.21504929518633595
CC_EB7049C755A1,0.0627827998232722
CC_EB7068001E47,0.05903409082632098
CC_EB707520966B,0.07123992995108273
CC_EB753AC5E853,0.2032271446423978
CC_EB754FEF91BF,0.11637947098724273
CC_EB770754E335,0.04266284819045133
CC_EB79653B77B3,0.12666835581085256
CC_EB7B3A9BB3F7,0.09116709083784542
CC_EB83BD5C28C5,0.509876287863651
CC_EB8CB59DE2E4,0.13824832733389023
CC_EB9173AF621D,0.14645961662101156
CC_EB96D8BA6A28,0.1602655511661066
CC_EB996D05539D,0.7448588704883109
CC_EB9D01E2D1AD,0.27438146248728146
CC_EB9D7033D900,0.17676950777174807
CC_EBA05E8FC8D2,0.37638848553288096
CC_EBA0B84CB166,0.19777627884073073
CC_EBA73BEF5B02,0.0379599590561289
CC_EBB390469208,0.6639790349813618
CC_EBB67F2C0B93,0.06732646545275023
CC_EBBF1F28BF8F,0.12654846290612798
CC_EBC2F3252F38,0.0749297560687492
CC_EBC51B8B8448,0.03286725009266142
CC_EBC77E840F24,0.20002366833540716
CC_EBC851D42221,0.12596098710514697
CC_EBC9503593C4,0.03750653320233282
CC_EBCCE82CC45A,0.21946095860412643
CC_EBD50C380D5B,0.710738483097195
CC_EBD5189292C3,0.10877791457610106
CC_EBD7E8ED8EE9,0.15276411696395648
CC_EBD8E3E32B28,0.13377340539944282
CC_EBD9FEA86C92,0.2541013736654864
CC_EBDBC75638EB,0.2047205849942592
CC_EBDC9ECE9D77,0.23599637349953478
CC_EBDD4EE88246,0.03963545686898151
CC_EBDEC771FD96,0.3231043821636016
CC_EBE56835F074,0.24339262455629324
CC_EBE7BCEC15F3,0.09697335864076742
CC_EBE895B500C0,0.1557614670893207
CC_EBEAA4D80C7C,0.1898099971968539
CC_EBF2729A1828,0.6602226948198384
CC_EBF6C17EF48D,0.285734486319101
CC_EBFB26EE25DE,0.0983581482827189
CC_EBFBFF0F73EC,0.0475683277822163
CC_EBFF2BEFEF35,0.0688666736422084
CC_EC06D788F73A,0.0909203944722007
CC_EC080F50F3D1,0.4951855030212874
CC_EC098F46A688,0.11135008644380336
CC_EC0C72BA1101,0.28756925460474714
CC_EC0C9FD04136,0.750666388110983
CC_EC0F13957E70,0.296288058081892
CC_EC119AC05997,0.18349221618527023
CC_EC154CF7CB4B,0.14268096321180296
CC_EC16048BFF6F,0.24732968203193603
CC_EC19F23318B7,0.12990203518210794
CC_EC1A76BA5182,0.27708770530509547
CC_EC250D38CC6C,0.430805465098858
CC_EC253B21ADF4,0.12414284243884643
CC_EC27234CBDFF,0.06718635151957171
CC_EC28CFBF2690,0.07592354024618732
CC_EC2C517F4F95,0.17205223961023103
CC_EC3328A2345D,0.07614834781696372
CC_EC3769F89C75,0.4978560196160638
CC_EC37EF984DDD,0.18148505105267027
CC_EC39E2D03D48,0.08830552678363243
CC_EC3EF2A25A8E,0.14192834547725014
CC_EC4402AB90E6,0.0750026872091208
CC_EC464AAD9B0B,0.7562970952552764
CC_EC475254F940,0.05537609653434772
CC_EC48D8242187,0.1826142364999654
CC_EC49B892FD1D,0.7057249599982931
CC_EC4D602BCE2C,0.6810509567099549
CC_EC4E88D4C944,0.0584510726807561
CC_EC4F262AA299,0.20056850705271317
CC_EC50D69E4D08,0.11736003832242611
CC_EC51F1E3D71D,0.18163796249762845
CC_EC533D5070E7,0.15479688369585848
CC_EC53C9F5DB64,0.1465500219420352
CC_EC54B735E44F,0.13225666560999347
CC_EC5598FDDEA6,0.6959091434136024
CC_EC561A20B494,0.03403574629040566
CC_EC591AE4A848,0.13615538007516204
CC_EC625DACE44B,0.6112596959997062
CC_EC64332BECDC,0.18501858257510131
CC_EC659A59C135,0.20459219030842105
CC_EC66109A1B41,0.061775562785048074
CC_EC66C8E52D77,0.08482943205072759
CC_EC67602A267C,0.09275516093249693
CC_EC6E3B5A0CEF,0.7335854104684953
CC_EC6F25231E3F,0.30333473867894195
CC_EC6FE59BE0B3,0.5785906659619175
CC_EC772D33E67F,0.10258218928941494
CC_EC7CBE47FBB0,0.7280749490663723
CC_EC7DE6D7A2B8,0.038735929990195574
CC_EC7DF46BFDBE,0.1394645657521722
CC_EC7EB73E2514,0.20942238504897848
CC_EC7F3FAF05AC,0.13270054332227993
CC_EC82C16CED63,0.0796446728755677
CC_EC8650C58539,0.10093635492507283
CC_EC8651491815,0.10961900310404285
CC_EC8879F84D28,0.25373672362502514
CC_EC90CF50F02B,0.05877263953263388
CC_EC92402BCA32,0.05328909623949528
CC_EC92B0E7FFF1,0.4577238975290007
CC_EC93320B05EC,0.04047732308900139
CC_EC964AACE0A9,0.12020040201485112
CC_EC9A3E06E2D5,0.18488261042544277
CC_EC9AAFA5B21D,0.111455459007194
CC_EC9B07F8AC81,0.13614376232251352
CC_EC9B0D9E88B5,0.15610957030629538
CC_EC9DB69794B8,0.11856384700758285
CC_ECA31FC82853,0.15791756169760637
CC_ECA9294220BC,0.5685568283430142
CC_ECAF97A82D4D,0.3175813105090504
CC_ECB21CEBBFE3,0.0993260628765311
CC_ECB37981188D,0.750570189405912
CC_ECB5D7633883,0.19491842864272022
CC_ECB7F056A2AC,0.05007926727920424
CC_ECB92AD9BB63,0.09667430647724072
CC_ECBECDD68AFF,0.7504891550274645
CC_ECBF19FC42A5,0.17996664543459337
CC_ECC735ED381F,0.1231501209431863
CC_ECC835B9DCD5,0.06639288967537689
CC_ECCA800BD1BF,0.16894305028091988
CC_ECCD81789A3D,0.08010758889600963
CC_ECD743C1E1C8,0.6456029285021002
CC_ECDCEF050026,0.16981251539305417
CC_ECDD25CEE7D9,0.16950107263282038
CC_ECE090D64DF0,0.7457532700846132
CC_ECE3714B7945,0.24708431982800794
CC_ECEEAA2F7E0D,0.07507448342304254
CC_ECF3C1A69115,0.0965755724333738
CC_ECFA6C416622,0.05908239609641195
CC_ECFC083D67F0,0.18498222737306994
CC_ECFC8B937581,0.05810370269658989
CC_ECFE98A2FBC8,0.3811387453769818
CC_ED05577CC680,0.05135533526178023
CC_ED0692E63D34,0.11433328350429332
CC_ED08663CE966,0.05894901738690461
CC_ED0C85F40EBD,0.07136742360256149
CC_ED0DFFDFE461,0.13320605937907054
CC_ED0ECB1E8364,0.09760336171459313
CC_ED0FB01240E3,0.05192369048709995
CC_ED11F03114EB,0.06708493432367268
CC_ED157470C70C,0.20660199205860255
CC_ED1A2D2287E9,0.46377177354401694
CC_ED1BCB92F597,0.3822147679736698
CC_ED1F7A4CD40B,0.06577935273581195
CC_ED2166005629,0.18774874005651784
CC_ED24E4FA2A58,0.11803222594759025
CC_ED27D77A875F,0.10811483561862825
CC_ED28CCB10D84,0.057781161328809214
CC_ED29FD94BA66,0.131060550200216
CC_ED332FF4D1F1,0.10064619403132687
CC_ED35F2CD6162,0.5703727876546638
CC_ED36A6E8DD69,0.08431779477821283
CC_ED383BBFDA93,0.13518250880726024
CC_ED40A464BA02,0.18011146771819536
CC_ED41695EB7AD,0.0903685933794224
CC_ED43C454BCE3,0.7203888809166205
CC_ED4811DB1C69,0.19306962957830776
CC_ED4D45895A05,0.07407607710869342
CC_ED4EC738D389,0.14235702864749195
CC_ED5220DC8CED,0.045779717335030994
CC_ED5931D973D5,0.06351642713957725
CC_ED5A1FF8AC1A,0.10291024748950346
CC_ED639F6E5FB9,0.5487089093975018
CC_ED647ABF1DBA,0.10567702984558307
CC_ED65EDA44E60,0.4139695781332097
CC_ED6744A74F3C,0.17308227497325784
CC_ED816A7D5555,0.16631688753884194
CC_ED820DC67B87,0.6082176864975002
CC_ED834E81704F,0.1569204024103691
CC_ED83B53E7B6F,0.11681582639059104
CC_ED8878C1AF7F,0.6709515364494463
CC_ED8A3BEBF4E9,0.12892404525918782
CC_ED8DB528A20D,0.11592061158685196
CC_ED8E6B781B0A,0.11604704807685842
CC_ED91B665D8B4,0.10993887195433102
CC_ED92D6A9B7E5,0.6792438521982955
CC_ED9328889A4B,0.7584477419430783
CC_ED96F1E0C08C,0.058671079648066046
CC_ED9ACE1CC7BA,0.1650316502267517
CC_ED9F1261F6E1,0.19690948708337733
CC_EDA660DBEE87,0.6370756160072586
CC_EDA7B2E91C0E,0.05815973550013015
CC_EDA7BEF5F2CC,0.7668849351675052
CC_EDA7FEF5C8E2,0.09029162747561566
CC_EDABEAC3FF84,0.18800178396123482
CC_EDACBCDC2BA7,0.03992915444509529
CC_EDACF32AA3BC,0.33664429535271884
CC_EDAF6FA9BB77,0.1743859982545414
CC_EDB622974E3E,0.05420657018951924
CC_EDC77F50BD58,0.14561596124179993
CC_EDC87EA02652,0.06696838139816016
CC_EDC8AE18C2ED,0.04255734052391723
CC_EDC9D8D832E8,0.32500715537340613
CC_EDCAD9E69F60,0.15794010765312208
CC_EDCDD3DF071F,0.6623902016450318
CC_EDCE9C766DE8,0.4821373314986803
CC_EDD164A66203,0.6296693171063954
CC_EDD48B8A728F,0.13162564697131024
CC_EDD58E9198BB,0.13959442757481216
CC_EDD714B26133,0.705637689087079
CC_EDDCB6758AA6,0.07357782120516379
CC_EDDF9FA11244,0.10070794230399334
CC_EDE2749E9189,0.051244170314873175
CC_EDE3698A586B,0.3213692831781322
CC_EDE4881E4F07,0.15245177020164305
CC_EDE51E1BD669,0.5230352251763992
CC_EDECB672816C,0.19484409792455132
CC_EDF042542DFB,0.5456236270267508
CC_EDF1028681DC,0.18950373541829554
CC_EDF119116CB9,0.13498452666056776
CC_EDF2A74D974B,0.1395811451047346
CC_EDF6C5AB3D1A,0.17464497846011878
CC_EDFC31CAC741,0.09396054187825315
CC_EDFCE6736A22,0.17192464146346276
CC_EDFF7FBC6627,0.10314550017622874
CC_EE0460BE25CC,0.2573609527480295
CC_EE05E41E7E4C,0.08579157907652105
CC_EE09DA40E6DE,0.09193242827064994
CC_EE0CAD0F2BC3,0.06568258546120323
CC_EE1578598854,0.17597623765644238
CC_EE17D1DBBDBF,0.16046530041051082
CC_EE222E8D44A5,0.04499418087586618
CC_EE27AA5CB335,0.37660225529449287
CC_EE2CC2961E14,0.0841931105667589
CC_EE328E63D6D8,0.07518679087853386
CC_EE33D826A97D,0.24083025904254818
CC_EE3601FA7B16,0.17246442198261847
CC_EE371B032A9E,0.0959768150858924
CC_EE3765BBE328,0.0635515642663716
CC_EE3B4314470F,0.20415577961394585
CC_EE3DBA944A25,0.20260358952463467
CC_EE3E700C788C,0.07549940734084429
CC_EE43D45FE4A8,0.21243434677363396
CC_EE45B446CF48,0.3239455815537371
CC_EE48BF6C9DF4,0.4354241871363439
CC_EE49E9FFF12B,0.10653360438479229
CC_EE4B989B7B31,0.08159592218048099
CC_EE4F65F176D5,0.27466918242408267
CC_EE507EE68DDC,0.03212147488228478
CC_EE52100AC56A,0.1196915262572265
CC_EE5779B6033F,0.23426785674009803
CC_EE58E1526116,0.08602806214529038
CC_EE5D41758D79,0.38727739219303337
CC_EE61533810DD,0.7556295035587702
CC_EE64B74DF737,0.08025129984865573
CC_EE6583A0F80E,0.5869512478620627
CC_EE6659B36E51,0.7619369204579097
CC_EE68D60EDE2C,0.7025879397418257
CC_EE68DA343C48,0.16726520295761732
CC_EE6C69176E70,0.09458439290738563
CC_EE6D8A795FEE,0.05326232242846821
CC_EE6FC349C56F,0.1275189730553473
CC_EE6FEF413AC1,0.06780524956588982
CC_EE714272917E,0.09947406296577625
CC_EE76B5671F08,0.091837315483182
CC_EE77AB339ED9,0.15137995853426472
CC_EE81183F31F2,0.11556624269392271
CC_EE84081424E4,0.09622717320466227
CC_EE88C0EEA0AF,0.09514809450838164
CC_EE89337A31B5,0.6474390051712628
CC_EE8AB880CE6C,0.10843488057625181
CC_EE8BEB97C001,0.0829505407582493
CC_EE8E3F9C775A,0.09179176952896691
CC_EE90A7D76732,0.43892816487688924
CC_EE9130769CC6,0.15050718012411118
CC_EE946C42EA46,0.15174962870335243
CC_EE94726D5872,0.4261359721968887
CC_EE975F05AF4C,0.06866916788113225
CC_EE9C2EE848F1,0.12537034417006085
CC_EE9CD5180D13,0.07806503332455453
CC_EE9E96A419AB,0.20577425034109834
CC_EEA269C6EBA2,0.03137635657152858
CC_EEA296E9E5D8,0.18304468056161555
CC_EEA328E82AA1,0.05457447621145063
CC_EEA5C07397BC,0.21998616448119476
CC_EEA83F308FAB,0.23584193005241844
CC_EEAA9DC55078,0.19436077676961125
CC_EEAF84C32F09,0.13527074489247917
CC_EEB0568FB212,0.7330104738308112
CC_EEB0C64038BE,0.12113848522222156
CC_EEB730E88848,0.19351920506687262
CC_EEBC541BEA2D,0.2707075961902977
CC_EEBECB3AC0F8,0.45746047063969986
CC_EEC48CD0FFE3,0.31058800763413064
CC_EEDA34505077,0.061062517868082936
CC_EEDDF5D6B012,0.12611242933499575
CC_EEE123B5BA3A,0.1609513827872132
CC_EEE244106242,0.10333994678977507
CC_EEEA5436F575,0.2511166825491705
CC_EEEEDDF24BC8,0.06984651318451793
CC_EEEF0FE0661E,0.04896747291720803
CC_EEEFD4269123,0.09266959310618715
CC_EEF361FB89F9,0.690295940212746
CC_EEF7E7EF23EA,0.11506444810437774
CC_EEFDF0A3BBA7,0.16723898021545242
CC_EEFF0A757763,0.2613232799335522
CC_EF01413E0666,0.724883208842937
CC_EF04261B4CCF,0.2967537516859261
CC_EF09C78B0A0D,0.10334264417546772
CC_EF129850DE9A,0.6293844773739513
CC_EF14090B9FF0,0.09735649199482685
CC_EF1744B34E03,0.648067658491577
CC_EF193A2B952C,0.08382773436651662
CC_EF1CDAF85A45,0.19131168539994547
CC_EF1FE720320D,0.1465358437491672
CC_EF206A266539,0.28825574588943614
CC_EF2B7E79B236,0.4326017527061704
CC_EF315A79538F,0.13009014664483332
CC_EF32320415A1,0.5688298586986211
CC_EF333595BBA6,0.13910344177852346
CC_EF336D3B7A1B,0.0949408764943328
CC_EF347FF343C7,0.1463826879819449
CC_EF391F06A44F,0.0551409824327608
CC_EF3984D5C286,0.5768140248999366
CC_EF3A9A3D1E9A,0.08639632831432123
CC_EF3BA7A4773A,0.7770562763447831
CC_EF3CC8C5F7E7,0.09907816720478882
CC_EF45126C25F5,0.2754268510375182
CC_EF45D4364301,0.13899070177736828
CC_EF4841C3201B,0.6891087937126591
CC_EF4BD33A9E96,0.340628846341799
CC_EF4FEDDF74CB,0.04721665217875002
CC_EF535089161C,0.09227226654969486
CC_EF54004B514A,0.06046790833189304
CC_EF5881201E77,0.2439449198927323
CC_EF5B496A7594,0.30582029352750956
CC_EF5EDAAF841C,0.25514367037409896
CC_EF60D154223C,0.06789944728390004
CC_EF65E1938828,0.06636489320997344
CC_EF660B5F76EC,0.03914819519092614
CC_EF6B8D0EDFD0,0.08904353007866177
CC_EF6BF42B3266,0.24089676661678072
CC_EF6C67C300C9,0.05916323692558484
CC_EF6D4E927165,0.1667349174409994
CC_EF6E80B9F7D7,0.11054409688766416
CC_EF6F99402FC4,0.10737140060626744
CC_EF73D5E689EC,0.14304121829967054
CC_EF7B562D12BF,0.14381330212552143
CC_EF85640DE9CE,0.631812419019813
CC_EF8644863F62,0.08732912871075713
CC_EF866307A998,0.21685753634556174
CC_EF88DC5345C7,0.17323775233066968
CC_EF912B3C6B12,0.17358791991208483
CC_EF91F629B22A,0.35022636847963456
CC_EF93FC3615E5,0.202622820843276
CC_EF940D14E5F7,0.17178419872821546
CC_EF9557DCF793,0.7810507091763347
CC_EF97EB80153D,0.1723679616010832
CC_EF9D9EFA12ED,0.568544465207873
CC_EF9E4D8577F9,0.11606794595271597
CC_EFA516B42608,0.1090489397158521
CC_EFAB4AF06AFE,0.36569969837607197
CC_EFB57D1499BB,0.04233128297282733
CC_EFB880EDA169,0.7447799590520364
CC_EFB93AA9796D,0.4645502152706393
CC_EFBE0F8BA5E7,0.10059082898152708
CC_EFC22C7E3C02,0.14971327962029524
CC_EFC308099CDC,0.4046898777680147
CC_EFC464849CE2,0.26148317141617905
CC_EFC48B85AC6B,0.771521063657597
CC_EFC7FB7AC4D5,0.6381491391247409
CC_EFCC52DB6CDD,0.18061451835101544
CC_EFCE34FDAEE5,0.21287226375155893
CC_EFCE548BB532,0.0468762645042242
CC_EFD2130B746A,0.08450906453666684
CC_EFD3DE750A0A,0.04673119212006972
CC_EFD57744EC7F,0.09927142911519529
CC_EFD5C10A0F08,0.3238606376226135
CC_EFDAE1EFB7F7,0.15357642079756081
CC_EFDBC1AA5B8E,0.09129506850515055
CC_EFDC44D002D6,0.081482743140491
CC_EFE087A2CB70,0.16282982024289946
CC_EFE257EF20D7,0.19986250104565037
CC_EFE2E51E3797,0.20135402311695277
CC_EFE4A8E34A4C,0.08645770402523498
CC_EFEAC2F8277E,0.21888856951800525
CC_EFEFC956D905,0.14937497028421692
CC_EFF2A9FCCFCB,0.03485673556287456
CC_EFF7E405498C,0.18370038858162244
CC_EFFC3DEC541F,0.21533485434342853
CC_EFFC53FBC4A1,0.13642777009331503
CC_EFFDBD7FB8A1,0.05772800520542824
CC_EFFECA7C0BFD,0.44852822423812366
CC_F00121415C83,0.5051090898803163
CC_F00212B43D33,0.0957452362642293
CC_F002B98419E6,0.2748828432747505
CC_F005196CFBA4,0.42093397811370714
CC_F0068CF9801E,0.171636518565449
CC_F008A5CA09B9,0.09366404605921931
CC_F01192CAF0E0,0.035630296659395835
CC_F01504D76328,0.23492490677817704
CC_F01591560A02,0.12699702204959046
CC_F01A958E3E91,0.09455052772794605
CC_F01B6EC922C7,0.12190746569012083
CC_F01B8939BCFA,0.07395892267462276
CC_F01D7E8264D1,0.04487170646518022
CC_F01E9004A196,0.11113126758124983
CC_F01F627EF23E,0.09321790370910102
CC_F0224999F146,0.06183665182367322
CC_F0224E66C3EA,0.08255167311413268
CC_F02475E95762,0.08369616223616033
CC_F024A411DD18,0.06667679597632517
CC_F025DD2B2145,0.5686068850417518
CC_F027115AE758,0.18506600440459273
CC_F02949DFDDB4,0.6623499896281084
CC_F02C105EC7EC,0.14871213923955018
CC_F031DF1017F4,0.20670904040593077
CC_F03229E0EB18,0.11286712776680352
CC_F032CD494CA6,0.13140201240405455
CC_F03540DA339A,0.11027902680334031
CC_F03557288154,0.060314799746348166
CC_F038466F0F7E,0.7493186412230752
CC_F038E2B33323,0.057399055933689894
CC_F03E920DEAE2,0.4295272587378009
CC_F03FF44BF7BC,0.2501818435640627
CC_F044EDA4E2EB,0.04090081229422192
CC_F04638DDCC44,0.06667261636041105
CC_F048EB35197C,0.1961730312871509
CC_F04D4204A9B1,0.15607725462131103
CC_F04DA3F95FB9,0.1330074360543611
CC_F053CBC1A7B7,0.1225171479877083
CC_F0580F774791,0.3367692893916403
CC_F05873B3DAC3,0.1442717967706371
CC_F0598C24DC1B,0.2506973356104521
CC_F059CE6ADD3D,0.7287856911259267
CC_F05BED120C50,0.20926103987720066
CC_F063DD982324,0.0843141207673231
CC_F064862A8699,0.1868065081239
CC_F064EF8099E6,0.2117780925677463
CC_F0717602DA13,0.12441411673789671
CC_F071960D0446,0.12274119284232385
CC_F071B8BD7754,0.6240963944790592
CC_F07355B27180,0.13880870295595454
CC_F0742E912901,0.1290636373718344
CC_F07503347B5B,0.6159255859108929
CC_F07656D893AF,0.2500803620531757
CC_F077FF269F20,0.10603691554700938
CC_F07886655001,0.041314162992569
CC_F07BB6FA77A7,0.2773294742908965
CC_F07DD9F7684C,0.19426134009337798
CC_F07E912FCD12,0.160701247503611
CC_F07F365A516D,0.1366568816556682
CC_F0825952AA75,0.19465327411902236
CC_F0848699A936,0.26567897699948856
CC_F0852F39E666,0.06532033053411074
CC_F08535932C23,0.11103439562148239
CC_F086D21788A6,0.06248812863354232
CC_F087E706B69A,0.41727379663612574
CC_F08B6F00055F,0.18832288017196117
CC_F08E52D4CE57,0.20984469135766487
CC_F08ECF60FF95,0.17750801275663713
CC_F090C29D83E7,0.17635383538296914
CC_F093C4E63614,0.09402812626079352
CC_F0944BEF615C,0.6726815516776634
CC_F097285DCBB2,0.03892454209912064
CC_F098969753D1,0.37556211702810205
CC_F098E444ADFF,0.38326510623985505
CC_F09BD1A86972,0.178183729799032
CC_F09C18D5213A,0.07360544624215049
CC_F09E6B006B39,0.1892951217707868
CC_F09EFF3E864E,0.0374827552071948
CC_F0A174B66C59,0.18916533351219791
CC_F0A37249FC3D,0.04954268966361954
CC_F0A6407599D0,0.06982482376234335
CC_F0A89DD5B693,0.19022995266135395
CC_F0A90C69BF97,0.757093283665491
CC_F0A97D71F422,0.4124547908074715
CC_F0AA46C1AAB1,0.4733311814385487
CC_F0AF0C640143,0.1074514881212264
CC_F0AF1F806F1E,0.04167379514917727
CC_F0B2DCEB407B,0.14811536104239292
CC_F0B2E781B398,0.22034809450725845
CC_F0B4DDB2CB1E,0.7035664339126063
CC_F0B506A10506,0.08837891388550961
CC_F0B6DCDA050C,0.23526490844901318
CC_F0B820FEF1F8,0.791972987681286
CC_F0BAA550C57D,0.12912210506168784
CC_F0BC9438DEE5,0.3664968529697049
CC_F0BE6E29798E,0.04965293328621402
CC_F0BEA2B24A62,0.07566433755349494
CC_F0BFD800091E,0.14493697283664442
CC_F0C3BA8BAA9A,0.5787996350415012
CC_F0C4EFEB70CD,0.1462631518780808
CC_F0CBF8589340,0.7662007593668301
CC_F0D1CE9C0D86,0.5475675528659829
CC_F0D242CB0665,0.09346080027009837
CC_F0D5A167078C,0.29090848286824433
CC_F0D5B97987AC,0.31402459250566844
CC_F0DA10F4F5F0,0.06467940855265371
CC_F0DFF5A56B81,0.06045853117599735
CC_F0E34E485A9A,0.17288254716531415
CC_F0F0067686A6,0.09441786026743655
CC_F0F239532433,0.08789539886189043
CC_F0F9398E9E72,0.11680451267247052
CC_F0F980496A42,0.5793666612462809
CC_F0FF4F02A7A1,0.5857718493489529
CC_F100E3F2E74F,0.12220281702459013
CC_F103C98F4F79,0.04923386262456757
CC_F1043549D5F9,0.41013557273420753
CC_F107DFD57C55,0.2505049807125088
CC_F108BB9E8232,0.18929285090452996
CC_F10F392E2C46,0.045768410713421886
CC_F111A9EEF85F,0.06406335980787789
CC_F1136887B346,0.09171172591510553
CC_F11414589B94,0.05290781035981011
CC_F1148ED1D3B4,0.1458121398792432
CC_F1181DE8132B,0.09227446702250028
CC_F11AFF99461A,0.06896129861932643
CC_F123A4170C6D,0.1947757558349795
CC_F123BB19DC6D,0.07010586373934116
CC_F125713B2232,0.33152149394101904
CC_F1289F79C8AB,0.1382207514166714
CC_F12964D84B82,0.09265174141034288
CC_F12B2AE8E25F,0.23297843679945118
CC_F12D366FB382,0.11260087831927254
CC_F130BEFBDF2F,0.1405423545794398
CC_F130E39084F9,0.19189842239029303
CC_F1329C651393,0.3136469288220101
CC_F136CCFEADAF,0.7671848501122012
CC_F137564BFCB3,0.048526514199522565
CC_F13AFA5B577E,0.26883407590819014
CC_F13CE7C6FA72,0.10944903477758623
CC_F13DA6490C0D,0.1578652617729593
CC_F1420D7B2785,0.0803952454174762
CC_F14E928CE2A2,0.05997515578586404
CC_F1502B631457,0.04154104734532484
CC_F153A43730CE,0.20123753293622784
CC_F1563F545ABA,0.25174766935765297
CC_F156A55927C6,0.25597807262516187
CC_F15C5AAF89C4,0.7433593742149065
CC_F15EE866C042,0.1608587710029154
CC_F1602D59040A,0.10516878118865876
CC_F168940F3DF9,0.22035752482520726
CC_F1699E6FA160,0.6952885701151836
CC_F16C94351E01,0.16847080718188687
CC_F16D6DF0964F,0.3676711864430583
CC_F16DB505CDD9,0.04393449787283086
CC_F16FF2565D40,0.03863249281446276
CC_F1728D9FBA32,0.18796447165548774
CC_F17356647B15,0.7482603152566865
CC_F174CD062E07,0.09201962718575264
CC_F17762E38971,0.6639095819729314
CC_F17C793DBD17,0.16189075131490943
CC_F17CB99562C3,0.09499482741250338
CC_F184FB7B3159,0.44202268856843385
CC_F18DB774E4F2,0.18154057800970638
CC_F18E1B98C133,0.5696712933151018
CC_F18E4A262409,0.04216938438433943
CC_F18F38BB9224,0.07516164094917008
CC_F1908FC01A80,0.28337407862290404
CC_F19257886E20,0.19019567820543073
CC_F193FAF607A4,0.08285047991968518
CC_F195ED8AB75D,0.1096620011525025
CC_F196544CF99E,0.6412950107737332
CC_F19D51DB234D,0.621617237677951
CC_F19D804963F7,0.3164107128228734
CC_F1A12A724B55,0.22990908890425416
CC_F1A5FD1E90A9,0.1733388212303603
CC_F1A9055F2D15,0.15391494897916638
CC_F1A9474D7191,0.44734756648436286
CC_F1AAB7E7C1B6,0.18149572208287928
CC_F1ACBC7B0225,0.6190433387954292
CC_F1AEBA6B17DD,0.07692626276537218
CC_F1B3B594360A,0.1605368713474389
CC_F1B40F8C9674,0.26542883214610546
CC_F1B47BF48C1F,0.3676537126115759
CC_F1B53661973F,0.4412737335651218
CC_F1B5ABCE840F,0.2208694084066111
CC_F1B68B98D5FD,0.4677871599946225
CC_F1B68E399DF3,0.07296782268178384
CC_F1BD3E53C52C,0.07059003242231181
CC_F1BED7C6D854,0.17568527991992555
CC_F1C567222616,0.045610812911321984
CC_F1C6748BE3B5,0.2061519263180737
CC_F1CA2918ABC6,0.10068712743048783
CC_F1CADB3B6F77,0.17131360203047633
CC_F1CBA5DAE755,0.10844100014476099
CC_F1CCDF1385EA,0.11040369555976051
CC_F1D17EB5C2D0,0.13434274863462556
CC_F1D25F99725D,0.04834738612115305
CC_F1D28BF651B6,0.10886257143515625
CC_F1D2A949F154,0.13413499498706485
CC_F1D49596FF97,0.1614693998365488
CC_F1D968B41468,0.2598011162461492
CC_F1DC1A019D7A,0.08340016574786852
CC_F1E096081C2B,0.10541104271406958
CC_F1E4AC889C75,0.23883739357135134
CC_F1E7737074A3,0.5345608692671034
CC_F1E7BE57AB11,0.5211098404579804
CC_F1EB0B3A300F,0.6878647177003447
CC_F1ECBF05B902,0.07640477903531798
CC_F1F1C2C9792C,0.36794092784845955
CC_F1F54B087468,0.1465024306364799
CC_F1F681D2AC76,0.2610450173700459
CC_F1F85F206AB5,0.18621126934410784
CC_F1F8F9D1D48D,0.1481179689417523
CC_F1FB4050851B,0.11967985682968045
CC_F205C66E7B96,0.06976815789645363
CC_F206D95E0364,0.6086161597827809
CC_F2097FD4ABE8,0.2080404760883138
CC_F20DFCCCC743,0.04287557002275023
CC_F20E82AB322F,0.13437023053125016
CC_F20FDF9AD50C,0.4602185847122827
CC_F2133C080609,0.1573892705363311
CC_F2136E2AE569,0.1603347659472813
CC_F2155BA9A37D,0.15937207546413545
CC_F21B86862F7F,0.08616301403350853
CC_F21C91CB7601,0.1427061229716044
CC_F21FF9A07F2F,0.2420101110344568
CC_F222B6F139A9,0.20259695877450562
CC_F22392C764CD,0.3957177842614342
CC_F2280BFD4026,0.7389930485420749
CC_F228D4293785,0.06403448201407234
CC_F22ACC0B0994,0.2589480481308269
CC_F22CF4614943,0.18252449466153786
CC_F22D44B6050C,0.6801173224802881
CC_F23B33354AA5,0.5312137520436602
CC_F23D6D61770E,0.2462883628248307
CC_F2429920A80A,0.4226255628945301
CC_F2443F5D2F9B,0.24777362391271182
CC_F2455168E50B,0.08687797628696771
CC_F2460A021469,0.0739375201282372
CC_F246E3533F40,0.12072426431457398
CC_F248FE586573,0.2673693539855172
CC_F24901DAF60E,0.5716615286448057
CC_F24A993BD366,0.17316122253223312
CC_F2555B05221D,0.051080147978898205
CC_F255720E7BBA,0.26026628960166087
CC_F257BDCC0C4C,0.2290982793037411
CC_F258BFBF5D4A,0.05448775685255732
CC_F25A224A1304,0.1650989616982182
CC_F25D5BF6E1DC,0.26827035352153084
CC_F25DF2DF521A,0.07702025669189297
CC_F25F9C7AEFB7,0.11214362825899542
CC_F2658FEB5443,0.08031911470853108
CC_F265D45E9F86,0.1000506108966771
CC_F265E3D87C2B,0.2099523573436107
CC_F2679FF037DF,0.1844088347667203
CC_F26BC4969ED1,0.12748075165271588
CC_F26CA761F6EF,0.15735167089650437
CC_F26D1BFB46A0,0.171980337262074
CC_F26E81CF67E0,0.7717574703984328
CC_F26F973EC52F,0.10905709501908264
CC_F27100B5A20E,0.05924309831698253
CC_F271177F9688,0.5272115286405012
CC_F27282A36DD4,0.7203214650578753
CC_F273CEC05F25,0.1660627988377648
CC_F274F50ABCCD,0.06982747573200362
CC_F278675EC100,0.05765289597093716
CC_F27A092E7E2D,0.12301972338350912
CC_F27CECB7567A,0.2201509252759401
CC_F27F168BFF13,0.11263119365399563
CC_F28A17DFB9C3,0.6088435388596585
CC_F28ABB34057D,0.10941965870431858
CC_F28AC6446F94,0.7381751568703875
CC_F28D1AC62260,0.12169275928724688
CC_F28E4D9A28AA,0.08661685597159971
CC_F29090CF8FF2,0.1569080016275169
CC_F291FCF60DB8,0.7692340571326295
CC_F297D7BF2FAB,0.07723280696226156
CC_F29A84E4823A,0.13028032346839308
CC_F2A1D94D0996,0.1770921031411548
CC_F2A3F2A3BE54,0.17488931883892594
CC_F2A583F5AA68,0.15119711429293026
CC_F2AC86180A59,0.10279464474429467
CC_F2B0F1CB7E83,0.11148561186905943
CC_F2B6734A4F1B,0.061177748181657235
CC_F2BB21A879CB,0.28901521433866745
CC_F2BC7AA5ACF6,0.03781332605727252
CC_F2BD5C04AE65,0.6460081947550254
CC_F2C1E6D623C9,0.13280059902431762
CC_F2C95C927F6E,0.09717980795102432
CC_F2CA8EDE6A68,0.2580496653546676
CC_F2CC422CB271,0.15846318292284842
CC_F2CE3AF4CC30,0.15129294470525584
CC_F2CFF8EC8FC1,0.3683028353456155
CC_F2D1AEB816C0,0.14956490080026627
CC_F2D296D157A5,0.1752861663694803
CC_F2D2E4BAF62C,0.09159078737007056
CC_F2D33B5202E1,0.37835127678729497
CC_F2D505358E4D,0.2401811531111137
CC_F2DD0DA05CED,0.066540016164041
CC_F2DD8EAFA0C4,0.06620899476263065
CC_F2DDF7E7CF7E,0.7549207570771352
CC_F2E45102E18F,0.19375168494633832
CC_F2E6D6E5BD58,0.08582666206920282
CC_F2E8AA3DFA25,0.1078575416627217
CC_F2EB542EF2DE,0.11284294516782026
CC_F2ECC4893AB1,0.2253511087607556
CC_F2EE029A1334,0.5783861878730318
CC_F2F743F15540,0.06948115192972788
CC_F2FCBF57D54A,0.20497265732275838
CC_F2FDB39FD5E9,0.19783771036318748
CC_F2FE454D5B6C,0.06237912451173451
CC_F2FED154EEDC,0.08665479186289807
CC_F3002BD71AE5,0.061274695556329695
CC_F30225F6E051,0.04426048255428165
CC_F302E01152E8,0.1232073170285661
CC_F3043666B0CC,0.10851273832357908
CC_F306F4765C7A,0.110520085505879
CC_F309E3004616,0.08219793042019666
CC_F30B52ABB80D,0.28863030829955144
CC_F30E6440B169,0.22269273264202818
CC_F31626E8FD43,0.20370799096753797
CC_F3170EB08148,0.13255290291353003
CC_F318CF68356A,0.7750423542335044
CC_F31A25F0DC30,0.0980913129243948
CC_F31E73E9EECF,0.0751880770366736
CC_F320632851E0,0.3640866109183499
CC_F320CCF9676B,0.5308173100092808
CC_F3230DD2B006,0.18168620477690647
CC_F32B8BCC3B73,0.07810340407265517
CC_F32C05757B6B,0.15262257791740313
CC_F32DAA63F75B,0.0749965947690991
CC_F32EE5E63CE0,0.16831292769059733
CC_F32F942B2709,0.20999976476338386
CC_F333288D9FBD,0.2459272267504935
CC_F3376CD9AD32,0.13658976723220176
CC_F33A5700002E,0.18546437567841506
CC_F33E1FC06D8E,0.6872806257785794
CC_F340FF356811,0.3194205716371457
CC_F3417A14035B,0.13712759428631666
CC_F341954F9855,0.09511079528875067
CC_F341E12BA14D,0.26606485085920817
CC_F342B8B0EA70,0.7828871075565811
CC_F346DAC39A3E,0.18442703943001426
CC_F34A0E69CCC6,0.17338417520882346
CC_F34A39AAA63D,0.27714931859498343
CC_F34A8C8E3DB6,0.22372983209690106
CC_F351F4283846,0.17728679251716845
CC_F3524E458D33,0.6923362984066082
CC_F3533C7D3715,0.09609887957580256
CC_F3567C538578,0.12356105666555432
CC_F361C628FDCC,0.17407470289789886
CC_F36F37D538BD,0.16707253818854784
CC_F371C87BF909,0.15985221216146134
CC_F3763253BC89,0.7397080809084409
CC_F381ECE54D5F,0.1884929133929658
CC_F383879C56FE,0.1450430199139576
CC_F38403DDEE30,0.1283972847477461
CC_F384C49FBD2C,0.11594645466764038
CC_F39079291E4F,0.09656102473415369
CC_F39485FC53FC,0.0422835362332164
CC_F394A2A50053,0.19069100169934644
CC_F397E199AB54,0.13694252589237405
CC_F399F02036EF,0.5658514971557012
CC_F39A263EE1BF,0.04229501637065828
CC_F39B22FAEAAB,0.07662948142567845
CC_F3A059EC2309,0.43541900126901717
CC_F3A25B3186CC,0.21684000894615485
CC_F3A25D7E0878,0.18510104273009295
CC_F3A67CDF27CE,0.19587009752314677
CC_F3AC394C5300,0.09719676515588116
CC_F3AF935D8C01,0.10618800667768422
CC_F3AFA8FC93AE,0.18343981429396322
CC_F3B22C31382C,0.2899980998670233
CC_F3B47152B00F,0.6736893869035685
CC_F3BC8E519431,0.054140545291092614
CC_F3BF8EE921DD,0.16913248316660737
CC_F3C029F1F345,0.07702289105654787
CC_F3C45D47E372,0.058261372883255835
CC_F3C7F2893619,0.07294243753366998
CC_F3C8D1481862,0.6860625626988565
CC_F3CD14BA890C,0.1511183790490524
CC_F3CE9E47C80C,0.14190697837379934
CC_F3CF4DBB008E,0.8190449292713179
CC_F3CF9A62675E,0.19228542768463366
CC_F3D2BA0EEE6B,0.7505026223243296
CC_F3D3C1EE4A30,0.06521806440464396
CC_F3D422C870C3,0.7364061584460264
CC_F3D5FDE6F00A,0.2047266726352138
CC_F3DB0DAEE97A,0.10233190155422911
CC_F3DC4BBBD418,0.1191078224963336
CC_F3E726DD1CA8,0.14525924734381637
CC_F3EA4118A40D,0.10842600897435213
CC_F3F023F94C82,0.29303192895638014
CC_F3F88E4949B1,0.326574718653175
CC_F3FD29CE30B6,0.16606054043882565
CC_F3FDBBB70286,0.19557529905447096
CC_F3FDF87582D0,0.6392897367251
CC_F40457DA1529,0.6867748566317151
CC_F404C85EED0A,0.20309609727851355
CC_F406F145871F,0.2140923898245266
CC_F40749CA5C15,0.16810781579217876
CC_F4075EEEDA2E,0.27956658662453016
CC_F40BCB3AFAC6,0.1351111886505887
CC_F41832D9C0E9,0.05272627911395036
CC_F418C79A09E4,0.08745381832357016
CC_F41A42DC52FE,0.17367498806927453
CC_F41D12A9EF9F,0.2615952668312777
CC_F42246A9D47C,0.12850808794251944
CC_F42671222BE3,0.1748808432834738
CC_F42B0FBDCDF2,0.3222686570198907
CC_F430C7EB5678,0.15396658102303148
CC_F432336B68BB,0.09561359518723028
CC_F433FDB0D60C,0.05407607397854915
CC_F43664462DC9,0.11221645687647894
CC_F4375474A41E,0.2067026794141396
CC_F44356B9A2BC,0.27503740373681984
CC_F447A8D67984,0.21684143814485163
CC_F4491F242AD1,0.08230520800716766
CC_F44A19E54573,0.04778312906137033
CC_F44BF365B78B,0.07173537982330078
CC_F44C6D96E756,0.29695012529175313
CC_F45018EAC26A,0.15232161254068824
CC_F450D5403E2D,0.12191897613644398
CC_F451F4C3EB57,0.7317759538072968
CC_F457B0F30080,0.32407006819979156
CC_F4581F86823B,0.7449261961841611
CC_F4598285F6FE,0.05023654228958513
CC_F4598BD7C459,0.07041658550973992
CC_F45A16CB0785,0.1162312792113845
CC_F45B0879E7AA,0.06643250226951894
CC_F45B48BF7AAB,0.6262215771027857
CC_F45DFFBA6675,0.06810654281819714
CC_F4631BA1FFEC,0.10556413209738957
CC_F46A355991F1,0.1678627374138989
CC_F46F99736E46,0.07244636970436699
CC_F471FF623B87,0.06099731787183055
CC_F47372B5A0E1,0.070300268230195
CC_F47432438411,0.1081680411826266
CC_F4751B466436,0.06468263758026571
CC_F479AA17E0E2,0.05412938391511777
CC_F479D213BD47,0.13929213585636196
CC_F47A2BDA106E,0.3779919811499729
CC_F47CA2FECF36,0.0756984312735879
CC_F47F87B773D9,0.23742203461855102
CC_F480A3797F14,0.12518650002868498
CC_F48104FB6562,0.25071023905274176
CC_F48677E0DACB,0.06414949721908816
CC_F48E0985510D,0.11247210907608085
CC_F49750F79B53,0.1260382314604911
CC_F4985439A092,0.12069502291989713
CC_F498A81CCB08,0.05634431561314368
CC_F4A29B1F93A4,0.6908347554767783
CC_F4A6773365B1,0.14525516100525454
CC_F4A80E78D005,0.039351178061025976
CC_F4AC2FDB16BA,0.12093527405654761
CC_F4B1B247103C,0.14726459176359052
CC_F4B5C696B4FB,0.23397451808990058
CC_F4BD2F89D667,0.1937835728510026
CC_F4BE602AC329,0.6381764529787519
CC_F4BF3F3A2CDC,0.06809790501014415
CC_F4C03CB79174,0.2255678547093965
CC_F4C51E07FD3B,0.47407025440498496
CC_F4C662E01454,0.08779646064679619
CC_F4C7498C67C6,0.05674709542781792
CC_F4C79661EE2C,0.23518959598136308
CC_F4CF4B82F463,0.1908543008163159
CC_F4D18D918517,0.2115240754996628
CC_F4D482119A70,0.06771844473868024
CC_F4D49727D091,0.25160452873242345
CC_F4D7BDBD77AD,0.21577700700283592
CC_F4DB6135D118,0.10487347654608867
CC_F4DF72757CF8,0.21297060223738434
CC_F4E48F88FABC,0.6583847089773777
CC_F4E52381E3A2,0.08458328524361639
CC_F4E78743AFD9,0.15098984156414041
CC_F4EA23AE3CDE,0.08799229486475678
CC_F4EABE9E9A75,0.10546699654482232
CC_F4F03572B457,0.16501916902599473
CC_F4F45AB04AB8,0.7777794732054746
CC_F4F689245C6A,0.44483482313750955
CC_F4FE1A798D39,0.6169059046315675
CC_F501C6A93D4D,0.14879711351052
CC_F50284B2304E,0.690732644986596
CC_F503D39880A8,0.10051435196124639
CC_F50CC8EDCC82,0.38017112452888224
CC_F5108F45CE03,0.27358904964123887
CC_F51278E29768,0.09873750190757528
CC_F5131D420FCC,0.048036397323490174
CC_F5145F9A5E41,0.09909647982429333
CC_F51D37205C90,0.31701007989277763
CC_F523194EA1F7,0.6700003029342038
CC_F526BEB5F93B,0.1017074763056337
CC_F52BD50B632F,0.12102056325621739
CC_F531DE2CF7EE,0.7224987378937071
CC_F534C514E954,0.05355485076295073
CC_F53E189C01C9,0.13444679837886211
CC_F54211EFEDF5,0.14861624720904135
CC_F5451A0A8513,0.05484122515970815
CC_F545F57CE1F4,0.6401026506627241
CC_F548ED4164A6,0.08780895105258815
CC_F55172B357E8,0.054975088587420284
CC_F552A3B8FCDA,0.08553689673540517
CC_F552FC3EACF5,0.14140832066925724
CC_F55615FC6ABF,0.17696519544215256
CC_F558A40AC73B,0.7541494439359828
CC_F5597B02D919,0.2033493006055028
CC_F559B6C6A263,0.05320120255195243
CC_F55C154FC307,0.07130640843130841
CC_F55D9F5EA5AC,0.08920685518551401
CC_F56035C46960,0.3055582982405237
CC_F560B14EDD0B,0.1173454762046737
CC_F560B2B2BDD0,0.18517911004601004
CC_F566142B66F5,0.25325807979851384
CC_F5695C992830,0.2559825753796755
CC_F5734E41D4BF,0.1610422507263063
CC_F579EA981AA4,0.06717677075196155
CC_F57D3110D580,0.2665012428979211
CC_F57D877B6299,0.2862738692498847
CC_F57F75A4935A,0.23658634570889533
CC_F58377ED7337,0.22860672852450387
CC_F586585E530D,0.12430508745475752
CC_F58CEDF54E4F,0.07409025452818004
CC_F58D22BD9A8C,0.16318383467077008
CC_F58D7B909954,0.07210674230884802
CC_F58DC140871A,0.17374504959050152
CC_F58F47730145,0.15260604161463853
CC_F59128793CE4,0.08368725006060232
CC_F59254728A99,0.589904808459236
CC_F59398F5BF6A,0.37280003700148956
CC_F59A01FC3713,0.19571201099307634
CC_F59D2FC5C99D,0.2693111096662767
CC_F59EAEDE1054,0.15155783736674722
CC_F59F30FDDB27,0.19851947827383568
CC_F5A1BDEEF186,0.08806122235539435
CC_F5A33037392D,0.09364816844794664
CC_F5ACC62A98EA,0.15533358014403337
CC_F5AD570CF8CB,0.1610806197686289
CC_F5ADEBDFE67B,0.18987994353467588
CC_F5B011A8618E,0.24542981214369952
CC_F5B36EB7F2D5,0.4453589152480502
CC_F5B5FF54F84F,0.04926925323110827
CC_F5B97B7787DC,0.12573054161768493
CC_F5BA90063BB9,0.19141810588057553
CC_F5C6EAE32824,0.36449094020267014
CC_F5C6F4EBF470,0.08929724503201508
CC_F5CA127023A2,0.12420803973466428
CC_F5CB98057659,0.10417810624632987
CC_F5D06824A148,0.13944600548530672
CC_F5D0E91F7F82,0.1794182338440799
CC_F5D1CD23F53D,0.15520336314474734
CC_F5D2E47D3F40,0.07968747708857382
CC_F5D3CD54313E,0.32205681771074773
CC_F5D5D8278A46,0.3154995305355083
CC_F5D5E3162C52,0.592170297647794
CC_F5D63C221897,0.15613447706827138
CC_F5D94AE91777,0.6213362417620927
CC_F5D9C3E5FCCC,0.13486805313773315
CC_F5DB2E49F057,0.11433438345135838
CC_F5E1E55DB43B,0.10854653264214971
CC_F5E8535DECCC,0.2540815410918416
CC_F5EA0ACB8BEC,0.19867943475169986
CC_F5EB6030BF91,0.09216984058716679
CC_F5F2724EEE96,0.5176742276013184
CC_F5F6B3773549,0.04656154864361779
CC_F5F9E37D4FFB,0.23375828754648845
CC_F5FCF245BEE9,0.26969575942260265
CC_F60433B2B286,0.1514918169946812
CC_F60A4914143B,0.29375179147224695
CC_F60C6C46199F,0.1788624413437067
CC_F60CC08C6E87,0.07213649093786285
CC_F6100F165F0F,0.48778553636085753
CC_F61AB5DEDCF5,0.24818211607352714
CC_F61F3DA59328,0.14366626338798624
CC_F621C4DF6B2B,0.17222003622373705
CC_F622072836CA,0.33127323583707696
CC_F6222CC1DF5D,0.5116192317957511
CC_F62298098EB1,0.07836159209168495
CC_F62448D781EA,0.11427750917242648
CC_F6270AF942F9,0.06656150935115208
CC_F62748561A8A,0.6450880206071553
CC_F627BEED6F1A,0.08041338952320913
CC_F628FEE82CFB,0.32171927680644874
CC_F62C55B9E4D3,0.1727340987981801
CC_F63240DF2195,0.43213678709338843
CC_F632E0DD954B,0.15589865313378182
CC_F63BA14056F7,0.22618669804824681
CC_F63C8B2BFEFE,0.0505359132652319
CC_F63DAF570F1A,0.16628317609993112
CC_F63DC4445192,0.09152738479727134
CC_F63E6BE04183,0.16835269522883123
CC_F63F5BB4EC72,0.12642463764977718
CC_F6409EFF796E,0.33002605533016066
CC_F641608C703C,0.10422935506510109
CC_F6421A10C936,0.769941465093979
CC_F6427E23F97C,0.13197576753641366
CC_F6451CECC1AF,0.18575769481429177
CC_F645C60A1B13,0.1280094809078579
CC_F6494A25DC92,0.0850513929440079
CC_F64972182028,0.07892270124705819
CC_F64A001812EE,0.1555403012611016
CC_F64BE498059A,0.24271910038355643
CC_F64CEC6DB1BD,0.5155837289873662
CC_F64FC11F68F5,0.31921477742674076
CC_F65433B2DF33,0.1042632573013128
CC_F654DF2ACA67,0.2084412033587939
CC_F65AD5DF8486,0.11486653459776715
CC_F65F5EC2648A,0.21161236249787946
CC_F6622928C861,0.05048121776674108
CC_F6638E8BE14C,0.1497689820270281
CC_F66A7FB8294D,0.11359960456302516
CC_F66B0D5D33B0,0.17658559339478963
CC_F66D4193F947,0.3138904169580681
CC_F67072EA036F,0.23821740723824153
CC_F6734B2BF846,0.44968561861426204
CC_F678E0AF7480,0.780346657443293
CC_F67B6C85594A,0.2628740094032893
CC_F67B99617E0F,0.4004211995292959
CC_F67CA099A07C,0.1409611084840649
CC_F67EAA8DB604,0.052342358359993714
CC_F67F4BC2BC80,0.24829213659892738
CC_F682F12F08DD,0.3597857909832152
CC_F68EBAB45F84,0.04731206171969934
CC_F69ACDF0BF59,0.07018317888901184
CC_F69C57031A8B,0.14806226623360658
CC_F6A1077E651B,0.187791608545188
CC_F6A13446882B,0.18156106235109082
CC_F6A53C7494E9,0.0468884052018297
CC_F6A66476DA81,0.6729740984048324
CC_F6AEE34A6286,0.2984134206863717
CC_F6B4991CB99C,0.12138297282190542
CC_F6B64FBF2D6B,0.1107442782547137
CC_F6B663401126,0.09804637786973122
CC_F6B9CE83EB98,0.1814353524578945
CC_F6BB5D272F93,0.05523831910917872
CC_F6BBA7AD4FB0,0.630493543749939
CC_F6BBE5962972,0.19662504379264809
CC_F6BE8C24721F,0.18995919566454575
CC_F6C25DCD0380,0.10610523594358319
CC_F6C424087C73,0.05599719461492621
CC_F6C53D1BAAE4,0.10408119578810945
CC_F6C5AA39EE2B,0.06679060440054405
CC_F6C6D0699D3C,0.15574234520412428
CC_F6C7B020AD44,0.04863474420985415
CC_F6C7DF32135E,0.28494137440820966
CC_F6CC9D4FE59B,0.05829742578788235
CC_F6CEF5529D2C,0.034178470687165265
CC_F6CF1352D8F8,0.09411592277813625
CC_F6D004840630,0.10524911610877156
CC_F6D3CD509C20,0.2082020492412267
CC_F6D49BA682B6,0.20611752463444805
CC_F6D7DFA3642F,0.253749281205933
CC_F6DA929C669D,0.18647710587253713
CC_F6E0B7F9E155,0.101795141201831
CC_F6E2DF4BA561,0.05610471825556782
CC_F6E589CC1A3D,0.6737663955161476
CC_F6E690C75C95,0.3926119776836796
CC_F6E8D1F4A932,0.20740374568095293
CC_F6E96837B74C,0.12187694892127401
CC_F6EC1BEAB6AD,0.4436825883052422
CC_F6ECC830ED5E,0.12821452502200537
CC_F6EF66DF455D,0.34000697851117817
CC_F6F2A479FA31,0.06535412405924017
CC_F6F4AE1396CB,0.15580084071336925
CC_F6F876A0E0F8,0.07771848910244636
CC_F700C46F9CAE,0.09871586042860092
CC_F703E5052D2C,0.6993371550999089
CC_F70EC2E7BEF7,0.13301231368367264
CC_F70F50C316D5,0.29429883879482127
CC_F7116434A0E0,0.214702447300611
CC_F71328FE8228,0.19795161478443885
CC_F714D50B3EFF,0.12949569338081296
CC_F715002B1651,0.05961078958530728
CC_F715FB7FE72D,0.05955719960170218
CC_F71813653495,0.7679687885345039
CC_F726491096AC,0.11513020502384937
CC_F7274DA1113B,0.16284928236324459
CC_F729647BDF24,0.30434149214036293
CC_F730B450DD0A,0.12351109158841614
CC_F731A0361498,0.3675991129936155
CC_F7366CA6A0F2,0.12529573027239915
CC_F736FC094982,0.2703293042339921
CC_F73777432443,0.04907597251292653
CC_F73D0DE13A60,0.13508982296362557
CC_F73DAEAEF28C,0.04922121687137469
CC_F73F87705A2E,0.1662449129205712
CC_F74103054AD5,0.11431422013458029
CC_F74407D93115,0.08679732259217202
CC_F7448896BA63,0.19078262037411603
CC_F7468D34F4D8,0.21674118364082745
CC_F7546010F01A,0.09481696566823807
CC_F75499AF26BC,0.06856599893157561
CC_F756C13A6AE1,0.17091712540704057
CC_F757D8BD788D,0.05310438819658706
CC_F75B13FBD9BA,0.043295712351742045
CC_F75CA4CCFB05,0.20584787425977846
CC_F7639C52EED2,0.0662286127516398
CC_F7648C2B28F3,0.06922485487631712
CC_F765ADB0EB29,0.1481367412741632
CC_F766E347C3A5,0.6148204643048075
CC_F767D37961E1,0.10994503596102874
CC_F76B0C9C817E,0.14557159923704951
CC_F76BB562BED4,0.11670305750702996
CC_F770222FEA18,0.17575199605524583
CC_F772F2B30736,0.1283430584183575
CC_F77319C5417A,0.16494677486917625
CC_F7739AD04B4E,0.28973325963113516
CC_F773F1FEBF43,0.1043742039724553
CC_F77532FB553D,0.2168154956774854
CC_F77A0D18EB0D,0.6753313345781679
CC_F77F35199AC1,0.12762218660935404
CC_F78036249EA1,0.431251735825104
CC_F780F9B5DC91,0.08838408331696336
CC_F7811743B594,0.13584682387103997
CC_F789349798CB,0.05075655306467204
CC_F7909532FCD3,0.699191399499991
CC_F793A59F8534,0.10737802407043284
CC_F793B38ACAE2,0.26068928177074213
CC_F794D08E2643,0.12915161148713203
CC_F796392A7562,0.23857591275588588
CC_F79850403C30,0.26171129443593777
CC_F7988358F940,0.12912198878268902
CC_F79A09B10F6B,0.7514643498983367
CC_F79CDD28CBA8,0.054280215454682625
CC_F79DD3F410A4,0.38534280298834733
CC_F79EB5F121F1,0.5331909791361322
CC_F7A0F4610902,0.1474799528663326
CC_F7A20820A63C,0.24347656979852075
CC_F7A219CDFE8D,0.20272090646458593
CC_F7A5782FC2B3,0.650076681472642
CC_F7AB852E9674,0.1877745612841166
CC_F7ABF02F59EC,0.2854431668426985
CC_F7B088BDE5FA,0.05220367310937266
CC_F7B0A3CD694C,0.07695619794712363
CC_F7B40F88EE53,0.20874211546714036
CC_F7B4A4075178,0.13916208024098226
CC_F7B59DD073C6,0.05820688952497234
CC_F7B9D8E0EB81,0.24957817721762182
CC_F7BD8F91EB59,0.07561809140897661
CC_F7BDDA70526F,0.510876881764483
CC_F7C134EAEAD8,0.09532625910392255
CC_F7C4EB38C238,0.07375392835764438
CC_F7C5333856CA,0.04990298914229281
CC_F7C629F4E8D1,0.04859864941916901
CC_F7C8A86C48C9,0.21714969538124315
CC_F7CF1BC341B4,0.08394408077943424
CC_F7D36BDBF81A,0.19312080762797615
CC_F7D46B97D91D,0.7707012437284828
CC_F7D76F987586,0.5888150503295424
CC_F7D84A5C2D14,0.2130184065931498
CC_F7DAFE861FD9,0.17021262576885246
CC_F7E61DF9CB59,0.1008117261543308
CC_F7E6DB41145B,0.16319540250193415
CC_F7EACD529D7D,0.4824053896307162
CC_F7F13B7D3B60,0.22501807371694316
CC_F7F3D5C8FEB9,0.051620721876554906
CC_F7F44CDB5963,0.7303092025868713
CC_F7F5C5F7C12B,0.043817331911010574
CC_F7FD06A8501A,0.2634707522837677
CC_F8020B5287AA,0.24225122852971315
CC_F80357E1BBF1,0.15076518049395016
CC_F805D99359A8,0.08890195010618301
CC_F80ABD2E670C,0.20168874359870026
CC_F80B0600632F,0.13988949818997115
CC_F80CDAD91DF9,0.281390633087897
CC_F80F4A72535A,0.7599304048173907
CC_F8108E923454,0.14236940997792674
CC_F81382B808CE,0.7493363071502086
CC_F81956DC9737,0.1561133620357802
CC_F81B6634988D,0.40860966085631417
CC_F81E26974772,0.438600344895175
CC_F81E6DE5732E,0.04494350810462986
CC_F81F9411962B,0.10226105002111038
CC_F820606CC422,0.12211505517976877
CC_F823B852B9A5,0.6693669383874636
CC_F823C9E8D563,0.11748016145774731
CC_F8245352D2E9,0.25539727097006903
CC_F82652A9AAD0,0.08792051162175758
CC_F8268889AA39,0.20934008276178256
CC_F82691F0DEE8,0.1024933556632254
CC_F82B87B46F8C,0.3693500893741692
CC_F832971A4715,0.5521950471050727
CC_F836CBAF7ADA,0.08290905702334166
CC_F837B048CC3C,0.29077945483724793
CC_F83E7A3CEC1C,0.14799049897923966
CC_F842328B6012,0.05331563127948306
CC_F844D730FD87,0.20986409917128435
CC_F846E4C6DB8C,0.10473873670477371
CC_F84855FBC8A1,0.22617971888073019
CC_F850163DF606,0.7251478398178155
CC_F8501C1DD7A8,0.05466471719481344
CC_F8565EB95F01,0.049593238014310134
CC_F8585285EC22,0.5546731613747384
CC_F85885743E31,0.17793764841104162
CC_F860E3546293,0.20439140919611548
CC_F8661CC2F776,0.13801700404719544
CC_F8679B7225C9,0.6984664285004776
CC_F86F6CB40A7C,0.17622956119043373
CC_F87006FDEC31,0.19551544679079086
CC_F87148990936,0.04837531194395608
CC_F872EDB2A023,0.14516613024353692
CC_F873C1BCC217,0.1165096530409658
CC_F876B18BD1F2,0.18338353416593084
CC_F8792D34E4F8,0.11383043911174831
CC_F87DCF18E3AC,0.19683613594197327
CC_F87DF3C9F121,0.0784935615087991
CC_F87E703A8D58,0.1673238411855346
CC_F880E8F65E3A,0.09794563776687241
CC_F885E5032235,0.0789507729512989
CC_F886CC8F8D4C,0.1236284528146264
CC_F8884DC00927,0.17624821691525291
CC_F889F7B5B8C8,0.1368834952348183
CC_F88B127FDC02,0.07709246298922463
CC_F890B09FE8CA,0.09170807252979755
CC_F8918AB16EC9,0.07309405626593982
CC_F899B5A120C9,0.29146552691919336
CC_F8A0FB88C202,0.08790351056477194
CC_F8A6A691165D,0.5568757991746507
CC_F8ACC47C7359,0.08449729262924323
CC_F8B0A8BA8297,0.4069746677311935
CC_F8B1FA6C317A,0.14536048212785402
CC_F8B3DBD45C73,0.059404420840496165
CC_F8B560B78278,0.1132815280103314
CC_F8B7A68D10AB,0.08665305808324016
CC_F8B829C22402,0.12625687756197318
CC_F8B8F3626687,0.14688626451732514
CC_F8B98F1F0D1B,0.32567794459192706
CC_F8BB438FFCCD,0.0670400623054472
CC_F8BB6BE899D5,0.7995058895423293
CC_F8BDAFAEA76F,0.1244918579934697
CC_F8BF4B981E80,0.1304448647195911
CC_F8C076754B94,0.1586353564760108
CC_F8C0C8B6D61D,0.762034993169923
CC_F8C4F3798BBD,0.1310837116308745
CC_F8C86BD5D5B7,0.6070482416953735
CC_F8CB10FF8C14,0.04312896449325934
CC_F8CDE04312A4,0.048009595699428226
CC_F8CE9AF3B65B,0.0699503809602517
CC_F8D964558443,0.12453891997193818
CC_F8DAD74106E4,0.08653058900947633
CC_F8DCB0559F1E,0.3052534648888583
CC_F8DEDE53874B,0.2140151524111933
CC_F8E04577EB92,0.04735762313454295
CC_F8E1AF9C8D6B,0.11375321870671137
CC_F8E1DC6DC229,0.096317341446824
CC_F8E3AD927A75,0.28194883287517297
CC_F8E3CFEA87D2,0.14300547571415032
CC_F8E8CFFDBBD8,0.10109854071672539
CC_F8E9A18EB1BC,0.10878557217425593
CC_F8ECB2B11893,0.10224725071350946
CC_F8ED86055743,0.08280115024999544
CC_F8F6498DE1FF,0.6482979167012262
CC_F8F7242BE8D6,0.13044068344376727
CC_F8F77D9865BF,0.668732225357153
CC_F8FCDE833571,0.23984102241459587
CC_F9014AAA4EB6,0.7707899121382215
CC_F9025BFCE0ED,0.15369042731259627
CC_F902A27CE585,0.05593714360698314
CC_F90680B62868,0.12169225283915715
CC_F90753BC3181,0.1481126859566737
CC_F90CD2C878A3,0.049382876487357584
CC_F90DEF5C532B,0.042092032573470106
CC_F919EB348F05,0.18272835767266346
CC_F91CA16642BF,0.09759740149462491
CC_F91FDDE6F783,0.06624207725233962
CC_F92471F9048D,0.05626565151355854
CC_F9273955A985,0.3006450573359477
CC_F9282F152F2E,0.11240048333219166
CC_F92B83B47EFC,0.04062139267124677
CC_F931F91A0D29,0.09496900431464925
CC_F9326647E2CD,0.30104858256909167
CC_F937B09FE9FC,0.05858687285307087
CC_F93943E60DF3,0.053782311483602796
CC_F93BADFA0ABA,0.3432033436321527
CC_F93FC133E85A,0.11697704938370534
CC_F9400A676E1F,0.05009256534453836
CC_F946BA2A6427,0.5050533942623523
CC_F949B0A7CDC0,0.1441625264558763
CC_F94AC93A0971,0.2436906347932432
CC_F94D8DA598B1,0.225598424790964
CC_F94DC5B10367,0.18175195951096185
CC_F953C1498507,0.17933076679983279
CC_F9590CB6B113,0.12313799528962381
CC_F9625DFF8388,0.11711799825982241
CC_F9638F39BEC2,0.03528003529539636
CC_F9643C6C4546,0.0618134013795726
CC_F9664535E946,0.13836820134658825
CC_F968DFD0E601,0.12060494494527092
CC_F969BB70E7D3,0.19318704384734545
CC_F96B9FD70EC6,0.07376676190116402
CC_F96CB86375B6,0.3611710477869593
CC_F96E884B297F,0.051792880220132134
CC_F970DBFA2D2E,0.166744544041388
CC_F97109522C2A,0.13648663870393998
CC_F97434350757,0.08493012789969553
CC_F9765A96963B,0.15454519878141001
CC_F97D466A6E6A,0.11567957683046806
CC_F98A1C8CDD45,0.061314728123366094
CC_F98A1DA65A8E,0.07869301038487139
CC_F98B955C0AA2,0.18142215966361647
CC_F98EC6895B64,0.13777815831239257
CC_F990239E7026,0.14915656297044938
CC_F99C67851956,0.07373474013023124
CC_F9A19AF021AE,0.04687657606462738
CC_F9A389D3325D,0.06469475560897958
CC_F9A3BA84B031,0.06963523456283233
CC_F9A441AA5500,0.4425662972267171
CC_F9A5175B4454,0.18826424423157534
CC_F9A5C5ECD125,0.22382016404846147
CC_F9ABA65711C2,0.2412466705119714
CC_F9ADBFD631ED,0.06151489690331301
CC_F9B0EC622F97,0.09351744977966867
CC_F9B4CCF68853,0.10766269565726487
CC_F9B6DCB9A836,0.062467064583666354
CC_F9B897921B68,0.07114509816049228
CC_F9BE72E62B64,0.16381778306306
CC_F9C1756D2E76,0.34966372982856037
CC_F9C3641FB171,0.11383053927766422
CC_F9C38849208F,0.14107523926536186
CC_F9C527ED2152,0.06820513411317185
CC_F9CC85284D25,0.05088993150966795
CC_F9CEFD1528D8,0.14686580524577797
CC_F9CF68E17EA6,0.0656977667807996
CC_F9D152FAF3B8,0.250065985241345
CC_F9D2C23716FE,0.16776221565809668
CC_F9D35124F558,0.632175584877849
CC_F9DD369305F0,0.11576100713202415
CC_F9E294E53378,0.2305472833489997
CC_F9E4712F0715,0.20189380439228777
CC_F9E485AE489A,0.07438084541938446
CC_F9E78388BFB7,0.045495464157401466
CC_F9E7D1678D19,0.12300695031593904
CC_F9E9061D67AC,0.3441746146360142
CC_F9E97D1374B7,0.15242930973569857
CC_F9F0412A471B,0.2909211746352225
CC_F9F5094F8E23,0.062063620808364105
CC_F9F6CB78DEC5,0.11927273813127612
CC_F9F73F6ED3B0,0.07179992352201461
CC_F9F8E9BC47C4,0.12189562014936602
CC_F9F8FF3ED3DB,0.06709650592370901
CC_F9FF1BA04E76,0.0891736465247894
CC_F9FFAC86788C,0.08579719345131567
CC_FA01385FDEDB,0.12354394019310663
CC_FA05AAAC1E14,0.7494229250565773
CC_FA08000ADCFE,0.13123733212354954
CC_FA0BF0783FD0,0.03580109713074364
CC_FA105AB567E0,0.08267971409589686
CC_FA105F7B3C33,0.19056773768601937
CC_FA12258DFF68,0.08298811717547858
CC_FA1291DCAB53,0.6324625919077
CC_FA1340719EDE,0.10568249050639492
CC_FA14BE472FE0,0.21821196068094317
CC_FA14C07D33E7,0.22439435870091412
CC_FA15645416C8,0.16429689766204997
CC_FA19AE8F95FE,0.3093140208040968
CC_FA1C60D73060,0.14600793970315612
CC_FA22CCE617A3,0.11259458128330298
CC_FA22FAA12201,0.1849105376799248
CC_FA247FD6BE5A,0.1510268758485991
CC_FA27643430B8,0.25760052549894474
CC_FA29082510C5,0.0527268084356922
CC_FA29D90B8B3D,0.2158784518289721
CC_FA2A4975A4B9,0.13728590213912378
CC_FA2AD2B08B5C,0.3800293122842415
CC_FA30D584BD29,0.41127248186286225
CC_FA311F31F3B5,0.1311718330721645
CC_FA37808613AF,0.04632691059907741
CC_FA395FBB9065,0.0412984446255859
CC_FA3A0584B438,0.036321793802309425
CC_FA3BFDACC799,0.19204625995036745
CC_FA3F97D21DA7,0.13508346571833837
CC_FA40CD4954E4,0.42404540767020843
CC_FA41178480EE,0.09542986624297092
CC_FA44A2280E33,0.1291862730498965
CC_FA49A346F364,0.10669687255095264
CC_FA4BA7C4BB06,0.1106134524698859
CC_FA4CC4CA34E6,0.09113981446767341
CC_FA4D49BED672,0.06878882778705482
CC_FA5030F692B2,0.16797094201316606
CC_FA52CC39C4CC,0.1144705807309924
CC_FA55CC52F5C3,0.14952151926423904
CC_FA5894738149,0.17062316466384095
CC_FA59C38A52BA,0.4801304509040317
CC_FA5AF22665C1,0.2895053743860867
CC_FA5BC315D9F6,0.2421884438268454
CC_FA5BE519ACAB,0.05130698993299767
CC_FA65F8926E3E,0.08932517162215411
CC_FA6607A89B4D,0.26008165234474834
CC_FA6A02ADDD50,0.30703443393834634
CC_FA6F18EF02CC,0.12783923173253003
CC_FA759297E796,0.6451873098709519
CC_FA772628F447,0.2172687197361161
CC_FA77CBEBB775,0.2063291225621196
CC_FA7C12A11BE7,0.09165307333659606
CC_FA7E310C633F,0.100896539581902
CC_FA80CB6C6A6B,0.49330717303215577
CC_FA8471724C0C,0.5656638549165758
CC_FA8CE85634D0,0.1417084051082295
CC_FA8CF00C10B9,0.15125977777070215
CC_FA903F26D666,0.2602763170867034
CC_FA9064AE4DCB,0.11054249547701964
CC_FA96049284C9,0.10003618194196613
CC_FA9A93FA76F8,0.08944095003824468
CC_FA9BF45DD54D,0.14716699693961938
CC_FA9EF0734D6B,0.07727154221483404
CC_FA9FAB4D3C35,0.09525894557292316
CC_FAA21E1495E4,0.10559956082170843
CC_FAA2E40FB370,0.04129992235592881
CC_FAA5FAE80898,0.20998830210347416
CC_FAAAB9AF0E3D,0.15671638464928717
CC_FAB5B8C59F39,0.11880048040304456
CC_FAB63CD91C52,0.05625354882069293
CC_FAB7FA926C53,0.1240773284400641
CC_FAB879351A9A,0.15985211852137998
CC_FABBE9E7D901,0.5884769702810577
CC_FABCD3C1BB4E,0.173408362417296
CC_FABE18B83E61,0.12415061908168219
CC_FABFFF86A6BA,0.05530675912430416
CC_FAC3A320FA0E,0.27163353478690766
CC_FAC61CBF9476,0.09017170160218628
CC_FAC825C895BB,0.07817179620652054
CC_FACA11A2F987,0.08694860335588288
CC_FACB152D9044,0.1634554575357894
CC_FACB1C3886DD,0.08429290571118128
CC_FAD23D780455,0.050992176876367555
CC_FAD5EE29252C,0.6556380567426954
CC_FAD5FCC2152F,0.14096706921032068
CC_FADD40BDDA27,0.09761807594017984
CC_FADE7956C568,0.09053390479076469
CC_FADED0DD1E11,0.12062262515179598
CC_FADF80007654,0.5473662659155198
CC_FAE187E36050,0.10146802774466053
CC_FAE46B495FD6,0.4965349198852089
CC_FAE63095194B,0.1458967581486941
CC_FAE7244F9071,0.08884642186284634
CC_FAE993C38F81,0.11690037671920003
CC_FAEDBC5CA858,0.04257523551415325
CC_FAEE002BC69A,0.3821039523956935
CC_FAEFF1F47614,0.6766150673998947
CC_FAF11A709DAE,0.10583481315345566
CC_FAF34893CC71,0.21279854104021476
CC_FAF43F88FC7B,0.35284146038831504
CC_FAF4EBAA13D7,0.07302308468953352
CC_FAF95D7B8DC5,0.7373922373405067
CC_FAFA318075FC,0.1012514758717018
CC_FAFFAB5694C1,0.14313211221597236
CC_FB00970F296E,0.40410988209751253
CC_FB030FD36766,0.1053269985147256
CC_FB052ED26F79,0.05848146940379427
CC_FB0AA84A4E34,0.18870484422905703
CC_FB0C5BA8C8DE,0.14036769503533147
CC_FB0D34952EE5,0.061383954038959486
CC_FB0DB7D66A54,0.23402786441896567
CC_FB11A8EBDE95,0.12520307351258425
CC_FB169A2F467B,0.09554430051770454
CC_FB1B387AEBD7,0.06457209407544637
CC_FB20DF1247CA,0.17793183141231184
CC_FB22D9ED8176,0.11974755034851584
CC_FB26E4420F9B,0.2181133017987867
CC_FB3AFBA45EF9,0.1736216671403294
CC_FB3E53D03EEA,0.16369360479265244
CC_FB3F48EA1882,0.0951484224023075
CC_FB402A2AEB8D,0.16041873502448506
CC_FB437B99FE65,0.06775480600650051
CC_FB4EC656638C,0.18662705525467943
CC_FB51A08AA255,0.16315347348117346
CC_FB52EF3A50BD,0.06351608293801629
CC_FB56FF3F72C6,0.15612468403764385
CC_FB5BE4AE7D60,0.09833409646107441
CC_FB5EA8C16A7E,0.13331664171988414
CC_FB604F3337EF,0.11708004637206815
CC_FB61C5B06CEF,0.04540778632274427
CC_FB62671B80B8,0.44178998881632003
CC_FB64F4A761DA,0.1094976493673527
CC_FB674F9B4FB8,0.3552640797139125
CC_FB6FF71A9244,0.1760098579563622
CC_FB7D28709496,0.2395166672677925
CC_FB7D799D3336,0.17205410623206657
CC_FB7D8D39B1AE,0.1056391233351404
CC_FB7F8898D335,0.21636819636311344
CC_FB8467020D34,0.11063070387486576
CC_FB875FBCA950,0.17944737681155612
CC_FB8AF7549981,0.18220786891836627
CC_FB94F25E5F2A,0.14634310549105753
CC_FB952A0CCD97,0.14553194602500072
CC_FB973DE64208,0.041013113388888474
CC_FB986C868D02,0.06587982846371028
CC_FB989101F9FC,0.28984925983906284
CC_FB9A171170BA,0.16353298673956065
CC_FB9C77E30CEF,0.14191103375672134
CC_FB9E3228A33C,0.33766459450229
CC_FB9F5B2918F2,0.12975053428646605
CC_FBA1392336AC,0.18027113359573185
CC_FBA285A7BBBE,0.04567108616769723
CC_FBAB550F6E4E,0.7168358529970662
CC_FBABF8A2F99E,0.11855460488050491
CC_FBAC24A1F982,0.0998752443059081
CC_FBAEBBD86DE4,0.1358128288895327
CC_FBB0C13EE739,0.06670469808756287
CC_FBB2FF976D5E,0.0573988211014468
CC_FBB34481AF88,0.13997571528587988
CC_FBB57D3DAD28,0.20747316009463052
CC_FBB6F5BA94B9,0.14422380759232847
CC_FBB8EA23B5C2,0.14228464258152906
CC_FBBBFB93B4D7,0.08265818465878336
CC_FBBC0931BE5C,0.22628856144597198
CC_FBBC48280EF2,0.1082609602514428
CC_FBBE7DE9B5CE,0.10155221119718467
CC_FBC38AA11D8B,0.20020474391061677
CC_FBC56DC89C4F,0.24568936897628174
CC_FBCC26C9611F,0.23173819316894964
CC_FBCCEF29A452,0.10138470985117401
CC_FBCDA82D87BF,0.12924745014710473
CC_FBCDC39731F9,0.1166203377030121
CC_FBD09F5D947A,0.04666761580191061
CC_FBDCB63B6DAB,0.12984948929816958
CC_FBDCC4B892E9,0.09879318251507252
CC_FBE5C3BB11E0,0.10564407809932079
CC_FBE6687401A0,0.729892917792826
CC_FBE7E183279D,0.09056006292957242
CC_FBE8288ED1A4,0.6870048200640373
CC_FBE87C06663A,0.052548762627918785
CC_FBE90967E833,0.10658884854171864
CC_FBE9134C8BF0,0.11591599592820737
CC_FBEA90442B69,0.09625583468478716
CC_FBEE29902C3C,0.21584062149295585
CC_FBF2E3CD9A39,0.2207335511719668
CC_FBF2F3B49C45,0.07478526776617708
CC_FBF5A622B58E,0.21275431590575575
CC_FBF613E10154,0.14994675180140726
CC_FBF628BD333F,0.3408383044372362
CC_FBF7857B834B,0.1053720423814449
CC_FBFFF3CB0E6D,0.28351945197783135
CC_FC00B9325CBC,0.11496228527924275
CC_FC01E5D5E638,0.10969489041802132
CC_FC01E75BF978,0.7308245961695233
CC_FC0642295BA0,0.0719300139987567
CC_FC095EA68A6A,0.6674063812249178
CC_FC0D48586619,0.19152293392265976
CC_FC0FCC48E8AF,0.3708587023607272
CC_FC163D4B75A5,0.0750111921140071
CC_FC16D13DBC24,0.26370412906707064
CC_FC1700E21FBA,0.1212564810786492
CC_FC18032DF9E6,0.04808074457488413
CC_FC1825DB935E,0.1667517923598372
CC_FC1923A0ED80,0.08462067536073162
CC_FC19315282D6,0.1673778096571224
CC_FC1A4DF68219,0.05297626745954157
CC_FC1BE23EC36F,0.27834333501969705
CC_FC1DA4B4AA90,0.09527300734443077
CC_FC212C63EB9C,0.048838453143406534
CC_FC2238D156F8,0.19297151214642091
CC_FC273DC12A61,0.10337791203618821
CC_FC2EAB32DA4C,0.13379039476048477
CC_FC339FB1C9E8,0.20266292975882552
CC_FC355903A24E,0.3921439943191473
CC_FC36EC64B0CF,0.13260008593772965
CC_FC3DD928995F,0.27171882961175864
CC_FC418623C9A0,0.09414068699604203
CC_FC4359A10396,0.32732364235736566
CC_FC4966D84A47,0.05526056136258064
CC_FC4BD01DC78F,0.08885856897438378
CC_FC4E9BB27B99,0.1564288045975883
CC_FC50E903A147,0.07889800242518358
CC_FC59345896AD,0.16061413113132633
CC_FC6280D994E4,0.3028593157659765
CC_FC6376BA9862,0.11933206945690396
CC_FC6684489A93,0.19710107883400071
CC_FC668A8E7C63,0.06618235781720405
CC_FC66EE00EFA8,0.21922425492752037
CC_FC6ABDE10A14,0.048164159215950075
CC_FC6C09B1A5FB,0.6695299450704558
CC_FC6F25D4C8F9,0.04903487646723022
CC_FC73989A90E4,0.2043284827392549
CC_FC7433064A38,0.7282013520201025
CC_FC777BBF3C67,0.09329763867766926
CC_FC77E5C21D41,0.24674675745900868
CC_FC7AD9973C8A,0.4218216488143821
CC_FC7C096A1B4A,0.2822497973006655
CC_FC7DB9E15294,0.23934758634979564
CC_FC7EE61E667D,0.17581477242315882
CC_FC7FEBEFB6F0,0.16214940660857846
CC_FC820930CE65,0.3956514641820254
CC_FC89BEAC50A2,0.055156856328770064
CC_FC8C22ADC4E9,0.11842713644984056
CC_FC9051A91FE1,0.6465342012407078
CC_FC91ED54111E,0.08485004437742591
CC_FC96C9C83529,0.03881764084299434
CC_FC9CF64D3C48,0.6959925133672518
CC_FC9D707E5E06,0.2808239099259059
CC_FC9DBED7399E,0.12150328464279754
CC_FCA15CD66FA6,0.24629242096218285
CC_FCA237218C78,0.15701264219883204
CC_FCA563CC43EA,0.08812086672121337
CC_FCA6A25F9562,0.14203774866803898
CC_FCA8CBFD4679,0.18635515910614764
CC_FCABDF97E39B,0.05855886687920233
CC_FCB06D4308F3,0.6375637089476005
CC_FCB20F898E30,0.17398096908688604
CC_FCB421CC36BE,0.10729908025195449
CC_FCB48722CDDD,0.7383067548931177
CC_FCB4F6F68886,0.21907695472348063
CC_FCB5A45751AB,0.1578992010466843
CC_FCB90932E975,0.13207622760176974
CC_FCBD8F9A67B1,0.09257633180037536
CC_FCBF4B7E45BF,0.4947908508730709
CC_FCC2ADA78D96,0.3303222350354448
CC_FCC2FABE1132,0.5227582004076246
CC_FCC3581F19F7,0.18534217827129673
CC_FCC52A7A33A1,0.29621260200135835
CC_FCC66F3677BD,0.16990570334029292
CC_FCC79B12F6CB,0.24617581804816116
CC_FCCA7F428843,0.146302711535394
CC_FCCAD468CC94,0.11125714561259951
CC_FCCD58499A84,0.10501382917252003
CC_FCCDF77A51CF,0.7125053432845256
CC_FCCF62CD329E,0.06081747250446531
CC_FCD00354AC90,0.1446192998949742
CC_FCD270A077E0,0.09238544867807873
CC_FCDB643C8412,0.20351107002420213
CC_FCE3B7E2700F,0.18192443375168935
CC_FCEB1F282329,0.1337851859466855
CC_FCECEAEBC7E6,0.08671472365094504
CC_FCEDF8CA3F34,0.09496064008482277
CC_FCEEFA4E9107,0.07557000142562134
CC_FCF2097ED70A,0.07540860474874969
CC_FCF475A9F4B2,0.1650266293631516
CC_FCF8C294CED6,0.2851321254709035
CC_FCFA3BAA3A5F,0.11391907526681173
CC_FCFB8F061E69,0.08022439211388703
CC_FCFCB5FCBB26,0.7577215496159648
CC_FCFFBA3DBC42,0.14467231021044147
CC_FD052271E63F,0.15514678010217298
CC_FD07037D6B43,0.6360652300263456
CC_FD0944F5D569,0.2224269230857548
CC_FD0CED6E0D90,0.18955812400900238
CC_FD10A3F4F07A,0.20483049318337904
CC_FD1351732F6A,0.16911101778287685
CC_FD15C7E1F8F5,0.5923623786216446
CC_FD1E85070E67,0.2550235245794766
CC_FD1FEDC12613,0.07108665888199543
CC_FD22E8723F8D,0.0398467598423219
CC_FD255388A731,0.24545018348228206
CC_FD25D0E745ED,0.10731799288115018
CC_FD26E15632A6,0.38826920258044795
CC_FD2953E0800D,0.5889979410847849
CC_FD2DF2B1C4DA,0.44713790153358807
CC_FD2EDA0D07AE,0.06739461160063376
CC_FD314480FC65,0.051173385677084
CC_FD333898E65F,0.13287010439516506
CC_FD3433A63AA9,0.7156927849987057
CC_FD367090DCFA,0.14980896523606113
CC_FD389C6160B1,0.10341371007594721
CC_FD3C67FA6DD3,0.15473728348961618
CC_FD3E49CE80AE,0.1977589528140133
CC_FD3EB6479C98,0.5241287152035838
CC_FD3F88FD45B5,0.07594479971630955
CC_FD41899B422F,0.16030177005774787
CC_FD4221D29B6A,0.04861108879860599
CC_FD42C93D7BD6,0.39495603521103995
CC_FD447545F7DC,0.11212342559609385
CC_FD4744AA678A,0.6137222532055739
CC_FD488D725DC7,0.20177877742512368
CC_FD4C5AE1D3C9,0.10298545143872535
CC_FD4F46863AB7,0.19569885975152795
CC_FD4FA1258EC8,0.5598088173923602
CC_FD50227B9E30,0.23951073866566971
CC_FD555226A615,0.6964517048552745
CC_FD573BB6367A,0.061547317729519345
CC_FD578201EF2D,0.47913799738032414
CC_FD5B9032F05F,0.14703261941585127
CC_FD62CF38F293,0.3348263921300718
CC_FD664D9AE9E9,0.5999278905922351
CC_FD6A2B1F34AD,0.21633263012396192
CC_FD6ABAE503DB,0.1179008318713769
CC_FD6C81931AC7,0.1860286886267082
CC_FD6C9411DB86,0.7897930000287612
CC_FD6DF051C31F,0.3552683339258103
CC_FD700598C0BA,0.06681582140560016
CC_FD70807BF3B1,0.11286119566794432
CC_FD73B1A026A8,0.049023234687343195
CC_FD73B3D56C90,0.2816394271636664
CC_FD787BC61337,0.2232654687726609
CC_FD7FA5DC8FEB,0.22121942334141426
CC_FD80FDAE6FEE,0.11573360219200417
CC_FD89E90A10E0,0.048342724007080735
CC_FD8A41496761,0.04773432156569939
CC_FD8CAF885592,0.12255822533940082
CC_FD8F3235BFB5,0.6104057125175193
CC_FD9733AE63A8,0.07709014489917894
CC_FD9B377690CF,0.14000600063743768
CC_FD9CFB4A8AF0,0.14945279243297888
CC_FD9D8E50F4E0,0.3915921215897561
CC_FDA799AB70DF,0.12296177193928415
CC_FDABFE851341,0.10204137178259384
CC_FDACB44907DA,0.5073542512971686
CC_FDAEC308C5DC,0.11379452208325816
CC_FDAECB26BFB2,0.19296411334357325
CC_FDB395EE6DDD,0.10997938182028313
CC_FDB6749ADE63,0.1158479027023089
CC_FDB70BC44CEC,0.05844432846061929
CC_FDB9F46C2221,0.7237117410107692
CC_FDBE036E098B,0.05685272065376433
CC_FDBEC8420B89,0.12292567176135474
CC_FDC08309ABE9,0.07138074058121908
CC_FDC148354EFE,0.14126669869570807
CC_FDCB22C70617,0.11191024466231221
CC_FDD360CDF95D,0.06820681186088985
CC_FDD79A02E28A,0.05702209246631945
CC_FDD9E7F09DDA,0.05122685507799979
CC_FDDA01595ED3,0.2145567526569679
CC_FDDD647C1FE0,0.0762402734868269
CC_FDDDDE5455F5,0.2391944930128187
CC_FDE021028BD8,0.08322358368236414
CC_FDE0CD146390,0.34140438750357277
CC_FDE210A9BCA3,0.07410092698302861
CC_FDE72FE6B86E,0.13377614957529044
CC_FDE7A72A2145,0.04968903213378865
CC_FDE8632A40FB,0.0952513560134052
CC_FDE9455E8C0D,0.09260589037923075
CC_FDF06DC5BF43,0.4730782455521231
CC_FDF0991E8912,0.14441836924978654
CC_FDF61BAA26D8,0.14112492948651006
CC_FE0031793C30,0.24007396768101996
CC_FE01D7D9B6A9,0.053092744573715024
CC_FE03B1388596,0.38921837081180655
CC_FE0A48B90483,0.09620451310539808
CC_FE0AC3EF98FD,0.24393317000031786
CC_FE0FD6832676,0.7126960214865894
CC_FE13764F9C26,0.1826814201912002
CC_FE163739876A,0.1667499049625901
CC_FE17DED3CD52,0.06244548084334027
CC_FE189C55F164,0.054283477246644306
CC_FE21452482C7,0.13638772279217917
CC_FE2576431359,0.21432760484739108
CC_FE27A4EB7D11,0.04649088134415535
CC_FE2866842D4F,0.13390866792147296
CC_FE2B71599C1F,0.09834370150171681
CC_FE2C96DC5FBB,0.05329279678103941
CC_FE3193FEA26F,0.22916541273458568
CC_FE33AF742504,0.3413215714292731
CC_FE38B1F98C4F,0.061468130182531576
CC_FE3976ED66C0,0.2581273001777905
CC_FE39BEED5CF5,0.22377921903483938
CC_FE3FC8EF4983,0.08345730731406473
CC_FE451BCDFFC5,0.26955227271031046
CC_FE4B9B199585,0.11445848108683973
CC_FE4E4870DC6E,0.13271497409153923
CC_FE4FD4C1C0D9,0.11513311797230827
CC_FE50315A49C0,0.238610807782822
CC_FE5131C779F3,0.23859391944432748
CC_FE54C4D0384F,0.5140219383784823
CC_FE588B9B667A,0.07155427656827533
CC_FE5ACD44EECD,0.2617978700759768
CC_FE5BC4C2D1DA,0.7541515796072737
CC_FE67B66297CF,0.3243330944596388
CC_FE67C7923DA4,0.21413556443784096
CC_FE6903C2A5E3,0.05385909473061987
CC_FE696D6B31CC,0.585371223417805
CC_FE6CB6B76AD9,0.7496906328216248
CC_FE70BAE67758,0.10913404666093234
CC_FE74C5922E5F,0.40954428028618856
CC_FE762EE309BF,0.16650799925736717
CC_FE76CD1DEC07,0.0632264015213793
CC_FE78805B03F0,0.046977459971427424
CC_FE79682CF8C2,0.07861130176498674
CC_FE7CBC4BD347,0.032037396218215816
CC_FE7D9465B93A,0.7487671438721417
CC_FE7FA5E131B9,0.0935019732292263
CC_FE80A787FDFD,0.04318965168717531
CC_FE8701C45028,0.20221852667673193
CC_FE8A8B337323,0.5124807157612185
CC_FE8B07108311,0.1317498773517813
CC_FE8FBB84F5A8,0.6336206644647777
CC_FE8FE83C14DB,0.15563923984224498
CC_FE9019A1C801,0.06860580591444479
CC_FE9030F236D2,0.14437765983687356
CC_FE9D6FB53C99,0.14893164613140572
CC_FE9DCBDE53CE,0.20634676812101604
CC_FEA05A98AF8C,0.08309482569331476
CC_FEA383106B2D,0.052734976714148285
CC_FEA564B04019,0.1017487409053877
CC_FEA6EF74C0BC,0.19959061929540056
CC_FEAF73BEF7D6,0.6387691874481543
CC_FEB521C3683A,0.03553640255130201
CC_FEB52BC018DE,0.05287054453848872
CC_FEB5C85BEB6C,0.30369858026365326
CC_FEB67C0CA768,0.1856244836410976
CC_FEBA3B927C6A,0.25403664219966043
CC_FEC0AE6192D4,0.12991946604568647
CC_FEC1336C8A25,0.44193190312731573
CC_FEC606B5067F,0.15647466713262967
CC_FEC8B7D5C49F,0.16047676178589518
CC_FEC998CF52A2,0.23054562611653565
CC_FECAAC6AB098,0.07432643948867787
CC_FECB777603DE,0.4933222265757588
CC_FECD2C9F42CD,0.1914162217580913
CC_FED102A5E84E,0.15481723137731812
CC_FED1E15E0E22,0.23443488336459298
CC_FED3E1400D0F,0.1448901948173928
CC_FED43B17264A,0.04783007195848313
CC_FED4C4709108,0.32125234133747016
CC_FED53ADD8D32,0.047103817724396105
CC_FED57598FACF,0.15796096713762067
CC_FED881B4A673,0.13140754708470959
CC_FEE426752E74,0.08821747404890853
CC_FEE6325F6282,0.6463562433274033
CC_FEEE13772173,0.25537450349359536
CC_FEF23FE521CA,0.10962662891144477
CC_FEF321584842,0.12376176598186121
CC_FEF4D5B60906,0.05420493490099765
CC_FEF91802528D,0.6510686060493478
CC_FEF9C7E26B47,0.19280603145756253
CC_FEFA23955604,0.08437916282931676
CC_FEFC6DDCD3D9,0.06285263715966753
CC_FEFD242E03A8,0.7634817636845693
CC_FEFF05A05F52,0.12410031666867365
CC_FF0256787EB1,0.16085554935880655
CC_FF0758579608,0.05540060549052157
CC_FF09DF998DB2,0.13090825211374726
CC_FF121B54F8C7,0.10557569114693773
CC_FF12AB681D84,0.12730799686742042
CC_FF131ADE507A,0.25316119120536246
CC_FF19D3446CF6,0.053456253195356254
CC_FF1F8C563939,0.22415653719882456
CC_FF1FFCCE10C7,0.06690594747138429
CC_FF21216E235A,0.0758960166299563
CC_FF264C4065B6,0.1532980798918477
CC_FF26577EE6F6,0.3050774881195198
CC_FF2885B0F9F5,0.11997011403469307
CC_FF29B2D1F5AD,0.7536691801007989
CC_FF301B2E333F,0.12329195913084526
CC_FF324A4B5CB4,0.11100542611418356
CC_FF3570405583,0.4163335429588395
CC_FF3958C83A71,0.20963052997561665
CC_FF3B0CE20CD3,0.12649781076575137
CC_FF3B794B72F8,0.16413026317109908
CC_FF40AFA25015,0.10737862014509773
CC_FF41DA6895BC,0.08822057415705463
CC_FF4791D6E996,0.05947999806746249
CC_FF49460A1003,0.15611894806688675
CC_FF538598CBAA,0.5322985848124784
CC_FF5C2E378773,0.08588010493855283
CC_FF5D42F25E2F,0.2795700384482576
CC_FF5DDBAF1153,0.10515442345203722
CC_FF6185862D21,0.07374213619956575
CC_FF6841C9BF75,0.18175135330111408
CC_FF6BC4641A91,0.28449136299028144
CC_FF6BF221A592,0.1552962650093144
CC_FF70EA06E63E,0.107266491158909
CC_FF7159CCD4DE,0.28432164899469103
CC_FF738455EF88,0.7105894220304512
CC_FF740C18FD33,0.43233753183662527
CC_FF75B8C60B63,0.11283874390681528
CC_FF77ABCB5316,0.0978142045787438
CC_FF785F248CAB,0.14898959350787128
CC_FF7A6A55F388,0.06744623490351191
CC_FF7BEAD19BA9,0.09091823124836203
CC_FF7F54CCD531,0.7061801577346685
CC_FF81939E2D65,0.05914159522246828
CC_FF84186FF5BF,0.13405268802621573
CC_FF84D6615A66,0.04318209409707234
CC_FF8AD504A83C,0.33735853517946396
CC_FF8B865BEA86,0.06277739506462623
CC_FF906284EACF,0.08412451369960246
CC_FF96DBBA87D8,0.1936951050493716
CC_FF990A1A74F5,0.13136323277106643
CC_FF99581F1B44,0.10000655549725093
CC_FFA5351823C8,0.11505523090942567
CC_FFA60EC3D829,0.24031448018504156
CC_FFA79FA2C307,0.211024141310659
CC_FFAA76724832,0.31634368457526724
CC_FFAD9433FA89,0.1106233746299922
CC_FFB78CBDD6F6,0.07864639973191606
CC_FFB87FE0348E,0.10394327055771355
CC_FFBB42AD6035,0.5709068709810978
CC_FFBE93F5EC14,0.7750857132167422
CC_FFC10C050180,0.06909939635892778
CC_FFC20FCBBC82,0.19062271810788234
CC_FFC53991A2F8,0.37473384740520155
CC_FFC8543EDC13,0.5138029013575174
CC_FFCD95C3DDE1,0.11912500418925805
CC_FFCEB3BF3EC9,0.07142867152954052
CC_FFD453AE3223,0.23486845139243112
CC_FFDA941BE8FD,0.07110256060749905
CC_FFDDFEEC47D3,0.23306844790933462
CC_FFDF192A22C6,0.07432737806651993
CC_FFDF7ED6D2A5,0.0696675189733041
CC_FFE60BCEF78E,0.08188736502045454
CC_FFE98EDF9FF0,0.17035993867811408
CC_FFED2878DDA7,0.20519031041947966
CC_FFED9CDFB0DB,0.06952942205672367
CC_FFF1E17CA6A7,0.686032682987465
CC_FFF3AD146FAE,0.7020998588016777
CC_FFF7C7B2FB04,0.08994663426829412
CC_FFF7FD14A18A,0.18881769920543365
CC_FFF97318AFBF,0.3702096368676188
CC_FFFB28EA5580,0.17924197319073595
CC_FFFD3A829DD0,0.2935440252010878
CC_FFFEDC33E37A,0.07992051813325494
