client_id,default_probability
CC_0012A082B7B7,0.1071801056028675
CC_0012BC27DFB6,0.1231306252042864
CC_001563B2143D,0.1153904689765864
CC_001B46930B6F,0.0954948077321007
CC_001D771E1C9F,0.048048272118055
CC_0028BD91E759,0.0708718875716933
CC_0029971D7EF4,0.2222652843368787
CC_002B8C00B239,0.0444437182528016
CC_0035DFA86185,0.6898062462625836
CC_0042D11A6D0F,0.0535346563440307
CC_004D21A4ABB6,0.1322785532029561
CC_004EE05FC2EF,0.4943015019249318
CC_0050E546EDCE,0.7355934418516096
CC_005D7F31F785,0.0660432977031002
CC_0079996ED779,0.1869082587657822
CC_0082B4E1D9CE,0.0490336726361207
CC_00B01C73CEB8,0.1667949726451096
CC_00B74FFEEA53,0.2479058550832583
CC_00BF6791C18C,0.1238785805361749
CC_00C5E30B288C,0.3200782393232593
CC_00C68CE1CC12,0.4113777139463331
CC_00CC4148959F,0.1278008021829211
CC_00D428772D30,0.3385267963900299
CC_00D5806C7783,0.0962245465425074
CC_00D5C677C2AE,0.5218158832842279
CC_00DA781C4D66,0.0895960543463608
CC_00E7E2D6B548,0.2025293125059197
CC_012BC0A68DC1,0.0843585115434346
CC_014911033882,0.1456655328205855
CC_014F7EF4E595,0.6613684180293763
CC_016501B25F2B,0.0549793790528093
CC_016767D9B049,0.0439821411802384
CC_017598512EA2,0.174270350940152
CC_01941532C804,0.2548927763213048
CC_01A66C6E22FF,0.7730218877178602
CC_01A684355200,0.1808575270447797
CC_01AC62740827,0.1170722386486548
CC_01B0EFE5DB79,0.2570035449891368
CC_01B876B2988F,0.2245810790960966
CC_01CBB64C1DB1,0.3583651616912081
CC_01DBD993A1FC,0.0635850085236108
CC_01DC49D55C2D,0.042680242976539
CC_01EF18A3ADBC,0.5278776030664072
CC_020252D37557,0.1806494370362899
CC_020BCDBCA8CA,0.3366540230996922
CC_021A6DD97ED4,0.1457026086714503
CC_022054506F33,0.0782740838905144
CC_0225D6231EAA,0.0603376006083135
CC_024B524B0176,0.0386629330483614
CC_0256303A6DC0,0.2490487782218823
CC_02589E6E4714,0.0550967594098743
CC_025927626E10,0.6986338746462386
CC_0283023DB294,0.041728719519571
CC_02903C6FC0C0,0.2283200065943545
CC_0296E572CF21,0.0452067216067171
CC_02999E509460,0.6623775075750337
CC_029E835D91BB,0.074978534100675
CC_02A32EC3526B,0.1139106935283149
CC_02A393632CD3,0.2982485003584815
CC_02A3E21B28BC,0.735900431293246
CC_02A4B4644529,0.0912473327857932
CC_02B43865B30E,0.0629843471615504
CC_02B5A1A178A2,0.1561037773545378
CC_02BC4785773C,0.2261033729800769
CC_02BEDD9627DD,0.6605502990578374
CC_02CD2C1EFBB0,0.1106926119715265
CC_02D4430492D3,0.3254963799369902
CC_02F79A06858B,0.1012854795952366
CC_02FA254C9D43,0.039404934430635
CC_03062402B4EE,0.0642839026390507
CC_03072CF2EC63,0.278127149624651
CC_0315369B079D,0.0982459566035465
CC_03199242A810,0.1627491460703671
CC_03214BA76DB4,0.2002268919852623
CC_032735A44CC6,0.0683817459403792
CC_0330340F2FE5,0.1642712123404354
CC_033236FAAFDB,0.1981929647807169
CC_0337298F948C,0.0451385471505136
CC_0341CAE5E2E8,0.2157116257869899
CC_03434E2371CD,0.3714015885123291
CC_03547AAB948A,0.2137476876619347
CC_0354D0453D8E,0.1204592075787437
CC_03592E51F427,0.7135132526688251
CC_0365DEB525A3,0.0874326301695752
CC_036782052BC9,0.3348062212977023
CC_036977A50F1A,0.1442230615488445
CC_03720D08B8C2,0.2452935766648468
CC_038AE599BCA8,0.2475189866915311
CC_039E67CDFE1E,0.2998748103023249
CC_03AC962FC717,0.1804709833141903
CC_03B00DFA3A85,0.7610201342318041
CC_03BC6380E968,0.4944259220810471
CC_03BC730E0B02,0.0374286798808557
CC_03BD4F22DA3D,0.137370428616384
CC_03C7E1EF6F69,0.7849640573047582
CC_03C9FA383477,0.0874301933781988
CC_03D1AAE90CA6,0.0588038707201798
CC_03DBB9598F39,0.1414596493449808
CC_03F18B43797C,0.1202659444115985
CC_03F80118E46D,0.0773323288515757
CC_0405E0151A6D,0.1470970261132707
CC_041FEE6C805E,0.3497073981672312
CC_042F88EE269B,0.1813990281623866
CC_043D98ED7F98,0.1882601415235837
CC_044C3537B769,0.1827690608159948
CC_045932C46685,0.1402076870408034
CC_04629624AA8D,0.1836973703274009
CC_04690B4A6AF1,0.2491837126353385
CC_046CF40369FB,0.1094547873056289
CC_046D6EC816AB,0.4204682335214789
CC_0475CD95EDC9,0.1294786207339813
CC_04796F06B82B,0.1440610219625041
CC_04AC7C1CE736,0.3773755006121987
CC_04AEDD051B96,0.3202062819960687
CC_04B42AD0E01A,0.2990710872315993
CC_04BBD1DB360C,0.2924808775392498
CC_04C767FFDA0F,0.4664960885669974
CC_04C7B819B9B9,0.1233666917438754
CC_04D127A775DE,0.1281585588058569
CC_04D9ED00053F,0.0676387360352323
CC_04E0EFC4F548,0.293726637931758
CC_04E6848903E8,0.0496961969685153
CC_04F69D03ECE1,0.2355056125798879
CC_04FA1CFA1DEB,0.2027059324731656
CC_04FA6842AC62,0.038842623516482
CC_0502F3791166,0.3241098991116898
CC_050B514E15FD,0.1641216192946037
CC_051ADBD6D835,0.1185614173202928
CC_051B4644216C,0.0661591703918232
CC_051C0A644DD3,0.0346039707994233
CC_051CBF566856,0.0452304211493195
CC_051EEA9AE819,0.1668629258143263
CC_0520E27BE904,0.190880505630816
CC_05224448D290,0.1251151958441429
CC_0525DE4744C0,0.0502627065828833
CC_052F5CD81EFE,0.1793921643433636
CC_05368FAD2E6D,0.0816797391409393
CC_053788B82006,0.093686029604513
CC_05471A48C6F5,0.1701187514645811
CC_056DBA1A87BA,0.0757730464961926
CC_05901F3E7A0D,0.2013303769179743
CC_05906BC8ED3F,0.1543743653807813
CC_059D55E32C78,0.0800414298242397
CC_05A12EF84A86,0.4810347920171071
CC_05A42D035609,0.1427035850645498
CC_05AD75A5CE38,0.051056679222422
CC_05BBD4B92613,0.5305378652694435
CC_05C8EF6500D7,0.7656850175990932
CC_05DDB7B07497,0.0691772008757208
CC_05ECAE6E0774,0.2174551550347453
CC_05F11F14DF9E,0.3234043778660336
CC_05FA9192590F,0.1540867311652419
CC_05FD764FB154,0.7477462670977019
CC_0608DBB4DF03,0.2689826262643044
CC_06198383F6D4,0.1234022945364816
CC_06199EBE2B05,0.1788671212133723
CC_062A8881A331,0.0692002348847238
CC_062F74350907,0.0608256739669894
CC_0635AD30F004,0.7622774751637332
CC_0639F539946C,0.3597944043029031
CC_063DDB42CF5C,0.072312926977123
CC_06405C00E240,0.249758796003349
CC_064920FC9DAC,0.0765223082571654
CC_0650AB329174,0.7677079989802411
CC_066941B109B9,0.1851648016430369
CC_066AA16F5874,0.3176573968153751
CC_06732311FB8B,0.1823960046449297
CC_06780061F889,0.1169524281101694
CC_068A81B06B74,0.3875692498460213
CC_06A1C5FE269B,0.2898572124475378
CC_06AA7138DAF8,0.040486943699919
CC_06C0DD0D066E,0.7038508926855943
CC_06C97CFBD476,0.1678723184584151
CC_06D15F523C05,0.2039173491199828
CC_06D35787AD65,0.0440545972235775
CC_06DA375201A2,0.0881876603389372
CC_06DB455FF19B,0.6611948072914993
CC_06F3674E7313,0.5026101634347687
CC_070232DF9996,0.1500695176785143
CC_07141FA77DBF,0.1701649013380024
CC_0715F11CC8CA,0.2164142538980872
CC_07168A9C843C,0.1875694249129608
CC_072AB9F855DD,0.0454004298311545
CC_07337AF6AC2A,0.1277594873866963
CC_07434E4E5C28,0.071123061754662
CC_074381358A2C,0.0367401003908913
CC_074E7CA75E8A,0.2323006904023649
CC_075D0C618BAB,0.2285113292033905
CC_075D804F7851,0.100385770482545
CC_0765961D818F,0.3974253046852199
CC_07698F10563E,0.0699595281274076
CC_0773B9BA9E18,0.2725121693893015
CC_0784ABDA7F8C,0.181712575383439
CC_0790C9F9EC9C,0.0858948882442431
CC_07A996E6CA6C,0.2093124332615047
CC_07B588ED677A,0.1905083101176006
CC_07B730FD7F82,0.1508654895638207
CC_07BE6961D039,0.0823862010542906
CC_07D23A6BAF5C,0.117676268151866
CC_07E08196A3DB,0.0528258160615872
CC_07E4850039B3,0.0996611699742176
CC_07FAAF8B2D23,0.0482772030476094
CC_07FB3FD9BE0B,0.0984449715204233
CC_080CB94A724F,0.339478500409089
CC_0837C56711FE,0.0908520325931979
CC_084100A049EE,0.0527209801365202
CC_084113D0951B,0.2178772517762972
CC_0843DDCDD601,0.7072469336012657
CC_0846C14EAAFE,0.0661944620015791
CC_085091ADED2C,0.2195345178339425
CC_087943B4A5D2,0.1471508653300119
CC_08A97B98C405,0.1604395044251342
CC_08AA321BC4AD,0.216033740575408
CC_08AA44ECBDD5,0.0579875255779214
CC_08AE2EE9D798,0.2135770682411047
CC_08B149462891,0.1679057227130346
CC_08C71A8D2D58,0.0578185967436457
CC_08D645F7B257,0.0606003123950371
CC_08D80BF0B273,0.0470037885270072
CC_08F52B1BE431,0.2888371466214974
CC_0903571AC7E7,0.138594655044928
CC_090D528C09D0,0.4113258619612457
CC_09106BA6CFC9,0.1041769905565091
CC_0915905A5D48,0.1054666082633443
CC_0918F67CDF01,0.1520058462621743
CC_0925D0B6276C,0.1414828806638853
CC_092A2830E36A,0.7696917252274357
CC_0951489C8F79,0.0391807154244595
CC_0951FA4D5513,0.1207687807713766
CC_095C712064EA,0.0896317699665028
CC_0969AA7BEC71,0.0810833717300861
CC_0974840BED49,0.730681567043264
CC_097BD371F652,0.0873303461298597
CC_097C8139DBD1,0.0616595303449024
CC_0981CA4DBCE0,0.0370669861247727
CC_09A5D2F129A4,0.2911971652039645
CC_09A9BE38080D,0.0850142513803832
CC_09CDC42E000B,0.196336202194964
CC_09D8DBAB2A42,0.1054647134901785
CC_09EBB1960580,0.0465948796661171
CC_09EBF206FEE6,0.2062120095817416
CC_09F2AE996181,0.0864024633226688
CC_09F45833F53F,0.152022012429712
CC_09F4F5C5B4EA,0.7491793552557381
CC_0A04BF4005F8,0.1942072115052045
CC_0A0E563D1060,0.0897893580595855
CC_0A0F781A999D,0.1993612440590931
CC_0A1138C37BC0,0.1790730858975281
CC_0A334A16524B,0.0597573153277684
CC_0A359CD5D73A,0.0986659286978712
CC_0A3E2C273DB5,0.0758195097865245
CC_0A4705B1E08B,0.0490730203638998
CC_0A67EB7C5282,0.1496669803223625
CC_0A6CD64871E5,0.3790258515654614
CC_0A75643FDC7B,0.0653856863718583
CC_0A8066F501AC,0.0498393222652773
CC_0A83017D027D,0.169639971882014
CC_0A9AB7441D5B,0.3320071253896313
CC_0AAA72FA148E,0.3436423025316908
CC_0AAC488C8AE4,0.4312136524283643
CC_0AC2DB82398C,0.3262480466602096
CC_0ACA2C49A497,0.1313496714832825
CC_0AD4BBEA75ED,0.0440128515448367
CC_0ADCD6553B8C,0.0619156211042868
CC_0ADE56B56C41,0.0434962467832736
CC_0AF4B5B4162F,0.7282477494632715
CC_0AF9BD814AC7,0.1057314025607805
CC_0B083BE0FEA3,0.1231314327114617
CC_0B1384331163,0.0635156733484574
CC_0B216C6AF0F2,0.0378539743956433
CC_0B3465DB0684,0.596579204607564
CC_0B442B91679E,0.1692889240053466
CC_0B455175F494,0.0942558105069027
CC_0B4C01B4002C,0.1921860068180071
CC_0B544A526D6C,0.0670200036863492
CC_0B5B19AFCD18,0.0649908220658976
CC_0B5BD2D224BF,0.0601941655423846
CC_0B6407C2C9BD,0.1492238225583155
CC_0B73F59991EE,0.0914976979302249
CC_0B7579216681,0.0918771283990628
CC_0B7F3B4B32C1,0.2121750436859533
CC_0B830A67900A,0.135934993363787
CC_0B84250F96B8,0.2845749855668835
CC_0B92212B8E27,0.3082963410455183
CC_0BB43BC4B3BC,0.1102148644307023
CC_0BB992973640,0.0618290701175827
CC_0BBC41297846,0.1120329836705265
CC_0BDDB468A1E0,0.3047406910485883
CC_0C00A631C2B4,0.0976648383878622
CC_0C011AF6C857,0.3302921511827507
CC_0C0459AB67DE,0.1314255622839039
CC_0C18B07E451D,0.1268754689662963
CC_0C19EB845CA2,0.2379530613889356
CC_0C1A736F37CC,0.0821892148900206
CC_0C335C9D86F7,0.7691776522973974
CC_0C4C24D066E9,0.1933517743123418
CC_0C5499989AF4,0.1774495721463576
CC_0C95548CC1BD,0.1454273368927613
CC_0CA2DE660B41,0.2666434455205346
CC_0CA6D8CFCF2B,0.2136432034041472
CC_0CA9DF9C5C15,0.0797645819977841
CC_0CA9F52C92A8,0.1518532565572832
CC_0CAFB6C41CE7,0.1282320092200659
CC_0CB27D5313F1,0.5264751050174076
CC_0CC9DDDB8B44,0.0545791547846764
CC_0CCA18595BA5,0.1910172988504543
CC_0CD90568D3E6,0.2459858835178493
CC_0CE0D56B0584,0.0652593227045707
CC_0CEA028BF961,0.2462928142820939
CC_0CF67D68AF16,0.3750431684186889
CC_0CFAA0FB0691,0.0720825024898687
CC_0CFFD2785D2D,0.0749156204434212
CC_0D28AF91CE97,0.1171116709689939
CC_0D34E55A580B,0.0998397384369157
CC_0D3663B6524E,0.6833522075689703
CC_0D3C2864ACD2,0.2636979552203065
CC_0D5F4BE8132C,0.1599307817008948
CC_0D6D5ACB0889,0.2559980555992532
CC_0D7BFE8CC0D5,0.1399895275468324
CC_0D8852AAB481,0.1968834363846557
CC_0D97EF394C79,0.410877147149746
CC_0DA8FDDE6DD0,0.0700444567687084
CC_0DABB89E37CE,0.0870868655537532
CC_0DAF0F2FAA86,0.0900352281764368
CC_0DB9E5F8EDAD,0.0828243041072485
CC_0DBC64F88C05,0.1396597780700854
CC_0DBDF018E822,0.1208760142133303
CC_0DC31A5A1096,0.0518801302011996
CC_0DC3870F23D0,0.0418272350184505
CC_0DD39F5D7C0D,0.0623587269982814
CC_0DDC2C18BBDE,0.0585906446133735
CC_0DE09CAA93E5,0.1483649120995988
CC_0DEA4477FDC1,0.1273243465820605
CC_0DED63EF6639,0.2013951164683553
CC_0DED7DBF26F6,0.2568431593371529
CC_0DF01CD21B9D,0.173524269658149
CC_0DF6A478C01B,0.2161050687154972
CC_0DFE1A3FA5AE,0.135364893185085
CC_0E07D5FB24B2,0.1354589200736689
CC_0E0CD9F23A5F,0.6884298277973562
CC_0E121FCB1D47,0.0835257211899045
CC_0E1423A4C263,0.2093553413036782
CC_0E16883EE8E6,0.3996105775135566
CC_0E1A2BA1C545,0.2060585687900257
CC_0E2B52BBA69B,0.0599565925481285
CC_0E40BAFC3530,0.1573153000542053
CC_0E48EE235179,0.0911479710070123
CC_0E4FA0FB9797,0.7159262500997359
CC_0E5162F59924,0.7420419761300974
CC_0E5E2FCAC8C2,0.3042527352039974
CC_0E68C2BE2A75,0.132285125872881
CC_0E6C5A8D8CE4,0.1100679243649917
CC_0E6E9B0E674E,0.1040450799635617
CC_0E746EAD6CE9,0.0810001349779351
CC_0E968E7C22C1,0.3985522225949212
CC_0EA1483F50A9,0.1637884736410566
CC_0EA81362C7D1,0.1406184226440883
CC_0EAE97520873,0.3439473762638153
CC_0EBCF4228FF2,0.4728173274744637
CC_0EBDEFD0BDC2,0.0695460175918302
CC_0EC6AEDA63EC,0.2574561250683695
CC_0ED61DD76795,0.1010083601273413
CC_0EE33B1B71D5,0.1283290538429576
CC_0EE7EFF13EBA,0.0537050195854291
CC_0F0F136B0991,0.1551710410262292
CC_0F0FAF218BCB,0.0566485107343958
CC_0F125B48F175,0.1151463402890641
CC_0F292A238627,0.1266792796199498
CC_0F2949A1746E,0.08437159975599
CC_0F2B71163121,0.0861616887145706
CC_0F393F1DE2EB,0.0639434898392071
CC_0F41B187053C,0.4616898194054578
CC_0F52EDC9D383,0.1056041460159938
CC_0F62C4F36236,0.0987038482297558
CC_0F6A29CE5D45,0.183391468830986
CC_0F7C0515A6CF,0.160208178992651
CC_0F8D6C89202F,0.1958498214236459
CC_0F933684CC08,0.19795003685147
CC_0F9BA54F2AF6,0.0478996990428554
CC_0FA06CE7FAE8,0.0453334560743205
CC_0FD25AA655DA,0.158768860324278
CC_0FF5570E06EC,0.7014038694243031
CC_10197FE0E34B,0.677789454854369
CC_10355B5718CD,0.0901322843203072
CC_103A9D18EC12,0.1861161599655665
CC_1040DB6A21EA,0.1255204651238477
CC_104D2B84FC4F,0.0425111074331592
CC_104EA2802A11,0.0798227204645394
CC_105777B1BF91,0.0669098990889287
CC_1059F1B6C0C3,0.1554008953919628
CC_1061947FDD14,0.0631496792577914
CC_10689257E68C,0.4185719187993992
CC_106BFCFA7D7B,0.0409469942163494
CC_108FA04AC10D,0.0938147707055058
CC_1092915D0093,0.1142480753264312
CC_10A30F88E157,0.1458086333433377
CC_10A657027AC9,0.7512721967234585
CC_10A6EAF27BF3,0.0515515479409497
CC_10B148BED568,0.3446323040780522
CC_10BB7101F191,0.0648867153695608
CC_10BC5BC3A9AD,0.3216158236367612
CC_10F27C70AB99,0.1129103419844778
CC_10FADDF63CDC,0.1768080283123919
CC_1107D9301AA0,0.1099634935095268
CC_111A6DE5D9C7,0.7492299118522765
CC_111DC3B1756E,0.2788697049159531
CC_1131156CC6F6,0.1478170502936754
CC_113B66D5D5D9,0.1390957473991628
CC_1143254EFF36,0.0516687312277026
CC_1145E5277FA7,0.2922899809218295
CC_11521077BBB0,0.1347959417099528
CC_1154861ABCCB,0.4877435025829836
CC_115BCAEAE2A0,0.0827483770170041
CC_115BF13E8BFC,0.2349529416927497
CC_115EBE5044BD,0.3399749975857721
CC_1165AA07FC47,0.7159925022212605
CC_116EE8219753,0.0580634117317932
CC_1176FA3233B3,0.0585180583744689
CC_117C2A1587ED,0.0912252617085464
CC_118C0A1D14B2,0.2906991255987725
CC_118ECB589F3C,0.1068254965976475
CC_1190F13FB1FC,0.1398058970425731
CC_1192EEC65A1E,0.2394473425794328
CC_119B1FEC4D83,0.2425836256032447
CC_119C413C2580,0.1693956324933468
CC_11AB74142A2E,0.7810414636581641
CC_11C8A291FD11,0.1619185907029796
CC_11D1E9C39E41,0.0796379304115764
CC_11D600EE1BD6,0.1759138811077261
CC_11D7539AC69D,0.1932406918414734
CC_11D78BB50016,0.1624917417772452
CC_11E0C583685C,0.1034615305907396
CC_11E0D2F15AA1,0.0444189358222413
CC_11EDFE67C719,0.6542764211396591
CC_11EE85F284B8,0.1956637608915665
CC_11F700202C6D,0.1552812019389628
CC_11FB668DF543,0.115504682172245
CC_1209FA26609D,0.0412319022867972
CC_120CA1B916D0,0.1085763667567625
CC_1210186F4D33,0.1049472217882173
CC_121F621374FC,0.2049692210206399
CC_122532C1FBCB,0.1185988166219718
CC_122B19CBC88C,0.6504767796285966
CC_123C7F0111C7,0.5609605244574716
CC_1241EE42F174,0.1283212903634025
CC_125B7100F1DD,0.1498156308591731
CC_1263B255B3B5,0.1506902716933113
CC_12878596E940,0.0656340854193588
CC_1298ED71A9E0,0.0600343337347601
CC_12B555C6F086,0.1486919851034472
CC_12D22C629874,0.1578104089510447
CC_12DD89EA0C14,0.1734698493370179
CC_12E24CDE2684,0.2064234263053187
CC_12F3B7309455,0.5366189858620826
CC_12F8E7A4BBE5,0.3351175498873147
CC_12FDEAE4873F,0.2147061761098164
CC_130F7B067939,0.4062330183179394
CC_13209EDC85EE,0.6678138230027599
CC_1332B6F0E543,0.2319765797597811
CC_1334E256AEBC,0.6238150664436407
CC_1337726B2AE6,0.0904770835486726
CC_1338237BF402,0.1706187228869128
CC_1341DF38D9C1,0.157168647051265
CC_1342F868176B,0.6721753661354676
CC_134651CCD2F8,0.1520990140725635
CC_1363E3090578,0.0611606814601211
CC_13736493B695,0.0712736861655278
CC_1392DE633D4C,0.2990633903125129
CC_139ED2E0AD76,0.0887656964109984
CC_13A5383EA098,0.5811237684929536
CC_13AA272C6861,0.0767671874473417
CC_13B74E4EE3EF,0.2403286307636792
CC_13C437E86B81,0.525954302806735
CC_13D61B077E7C,0.0733397740421006
CC_13D7115A8FCC,0.1741919378927277
CC_13DFE319B21E,0.7779464603392854
CC_13E0F0B3FAE6,0.2342254435710516
CC_13FD88C2920A,0.7259789842657541
CC_1401CB818627,0.2171254933010624
CC_140B86E74F74,0.7837729629317901
CC_1452A0B69085,0.0430080624527687
CC_1458CA7329A7,0.1940431824201635
CC_1459E7125AFB,0.0883574549553837
CC_14633EC7F622,0.4055308638419631
CC_147B1B30DE7F,0.1169586402630475
CC_1484511F54C5,0.2651002744944772
CC_1489A941A69B,0.2642345117400941
CC_14A8B16706E9,0.074924027861164
CC_14BE52BADB77,0.1009725238136573
CC_14D53413FBCE,0.3261289152969385
CC_14D59B58E51E,0.1898235378293122
CC_14D964327B1D,0.0644764846301739
CC_14F5D06CF093,0.1369636914662697
CC_1501D63D5A80,0.3219539097480753
CC_150E3A0E5084,0.2202232106798913
CC_15152312AC56,0.0547639032497519
CC_1522BA0411C3,0.081237235352637
CC_1534B0241A1B,0.0541912872823521
CC_153BE2BEB74C,0.1398087087392924
CC_154BBCD4DCEA,0.2334010084540976
CC_1552EC27FC0C,0.6860121995936999
CC_1566BFF4BCDC,0.4169255072789473
CC_1579BD86A63D,0.3485731117963969
CC_1583CFD90530,0.2341902128872187
CC_1584385F38C8,0.0673652427912299
CC_159656F13BE8,0.0981103626277477
CC_159B6F6AAF1E,0.1059626616258479
CC_15A4934FD96E,0.1279835266954629
CC_15B2140CE869,0.0853581049839981
CC_15C0972DE384,0.6095008265251932
CC_15C0E30FF2DC,0.1148690889397486
CC_15D617FAB434,0.0527924566803277
CC_15DA0F4FFF0E,0.3205220905966964
CC_15DAE76D15DF,0.0501605776407198
CC_15DC7C139EBC,0.3341889913093604
CC_15EB741857ED,0.0780067865977773
CC_15EC51F4C521,0.3173758214154553
CC_15F6259C7C53,0.0820705887718294
CC_15F7C012E10D,0.4301675142786538
CC_15F7C1BEC28F,0.2050463528463563
CC_15FF58854AEA,0.2513665608855372
CC_16035CDDC2F6,0.1183928506529911
CC_16095572722B,0.0535040448017221
CC_16109F1CE0A6,0.2104230909417946
CC_16150E74E4DA,0.176721060982848
CC_1629E47AFBA5,0.0821742057181309
CC_162F4582D06D,0.665441060525656
CC_163194DFEDDA,0.0448393424307601
CC_1640F01B7730,0.1167796252616466
CC_16460554039F,0.0399406206903925
CC_164D308CDE41,0.2051219736782742
CC_1661041F819B,0.759140911772244
CC_166829780A76,0.1139785389730142
CC_16798666E855,0.100310318359067
CC_1684B5493414,0.2088709485666418
CC_168A8907C8F4,0.0779443283185785
CC_1690EC56D088,0.0602831314770573
CC_169853EEAB4A,0.1050441661331063
CC_169B7FD839BA,0.1635523940633258
CC_16AED1A3008A,0.2139451097980081
CC_16BAC7837C73,0.1394010530434939
CC_16D57E1EEA01,0.1422477557246984
CC_16D833E56D7A,0.1848574001274578
CC_1702487A047B,0.2256495654521813
CC_17029F78E70E,0.0592664373283955
CC_1702F3E986AE,0.0676565904932865
CC_1707181BB559,0.0458152661606293
CC_17117BF03935,0.2712305254344535
CC_1723E40C3D40,0.2342753795973292
CC_174FBBE9ADD9,0.1612621630077587
CC_176E6E58FD1E,0.0999879042370363
CC_1783F37259BE,0.0757888406065386
CC_178B135605CA,0.102170029280817
CC_179AA5165026,0.3696627011042929
CC_179DBA1C4CDB,0.2824968489832259
CC_17A1090B69C9,0.100339904307641
CC_17AA1A4C904D,0.1748143772366128
CC_17B06C06FDC1,0.1427426360636721
CC_17B89AC1FD03,0.2262727404910025
CC_17DC33AA73F3,0.074732912591831
CC_17DE4D267831,0.0915816956018525
CC_17E929BE0344,0.3528378094271475
CC_17EB83DECE5E,0.4027394814451249
CC_17EC9982E5A6,0.1690678634318338
CC_17ED5555B4FD,0.2409868017797108
CC_17F4292DAF8D,0.1234846054736372
CC_1807B0980C86,0.0795283168409388
CC_181354A58B53,0.0905132382426228
CC_181E7266E018,0.1010924137143386
CC_182AAE7CC3CA,0.4615868563416632
CC_183EDEDC5DA7,0.0906319084191161
CC_184C47552665,0.2207762091880993
CC_185A7392A475,0.354634945918779
CC_185FEFD3233A,0.4459849544543723
CC_18676FE5FC07,0.0833518453684107
CC_18776C4FDE28,0.0866587397792135
CC_187A8AECEFBC,0.1710593363114304
CC_187E7D0B4E82,0.7379393288890732
CC_18839D393105,0.1501507453590988
CC_1888476F6CF3,0.1138859098005915
CC_188B1ED2AAA5,0.3228151436259832
CC_18A4257C3172,0.3113311641784647
CC_18A7929D9FC9,0.3244543572724821
CC_18A8695F185E,0.116206440344034
CC_18ACE64E8F74,0.2275083432633343
CC_18BF4A29BB38,0.13907047718402
CC_18DE36F7D294,0.1777331750766029
CC_190EB07AC1FC,0.1267160391677196
CC_19219F2C60B7,0.2234853248828012
CC_192262DB0B0F,0.0765050222382671
CC_1929746E06CD,0.6427523901018318
CC_193356E72D61,0.7310296070125615
CC_193938E8EA40,0.2002677812173692
CC_193C60092202,0.5139228974460793
CC_193F669537D1,0.1961578125697862
CC_194E13150BE5,0.0764554434813728
CC_19556DDCCDB3,0.0410783515894262
CC_195A6E9B48A2,0.123135039396996
CC_196DEC616B33,0.1144854508264735
CC_1978B23D64A8,0.1085156334495286
CC_198562A4BD86,0.1340333356153537
CC_19864C9572BC,0.1624883219868053
CC_19868B6887C9,0.1197681415667096
CC_19969E05AB2B,0.1658370252423496
CC_199FC89885C7,0.1282972072718237
CC_19A40411B404,0.2196538853848663
CC_19A6D9B60B29,0.6893357871612448
CC_19AAB010550E,0.0576581482396642
CC_19B4743DFEEC,0.0773628484145668
CC_19B95A61D757,0.1790222612702063
CC_19E6A00F6A5B,0.0738034508678667
CC_19E8DEC29F47,0.6087699342224012
CC_19EA54976042,0.1659458630646713
CC_19FBBEA75B7F,0.1482113423894873
CC_1A039E58840A,0.0696993163682253
CC_1A075331756B,0.1476699589871373
CC_1A1E1302C432,0.1699367689004999
CC_1A37690EAEDB,0.1917928279607125
CC_1A3BF9F5BD42,0.129834004441215
CC_1A4268FEB02E,0.1878908003930531
CC_1A5F8618A912,0.3877136294087351
CC_1A659D4D521E,0.3735999476830192
CC_1A879655902A,0.0710434673810598
CC_1A9F6DA46BC2,0.1115666458047052
CC_1AAB15E81743,0.0422249333683149
CC_1AAC389EF8A2,0.2624324645934185
CC_1AAD0CE365D9,0.1799233744275273
CC_1AAD9152C90B,0.0537884970357614
CC_1AB15BDA9296,0.0712723891348952
CC_1AB8BDA3041B,0.1902178544512709
CC_1ABB9CB074E2,0.7336822058778254
CC_1AC1B1A3978D,0.0648465542779853
CC_1AD20D1F9C08,0.7204768666793226
CC_1AD881A90D1A,0.4094602438289765
CC_1AE9811724DD,0.6956771717402336
CC_1AF1AAAB9D12,0.7350094579728252
CC_1AFCC4D0ABD4,0.1485790732320847
CC_1B08ADAFD1C4,0.1696252812142934
CC_1B10139C7917,0.1170767281041229
CC_1B127133B948,0.1500801339240484
CC_1B25964EA376,0.1876455883386535
CC_1B27A85C7244,0.1736140586170557
CC_1B29F4378A34,0.1124370773485958
CC_1B2EC0BD0677,0.3106431604610936
CC_1B4AAF37FB97,0.0776220147520646
CC_1B5E792F6E6C,0.2496887973105088
CC_1B7166DAA790,0.1628503795834837
CC_1B89FD901C95,0.0885486509819899
CC_1B91E3A70338,0.070445121997764
CC_1B9D9B7184F7,0.152120697972412
CC_1BA3FDD92B1B,0.0687399145452583
CC_1BA9B3D67170,0.1565551112211396
CC_1BAF97E2BCF2,0.082873174982684
CC_1BB7D8A54021,0.0968449022893525
CC_1BD548A5FEF3,0.128431888667518
CC_1BDF1893ECEB,0.3119389487829134
CC_1BF117A8AF9A,0.0719225440083969
CC_1BFA7E407428,0.7264855071000704
CC_1C0066F472E4,0.7277904445653843
CC_1C09CC2385AF,0.067373733527378
CC_1C11467AB472,0.6407418395445451
CC_1C1627B7EE6E,0.0504817103515032
CC_1C3259B85E28,0.1661370827631011
CC_1C334ED885FA,0.0426548619659089
CC_1C376760FE39,0.1081071002854403
CC_1C39A1ADF3F2,0.1556982507523792
CC_1C450FC77478,0.133454164435654
CC_1C48409023DF,0.4219746512801943
CC_1C4D03324C60,0.3638614493397252
CC_1C5F1E1028DB,0.0510359372570756
CC_1C6681C0AA7A,0.7685394652561819
CC_1C84CFE19CDC,0.2008994907611126
CC_1C8B3F689C6D,0.2539034254206
CC_1C95674B902D,0.0542221194555713
CC_1C9A4C11F28F,0.1469672585064141
CC_1CA3F50BABEA,0.0892103186707224
CC_1CBF42D35AED,0.624971930470448
CC_1CC11BEADBD5,0.1717626525420957
CC_1CC3CE396A8A,0.2383315941860677
CC_1CD2B13C2E6B,0.092341886815366
CC_1CE0B37CA670,0.0997348696629902
CC_1CF5A99FC068,0.1459130247596431
CC_1CF71AEB6671,0.0837208103547195
CC_1CFE066F5EE4,0.1691678407248037
CC_1D00B360809D,0.0674740061124475
CC_1D1173F82F2F,0.1109071724019686
CC_1D1E06E0B393,0.1453915361763557
CC_1D2789866B1B,0.0853203507575087
CC_1D2DD7DF781A,0.2544034929992659
CC_1D313498A2DF,0.2067055363684215
CC_1D68396533F9,0.3092403999412066
CC_1D7235BA1EAF,0.1997249968428067
CC_1D7ABAF9D080,0.0515489354707336
CC_1D7FA51D0D7D,0.4416456067543731
CC_1D8CFB3589AE,0.0606304905486444
CC_1D9421A6EB19,0.2911252379464867
CC_1DA0AC68719F,0.3816326028398034
CC_1DA366D588B6,0.120087531181706
CC_1DACBFE0296C,0.105613536393105
CC_1DBD6A716910,0.588384236974678
CC_1DCB75B5CBDE,0.3301088896044627
CC_1DCDADBC0E90,0.4281154739146409
CC_1DD11FAF43E8,0.1411767299005151
CC_1DD8064E71C7,0.1523507188137692
CC_1DEC926EE25C,0.1251455760706488
CC_1DECBAE4FC5B,0.0526954774959364
CC_1DFF80E6D4DF,0.0723949094155089
CC_1E025C3597E7,0.2311178493472506
CC_1E082052CCBA,0.6385747304876876
CC_1E0E30441DD1,0.2317908402360183
CC_1E20E200611C,0.1149200067406969
CC_1E354C75EB9B,0.0368795314116662
CC_1E3B2C15EBCD,0.1833427201534469
CC_1E4DF11FAF55,0.2066424811601529
CC_1E4FE60DFD8D,0.722595594428828
CC_1E5A648D299F,0.215564522109515
CC_1E6C0A8B3841,0.6477562201625627
CC_1E7FA6E807A3,0.2186633675998737
CC_1E93F760EC93,0.2577855741631616
CC_1E99F40FA03E,0.0784283556980237
CC_1EAD09DBC23F,0.2301097383407914
CC_1EB3D53252DB,0.2524993034313139
CC_1EC889E04D69,0.0906243055839837
CC_1ECCBF6853F6,0.5363965427372274
CC_1EEC4520436C,0.1819238277498961
CC_1F2827DC99C0,0.1154011216883375
CC_1F2C184C5227,0.0932675939653234
CC_1F3FA8091B02,0.149993584005931
CC_1F4E07BFDC8C,0.0524080166924325
CC_1F4E0E9B54BF,0.0713748082961293
CC_1F55738A6A27,0.3674522199924375
CC_1F65276D0EF8,0.165613968743145
CC_1F65C797BD40,0.0672838242588019
CC_1F668C0AE868,0.0981778860294422
CC_1F6B19A04BD8,0.0558551072333659
CC_1F945A60367E,0.4260318396445852
CC_1FAB6F11DFCA,0.7023166963746047
CC_1FACCCE95224,0.2722446961869115
CC_1FD010E5EA82,0.0716404593049436
CC_1FD2B7BCCD20,0.7079952915243704
CC_1FDAEC3D5CBB,0.1073537713889647
CC_1FDC65FE3DBE,0.1230094897418458
CC_1FE696D8A81B,0.0731105176161675
CC_20027685F59C,0.7498164029558885
CC_2009F3D77774,0.111958632376479
CC_200C552C40F3,0.1185624812090291
CC_201459527065,0.1260803543415391
CC_20275029A688,0.0747738745886715
CC_2028DA597C34,0.2444518064282312
CC_204E557E5046,0.4133753419514193
CC_20542CFCFB39,0.0508567711929284
CC_2060F813C9B2,0.2737666377024043
CC_20813A9A7F71,0.1419270623895583
CC_208429A11E2F,0.1398262948750328
CC_208B0FE7CBAD,0.1075374335597459
CC_209A511030A7,0.0423797962106983
CC_209DD60421B5,0.0749915364376743
CC_20B26D646D62,0.1722237874333105
CC_20C47966B174,0.3154071336820156
CC_20CFE9681E4D,0.0779509659389884
CC_20D4DB0F3E3D,0.0481216359612197
CC_20DD84CE3CA0,0.1157555460414775
CC_20E57CA675DA,0.6336567684218667
CC_20F129FFBE00,0.240731669117227
CC_20F4E0F62D2C,0.084982871889703
CC_20FEE0B2130D,0.5521130485186445
CC_2111B298C212,0.0857212807821612
CC_211315AD7633,0.2274817809147458
CC_211504721E27,0.1792170659501136
CC_2119919BCB4F,0.7785594544361973
CC_21375C9ED931,0.2049544754435582
CC_213D2A5355FB,0.2065295641099945
CC_214B50E48E94,0.1769108100396625
CC_215F86D986BA,0.1206593982347087
CC_21600308F496,0.0414488555816536
CC_2166F3F6344B,0.1268556670433016
CC_2168BBB42053,0.1003358994307681
CC_217030CE0127,0.048084786941363
CC_2179067B405D,0.0488050155796993
CC_219B59B67193,0.1889807272380609
CC_21A9E8DB58FE,0.2010229715407512
CC_21AE679C5E95,0.2364520279060222
CC_21B98D13174C,0.1027449304841744
CC_21C81BC15002,0.1115245930986074
CC_21C9B26CFEA3,0.0729303907741938
CC_21D22081A4CA,0.7143360153296073
CC_21D29CD736D3,0.3195159807016317
CC_21D3CEAF838E,0.1846343491161081
CC_21EF792A3811,0.6785417734081828
CC_21F04E996723,0.4403849896434384
CC_21FB6C8AB8BF,0.4157614724181592
CC_22067686F6C4,0.7041469371056516
CC_2207A39B7BB8,0.1313295128696817
CC_221053121AAB,0.1940404483682183
CC_222423774191,0.0621805917194154
CC_2230EFBC99AE,0.3559494045340237
CC_223BDED2A465,0.2624252635188068
CC_223E3CA7A07F,0.2028789563680237
CC_2250B42E48B2,0.1117834975842013
CC_225935E43583,0.1364344943440891
CC_22781E93CF84,0.1645229506551298
CC_22784AF3CB6B,0.485148418369714
CC_22831690395E,0.1774232839308286
CC_228E6CBCC935,0.6237848818995273
CC_229338EBBA6C,0.0894727522426885
CC_229A63057E54,0.4965451081305576
CC_22A2D8A4B437,0.0873719379005519
CC_22ADE1EE9BC7,0.1161598405057942
CC_22B69E7C415A,0.0431737801407042
CC_22C590B43FEF,0.2800980708398236
CC_22F06379D8FD,0.0413849526772366
CC_22F282264A1D,0.1158254906702513
CC_22FBF5F0E1C0,0.1889182371243294
CC_2302088175A3,0.2187021964513179
CC_230672EAA654,0.0384015480867998
CC_230870B121F6,0.129871428922697
CC_230A051B2B3E,0.0555351029824165
CC_2316F57AFB7A,0.0821726659588735
CC_231D091FCD1D,0.0577514040536849
CC_231FDED1781F,0.2433291527648922
CC_2320053D1183,0.073924200675325
CC_2320AF507566,0.2140786693164793
CC_23321FF41C3D,0.2202127155594256
CC_233470D6BE72,0.6584850925459621
CC_233C8EBC95FC,0.4125895477281723
CC_235F99F13500,0.1678229355553439
CC_235FC02CA52F,0.1957685484309491
CC_236C80CAF53D,0.1578365354568957
CC_236E7222D97C,0.0768792706147441
CC_237B86FDC93C,0.0632914764274728
CC_237E7EB2D7D8,0.1046772238515791
CC_23830081EE1A,0.6186026487337112
CC_23894AAA08DB,0.531871413687329
CC_238CBFD6E20C,0.4394721598048978
CC_2392A4A79C9E,0.0452372683543597
CC_23A474D43C73,0.2170068696135935
CC_23A9CC59BA0D,0.0401758313682255
CC_23B158D8306A,0.1235503348120962
CC_23D147F1870B,0.1624339066788371
CC_23D2E73DCFCF,0.1414180198847042
CC_23D9103D1EAB,0.0405108596941396
CC_23E142182F2F,0.7172862815909885
CC_23E43713A108,0.0433011874809745
CC_23EF2911610E,0.5007283515759969
CC_24056B76BD7D,0.0432759396882439
CC_2416ECE66177,0.1251204129451597
CC_241E65816FC2,0.0737030368144772
CC_241F7E97FBDD,0.0678981992507463
CC_24217201D7A1,0.4231277874708535
CC_242301FCCE50,0.0525823240448921
CC_242C69CF0B12,0.1235677747874798
CC_243B23702DC1,0.1681786534043229
CC_2456B9C796E4,0.1099998257500922
CC_2457D89CB88B,0.5510763255981942
CC_24667210E2AF,0.2329273193343909
CC_2468D206CAEA,0.0581588958052198
CC_2469630A4F86,0.2943381880542615
CC_2469D83D9594,0.0409918852051483
CC_248C65EF54A5,0.6414881999275478
CC_24BCCA7941E8,0.069990663845824
CC_24BDC1CE2A3A,0.1880830561214521
CC_24BFCCDF957C,0.0469742478944821
CC_24CC8A1B1CB7,0.1243925449491503
CC_24D4B1852554,0.1821229152895614
CC_24E65FA5A32E,0.1799352729667454
CC_24EF3EDB6857,0.0464160269070085
CC_24F15A19D648,0.1731385573479318
CC_24F2410B5A19,0.1450989029230852
CC_24F27E7DE1C6,0.4430338496577808
CC_24FFFD0C983B,0.045675833046091
CC_2504E9D5D5E4,0.1595871196449803
CC_250F6A0DB62D,0.061547000654011
CC_2520E13DF0A2,0.7467556934563249
CC_2539C315029D,0.2564851320545523
CC_25519ED78507,0.1996915237261586
CC_255D49296DB6,0.1206966909877062
CC_255DC60FF5BD,0.0399573662870009
CC_2563C9EF9D55,0.0597915525362063
CC_25756EB9651F,0.1258132948976159
CC_257CC46D379B,0.4413207322539857
CC_258D5F80A933,0.6915449692038897
CC_259D87270257,0.2397763161835745
CC_25A41AB21C94,0.2373679986592424
CC_25ABCDCC8B71,0.1000769624542559
CC_25AF0D0569B5,0.096881147370529
CC_25B61D393144,0.1663582226231849
CC_25B95D7288CB,0.3847698175293876
CC_25CE2F2F13BE,0.2431405352951401
CC_25D1A5971976,0.392238822428478
CC_25D411B46F00,0.7311566465734942
CC_25E7A2DC5E41,0.0561601338261338
CC_25F4C8E51AC2,0.4974405265514813
CC_260323EFB122,0.6086869600499675
CC_260F10484312,0.053936513280963
CC_2610D0F1D0A7,0.1710347537765282
CC_2615866F35A2,0.0983180063399984
CC_261DA4E8DBEB,0.1236336727748765
CC_2628F00B0745,0.3577294395227591
CC_26338E9AD15F,0.154657970055259
CC_26346B99BDBE,0.6483206027928076
CC_26351DBC1AF6,0.1433872211294765
CC_2637397AA3F3,0.5708981299948399
CC_26675C32611C,0.6782753112467154
CC_266E49E49071,0.1852342038702895
CC_2696368A4DC6,0.0398185391469864
CC_2698641B68A5,0.1317995828244425
CC_269C5AE6A1A3,0.6625080192568756
CC_26A06AD1206C,0.70636353354425
CC_26A358B0C10F,0.1589852023561796
CC_26B07CB02EA3,0.6311605290141171
CC_26B638BEA8CE,0.1041169477480158
CC_26C33B649FC9,0.0730931263291162
CC_26D5B969A36F,0.3274855911769194
CC_26E3A1226C2D,0.1851825662132407
CC_26EEA3F0224A,0.2160373544170321
CC_26FA5E5A718C,0.1545485687844339
CC_26FE119D4919,0.0539459286658823
CC_270B462BAEF3,0.0399649356838587
CC_270D929FEA9F,0.0703056944677893
CC_2731AD82BA11,0.2030537239224
CC_274144AE3E86,0.1284201272350961
CC_274AE6E82879,0.1768737582127939
CC_2757A490C5E1,0.1187216799507597
CC_2766F6011BD0,0.3864981380262986
CC_2768E644C697,0.056985357988063
CC_2770DF70328D,0.0609518940510701
CC_277503968C44,0.4990845569555047
CC_277CE974AA8F,0.2647336486569959
CC_277D246E39B9,0.199081301957145
CC_27A1CC725B7A,0.0753468129474579
CC_27A798829CA8,0.7123548908793331
CC_27C938FC8DC6,0.4353847147878204
CC_27CA2D819E7A,0.0745856355384733
CC_27E3712F0E38,0.1699561767688339
CC_27F3B3F43FF9,0.0431034420459649
CC_27F9832EAB8A,0.4828430984658867
CC_2809CC131F3A,0.7110387119982868
CC_2812523510C0,0.1473199852215683
CC_28151C75756D,0.0501256800888994
CC_28203CC976F9,0.1281429229524189
CC_282AFAE06F96,0.0989728637093882
CC_282C2404F4C0,0.0747872794147987
CC_2834BA2F19FC,0.2283678081675586
CC_28432E22F47D,0.5572365775489763
CC_2844882CC439,0.0569136144657382
CC_284F79726032,0.3691390827451833
CC_28544783AB15,0.4090143704643962
CC_2856104729EA,0.7279026316188697
CC_28625CD86761,0.2010469707323855
CC_2866BDB46FB1,0.1210133887898163
CC_2872415C6B36,0.0857112083071478
CC_28752737647D,0.6242947295351946
CC_2875C281EE88,0.058706233775659
CC_287E3E9EDAC9,0.0797228133887451
CC_288A2C49D62A,0.051358856569608
CC_288FA8CD819C,0.1766186353832713
CC_2891894CCED4,0.0796830639007117
CC_2895608A9699,0.1157343522448998
CC_28A2EF7926AE,0.6112001922152018
CC_28A7DBD2B710,0.1686121193842366
CC_28AD81DF2C51,0.1611993611158009
CC_28AEC29CEC25,0.1745076627900848
CC_28C1C3DF7928,0.0998170593562841
CC_28CA76962EC8,0.1959350551826594
CC_28CD47803B6A,0.071962952140717
CC_28DF569DBBE5,0.0761463956311579
CC_28DFE611C657,0.1152736865287617
CC_28E11E6A6C8D,0.1655192188508135
CC_28F58ADC7CBC,0.176506409194083
CC_2916479EBC84,0.1607674268807018
CC_2917C6CB0B2C,0.1377420717762242
CC_291C7830D4B5,0.3394496065012046
CC_291FE1744E5F,0.0896157605946813
CC_293124F1ACD1,0.1304147517694968
CC_293C2D704AA9,0.2800881830548656
CC_29432A6B2555,0.1250125207650842
CC_2944B427406C,0.1821815734413088
CC_29468B7035D6,0.088311929565
CC_294A9A24E473,0.0660485311908173
CC_294B94EB0E07,0.161925448713558
CC_2967C29E4C3A,0.1272272399014456
CC_29716D5835F4,0.2006663335102644
CC_297179FF2BCC,0.4099157116000669
CC_29803690C939,0.2058203022095118
CC_29821539DC4D,0.1422528236535085
CC_2983C1D2A273,0.1550469036662475
CC_298CAC5A1868,0.6354605185279532
CC_299EBE0FB429,0.1770990424608654
CC_29A1C0073882,0.4399198282740816
CC_29B6065F187B,0.3305166684457681
CC_29BC66C10F87,0.6620777763887429
CC_29BF3C3D9682,0.2079783743868292
CC_29C4425FB2DA,0.1668681846593454
CC_29C5D0D72D61,0.1689046745430832
CC_29D65E313500,0.1313294587606334
CC_29FD856F47A5,0.6618908565696677
CC_2A097F88615A,0.0982573526036433
CC_2A0CB4CE1A48,0.208107745761039
CC_2A14C1652D6D,0.2039493876715087
CC_2A1F96F80938,0.1237361013383333
CC_2A23F71805A2,0.1410678166420552
CC_2A2BF2FD0498,0.1357321051620256
CC_2A358A1D3DDF,0.6378380358091501
CC_2A3E371F0DAD,0.2221789916815882
CC_2A423FC8A330,0.3190867732977831
CC_2A43368D54F9,0.296730658739865
CC_2A47A21C0E07,0.642784432659241
CC_2A4CB02E7A1E,0.128309763535946
CC_2A510080BA29,0.1807259007329649
CC_2A5316E550F0,0.0867101929811738
CC_2A59695EF90A,0.486001898109039
CC_2A606D00CC46,0.0472098147182117
CC_2A6C69145AE0,0.0911204210835007
CC_2A6CD71471A6,0.1070891729930491
CC_2A70D6EF64E1,0.0892230138852923
CC_2A844754AE67,0.6478919931926247
CC_2A85A7B242FD,0.1869059028420648
CC_2A9A51067D7F,0.1414025569659735
CC_2AAAD4020436,0.2353752850032137
CC_2AB62BCF3704,0.0743381130081917
CC_2AC1C8DE5649,0.1105525748357062
CC_2AD10D78793D,0.712369043583916
CC_2AD26446A7AE,0.0430413412649914
CC_2AD2D35975D1,0.0822892923765298
CC_2ADA07B0211F,0.3195185765865253
CC_2AED2D284351,0.3185077010813126
CC_2B01FDE2552D,0.2558756199986666
CC_2B06DDFD7F8A,0.0736901459796907
CC_2B08FBC0A948,0.1729301711295595
CC_2B1914218468,0.7308355466629887
CC_2B1D93E12DC9,0.2661747270372387
CC_2B248C488918,0.0870831069939367
CC_2B256891C60A,0.5272746652963585
CC_2B2801591A25,0.4259495806258161
CC_2B2B7CF1E40F,0.11001361671779
CC_2B2F4204834B,0.1772775632901457
CC_2B5443C7AB87,0.0662371546820168
CC_2B5D780AC244,0.5723624639858351
CC_2B64E67CFF13,0.0608938081474676
CC_2B6B872C8D21,0.1137589840019596
CC_2B85D931F011,0.1006618527894323
CC_2B959EF030DD,0.2030957676771772
CC_2B973D1AC16E,0.120048740777355
CC_2B98983C2687,0.0496332997882615
CC_2BA581E7B8D2,0.1441410981972216
CC_2BB2C432C369,0.1187609248527558
CC_2BBE19587CD5,0.085108434404209
CC_2BCB838A9581,0.1601681944690748
CC_2BD0E9336EB4,0.0622361848119787
CC_2BD1633FD528,0.0785903947815155
CC_2BD58FC8C2B9,0.0521568531428973
CC_2BD6083CAB0B,0.7676130259419901
CC_2BDD47B177E5,0.7808708565613884
CC_2BDE889EB05C,0.2583820796290862
CC_2BF8DB192A49,0.6015682715122128
CC_2BFDF46F3AC2,0.1486616736043414
CC_2C00CF2FAE22,0.1463939962656918
CC_2C06DDBA1073,0.3320691172347753
CC_2C16C7838FAB,0.7782995212546865
CC_2C263A1A732C,0.2113951231731694
CC_2C34105831A6,0.1758409320056969
CC_2C43FFA06F31,0.0896667775300304
CC_2C4DEE4CA1CF,0.0689439556770607
CC_2C56DB55E40E,0.1016548185741072
CC_2C59F565C183,0.1535114000359635
CC_2C7F54E56925,0.1645076737500276
CC_2C8CFCC646BE,0.0399244768084383
CC_2C91AB1DB754,0.0569216639571717
CC_2C93356976AE,0.4019584806249869
CC_2C9DADC294C8,0.073742249921533
CC_2CA94231028A,0.2304127384146295
CC_2CC8CB17283A,0.1829066026286932
CC_2CCD42AA2376,0.156227533070563
CC_2CCFE560A79E,0.0650489324510368
CC_2CED227E5216,0.1223346263971213
CC_2CF326E90715,0.0457355309185308
CC_2CFEA03CC6A0,0.6604335135182411
CC_2D1D032137DA,0.114013698291493
CC_2D258781011B,0.2423589509552639
CC_2D30260A1CEC,0.2034876015993565
CC_2D35C002A9F1,0.140350197500965
CC_2D45DEA4EB25,0.1655531825269931
CC_2D5494C13FFA,0.0882222844360189
CC_2D5EA2953E81,0.2008994527074103
CC_2D6E7894EA16,0.6507275868074575
CC_2D7DA36360AD,0.1912690362332972
CC_2D7DFEACA38C,0.3200096133398172
CC_2D836654A121,0.1358698729092826
CC_2D9CDFC6C57E,0.719898565768713
CC_2DAC67585B03,0.2147092349839858
CC_2DAE338809DE,0.3543324442879866
CC_2DB062A18C75,0.5316317913028535
CC_2DB2C55CF89E,0.7691810044719553
CC_2DBCBF870292,0.0412894933823651
CC_2DCBC03B4FA3,0.7465259054843209
CC_2DD78131B5A1,0.1087078055691432
CC_2DD7BCA75AB9,0.1127658366613399
CC_2DEB49017220,0.1496283040326777
CC_2DF6C71ED372,0.1561208604231386
CC_2DFBFA1A4FE8,0.1698698886744145
CC_2E12A41F7733,0.0777941786640699
CC_2E1A348EB1E6,0.1041150045888993
CC_2E23CB0F6F7B,0.3654869664703642
CC_2E3634587158,0.0629517141649093
CC_2E3F4B14D8DF,0.4529730380363668
CC_2E3FDDBF4F48,0.2003999883734106
CC_2E61C46BC16A,0.1980064076790875
CC_2E62AEB14351,0.3553792077481659
CC_2E6F1C0ADEB8,0.140257660162252
CC_2E7415FAB62E,0.0809652020339217
CC_2E77F7444FDF,0.0413518012831958
CC_2E78431BE3DB,0.0765442444786433
CC_2E7D44FB8075,0.1985837579625647
CC_2E7D8539BDA6,0.3961392466203716
CC_2E7F248874AA,0.7080479910922487
CC_2E85BB8F3BB5,0.0871516593091488
CC_2E8897E4D9BB,0.3011938384841003
CC_2E8CCDE89E2D,0.2569990011109397
CC_2E927D910813,0.1549286612402433
CC_2E9891F5A2D5,0.1151598734325198
CC_2EA56A7EAC04,0.2454711198677483
CC_2EB45D13B248,0.1379220418081635
CC_2EC924B0EAAE,0.1259764205189051
CC_2ECC248C96B7,0.0491460725822547
CC_2ECF0C98B06D,0.4149154400902189
CC_2ED3F6481454,0.1359405650696721
CC_2EDDF0B40ED8,0.148375666221479
CC_2EE2A139642B,0.1791226648672891
CC_2EEE072DA301,0.1720885928622553
CC_2EFEBB85DAEB,0.177669078996472
CC_2F133BEFAA69,0.1436191993374081
CC_2F1AAE3B81F2,0.0829218561174097
CC_2F1BC47CC90E,0.0496706524677023
CC_2F2128FBBDDC,0.155501247979555
CC_2F3D3342834E,0.06985404744612
CC_2F42D39F710B,0.6238916476495284
CC_2F4AFE398419,0.7212767588904583
CC_2F4C24B38EE6,0.0680482456126927
CC_2F508C0838A6,0.0935966541984916
CC_2F50EC193942,0.1935332550020439
CC_2F5BD03D4900,0.0727671207589618
CC_2F73AF6728BC,0.0566077084440692
CC_2F7EBEAB9CF2,0.1787603465579158
CC_2F9AD2BC25F5,0.0644675555356276
CC_2FA3172ED3FE,0.709841117115151
CC_2FBEF8808F48,0.1914903174219426
CC_2FC014F0EA3C,0.0788858096079582
CC_2FC3AD2EC986,0.2436815416772543
CC_2FCC82AC097C,0.2380401271198861
CC_2FE2ED7D464E,0.2594844845254527
CC_2FFCC9802D2A,0.1642108748759882
CC_2FFE32627DF8,0.2041367275183808
CC_300BEA90EF3F,0.1247838621697407
CC_3017B64D0364,0.1924451916170836
CC_3017E5E87C94,0.1449502843976381
CC_3028375CC87E,0.7754154836522591
CC_302A48CFCEDA,0.0783017183877509
CC_3031F96196BD,0.4425066407717417
CC_30328ADA0AE8,0.0910321700297384
CC_30451015D913,0.0389659930641797
CC_305D33AC15A9,0.7459437447640517
CC_306015CFB66A,0.1579873813775956
CC_306413849CEA,0.374536800325726
CC_306EF0BC7CB3,0.0394840773413233
CC_3075C5B861A8,0.1339272967101593
CC_3083D9B76858,0.0557514444833189
CC_3096994A495B,0.1794434859327209
CC_30B106BC1657,0.1905867756228847
CC_30B967417C42,0.2191691540882363
CC_30CABAFF5453,0.086246524175207
CC_30D68208FB23,0.3408361643859032
CC_30E2A90BACAD,0.214885566579711
CC_30FFD856443D,0.5901443325328684
CC_311EF26786A8,0.0795800726413447
CC_3129843EADE6,0.7494082543041983
CC_312C34EF683B,0.0476808856557227
CC_31302B64C078,0.1112086538283525
CC_31344A25B569,0.0389910230139547
CC_31397A399AD5,0.0821215440058721
CC_3145B5EAD7AE,0.2055920035394505
CC_3146EE0BF81A,0.1108691925694494
CC_314D02632843,0.2890029144600756
CC_315133406E42,0.2238503212335055
CC_3180D1C6FB7E,0.2164618724121178
CC_31827EE8A968,0.3062700764267957
CC_319BE06CC27F,0.0484606946225378
CC_31A0A97AFFCC,0.3735514316565759
CC_31B22116E36C,0.19309884489082
CC_31C78D9B6494,0.3711673779095033
CC_31D3FA367B41,0.114483188335885
CC_31DAAB3E6DA7,0.1798274899715548
CC_31E36F666FB7,0.0622380472619037
CC_31E72EA14FE4,0.1226959754127824
CC_31FC6DC9482C,0.2455230333559417
CC_32076DA6AE23,0.1778440197904526
CC_3209FA12D938,0.3195077701927954
CC_320E17F947CD,0.4143017905749274
CC_3223C706DD92,0.2602490122664252
CC_322EFB2E377D,0.1013166310660683
CC_3248EB928073,0.0927121904690703
CC_325D5DC52B1F,0.0979218622479188
CC_32662A6DB78D,0.1524953130969144
CC_328DD3BA068A,0.2422402578064593
CC_328DF7798F91,0.1641322505325559
CC_3295CFEB188B,0.0961089548144931
CC_329DC79286ED,0.6051109230596885
CC_32CB77D55C73,0.1251887256616848
CC_32D129B9E651,0.0988890597541276
CC_32DB12551D37,0.6576735213489404
CC_32F00D77D5CD,0.0962420925206359
CC_32FF5F6892D9,0.1596243584474177
CC_3301EF60877F,0.1339070725191709
CC_330F334BD816,0.1091765204024559
CC_331285B3494C,0.1694208110326689
CC_331364283D5C,0.1282757202515853
CC_331718E0F54F,0.1733137692256047
CC_33194D48FF66,0.0997992117786597
CC_331E8B8BCAB8,0.0734658383891252
CC_33254134ABA9,0.7668392470934711
CC_332E42439579,0.0688859025672175
CC_333102AB964C,0.170975555691426
CC_3338AC0E8112,0.2384110602638041
CC_33656EEDE6F2,0.4370553134672943
CC_336777D934E0,0.4399872171165836
CC_336DBFE464D1,0.4830618704622331
CC_3382BB2F3152,0.1227690750212707
CC_3387207793E4,0.0451342746249919
CC_33992C973839,0.2288284218376959
CC_339C36703675,0.0762416314085178
CC_339CA5814519,0.1001876315693975
CC_33B157F2A921,0.0856057381167604
CC_33BBD10F239D,0.0681279452840397
CC_33D3B12EE56E,0.0921021963890762
CC_33DB68EA27CB,0.1065093257170059
CC_33F0B95E70CE,0.2779861019834622
CC_33F40275D630,0.0487299276368906
CC_33FD5DE22692,0.0749905875308263
CC_340961106343,0.1520145981291949
CC_340BB1F4CEF0,0.1265923156538018
CC_3410B11F1FA3,0.1604286722160312
CC_3424972707B6,0.5684226020216532
CC_34452758A645,0.0389097374120529
CC_344D239879D6,0.141770781956016
CC_34503B6891CE,0.203558743235646
CC_3451722A3813,0.0843852703768194
CC_34517B513D8E,0.4876295090166214
CC_346ECB4CF2F8,0.120222600699315
CC_3478E8B6B56A,0.0677893418621079
CC_347AFDE16722,0.0910966738432693
CC_347B1A01467F,0.0479970987027607
CC_348AA62FF484,0.2628954984552236
CC_348D3F098A4D,0.092270882262242
CC_349290E4D0C9,0.1636294085656167
CC_349347D553D1,0.2369695772969737
CC_3495CE27BB05,0.2571433505798249
CC_34B10A654721,0.1417471502322591
CC_34BD2C5130C8,0.1440979165266666
CC_34C433439160,0.069829103112294
CC_34CA271F73E3,0.3276186651549919
CC_34CEBEA3B15A,0.0685892585723451
CC_34E58CF793A0,0.1599665075304303
CC_34E6909B6027,0.5726894611588103
CC_34F4292A8B5C,0.1852142705555811
CC_34F6DD223594,0.0500675225159103
CC_3508A7A5E9EB,0.1457063563137709
CC_35094977DD75,0.112783203387477
CC_350DE157CE6D,0.2005311791860309
CC_351BD5C2EE8B,0.0327912881055854
CC_35486249EDEF,0.2246957482940149
CC_354C9ABE6DDE,0.0652532532879915
CC_35578162927A,0.135526928497564
CC_357C3E7518D3,0.7062620176638901
CC_3584C15BF11F,0.0467953662484932
CC_3588C5166872,0.0984049275248289
CC_35A68306B19E,0.2935557210397613
CC_35BFB3093D02,0.0471055114258175
CC_35C085ED37BD,0.5601624617798299
CC_35C695C13279,0.079614843991192
CC_35D1668A4C13,0.2457605231591665
CC_35D27495E0CB,0.7690323040149002
CC_35D562E1DBE1,0.6636417109806843
CC_35DCDC74A757,0.5120621354956308
CC_35EC2AB1D1EE,0.1297689842598608
CC_35EEB90317B9,0.5402817639293517
CC_361A9EAF7706,0.2421537004423399
CC_361B968FEB98,0.3104599650441085
CC_361C9FA031A7,0.7593028602970296
CC_3620C5D1B3E2,0.0583255596966796
CC_3622D7221940,0.0636170300442596
CC_363175E92F74,0.3245758446978761
CC_3638C9146BFC,0.1267679974100416
CC_3643A4C7EC5C,0.0629499610277151
CC_36690A9AE112,0.6914373507185799
CC_36719170F638,0.0976444656550807
CC_3673466BA7A7,0.0940263641495284
CC_36847054DF52,0.3709953299018586
CC_3691CE792752,0.717670629039933
CC_36A27FE53743,0.4876531779751887
CC_36A3FB06D1D8,0.766854467148603
CC_36B0F2AD5413,0.0523377037917355
CC_36B1B7BF5F75,0.1258796873592641
CC_36B68E66951E,0.3632058502994338
CC_36D3F09AD810,0.4773433517258866
CC_36DBD8424220,0.617418110598472
CC_36E5645D8018,0.0861319207053792
CC_36E6592E4E23,0.1855009881743953
CC_36F143AEC864,0.1221203958564272
CC_36F2A735DF73,0.1445016220318012
CC_36F81C003E8F,0.0376875488063261
CC_36FCD55EE425,0.4423062255356772
CC_3701D5DB7FA1,0.0753976530244714
CC_3706E1EB2587,0.5141774767456372
CC_370E0F8EF86F,0.5234647867917116
CC_371D47444D5B,0.6798706114934981
CC_372CFE308EA4,0.5721224390133713
CC_3731D90357A6,0.3444770154516684
CC_37322F66C543,0.0509610161742268
CC_373539DE38C5,0.1514087188018102
CC_375225700242,0.3701026973342671
CC_3762D0B6F3C2,0.1596634291494115
CC_377A277E831A,0.1603190354888474
CC_377B6066B91B,0.2855377172044063
CC_378D71726B5E,0.0911855460451347
CC_37A46BD0DCBF,0.0477807297653661
CC_37B447368F02,0.7237434547712341
CC_37BFDFE369A3,0.2272900374738208
CC_37D09FE492BD,0.0709882433854376
CC_37D3F4C07235,0.2491567793820366
CC_37DDACE48E3C,0.1206917743401221
CC_37DEF85C0A37,0.2665743148172563
CC_38020CED9EEF,0.0816493892710609
CC_382207621EC5,0.77642184785281
CC_38374AB27F95,0.0790732259531092
CC_383A5544DD5C,0.1182019101286529
CC_383C129A5B96,0.2326835085336098
CC_3847AAA649C7,0.1484397818126306
CC_3849D992C1E3,0.0834813535442657
CC_384BB17F0F0B,0.5997015180349342
CC_3851177E5E76,0.0799821950397806
CC_3862F88850B8,0.284137305984727
CC_3867CFCFCC94,0.2814762616077806
CC_3872ED018F85,0.2038457416665658
CC_3881A587C072,0.1458884173182548
CC_3882F8EB5EEB,0.6119690755525806
CC_38911341EA6C,0.0832968474031776
CC_389E5B71E254,0.5947696780645896
CC_38A0DBCD3728,0.1083735798637454
CC_38B3E9142747,0.1597201518302231
CC_38C1B8860300,0.0634371972728762
CC_38C8CF250B60,0.036470566619193
CC_38D32B790B4A,0.1217732751073084
CC_38EB304A9915,0.174374561211227
CC_38F26461C872,0.7256534134361504
CC_38F942257E28,0.5414138637648491
CC_38FA5D78A8A7,0.0613337418909713
CC_3903D7BCCA95,0.0734758590982449
CC_39043D7ED04D,0.2235887980483822
CC_39098B256732,0.0720748547110098
CC_3909A2E4C679,0.1410913469745389
CC_392344DF8D55,0.2995986675962851
CC_392628C8AD47,0.0845256968580536
CC_39285F4C42BF,0.3603502127165332
CC_392A376EA1A2,0.0822239033371121
CC_3932E086F150,0.1742665812281378
CC_393D1D3640D0,0.0652915423769949
CC_3943B3490B49,0.6975781775559274
CC_394DE164DBCD,0.1137681106911644
CC_395600E84A54,0.1165762583292124
CC_395D181A7E1F,0.0961018122855664
CC_395E8CACC437,0.12422234529053
CC_39635AC6A70E,0.0583699154607651
CC_3969352E3ABC,0.0928798745541626
CC_3985C0DF9CB5,0.4966531124964899
CC_3989F2C6A9F8,0.212167970887434
CC_39A82672A1B2,0.0841861257377021
CC_39AA15DAE17D,0.591763096276668
CC_39AA2A3D98CC,0.0365131176673072
CC_39AC257B00C5,0.1153731882494705
CC_39ACC63CDAEE,0.1180473465244278
CC_39CE40784C2C,0.1953874969812106
CC_39E1A306D418,0.1580737778257632
CC_39F2B11C46D7,0.0744097466516784
CC_3A10F5F50A27,0.0490352675742771
CC_3A27CF9D162A,0.5256635480675622
CC_3A297424A7F7,0.1501065072916704
CC_3A39F7930BF3,0.1040223595840176
CC_3A57566F9977,0.4980371231735856
CC_3A61121254E6,0.0561080603769275
CC_3A81C568A7F8,0.2289744211396862
CC_3A82E7050A4D,0.0521791805127236
CC_3A860AADE6CE,0.1596781076561111
CC_3A8B3FC29C9E,0.1308851841444155
CC_3A8E9056A5A2,0.1115009450264054
CC_3A9617A5777D,0.3884026810955216
CC_3A99D25777CD,0.1367678704145889
CC_3AA9E8D01340,0.5532681595899843
CC_3AAEFC09C290,0.683360945141985
CC_3AB5E579843E,0.2507621508661003
CC_3AB77A30AD40,0.2160396854099445
CC_3AB7BA36A414,0.2886673781263884
CC_3ABA830A5BB2,0.1303530740261643
CC_3ADDDA550A57,0.0786218915189299
CC_3AE7B1151DC9,0.147601482431828
CC_3AE9A209EE00,0.0512062186570145
CC_3B06FCD75C98,0.0551725634228002
CC_3B0722FB5E8E,0.2226988927675385
CC_3B1C51DD7429,0.1836825980069791
CC_3B1F4696D710,0.6388388661693409
CC_3B224413A072,0.2446813785692452
CC_3B35C3783CCD,0.2206722793463076
CC_3B3626F3DF9F,0.2095912392597053
CC_3B4405C7E486,0.5402933213840374
CC_3B4C4A9C9D99,0.3345905961005241
CC_3B72F0E9E3F8,0.1885297000643849
CC_3BB02A95C6C1,0.7326019880261383
CC_3BB8B675C2BC,0.4607652753824193
CC_3BC51B069218,0.1236990043232916
CC_3BCA5BD201AC,0.1602164535214197
CC_3BCAC9793441,0.2704358131790866
CC_3BCBC867AC4A,0.0453065975507849
CC_3BE51412ABE7,0.3430061222461571
CC_3BEA98B401CD,0.6618888124147395
CC_3BED6DF1ABF1,0.2045620107484157
CC_3BF0BF7CF827,0.7882755395288215
CC_3BF110035599,0.6595195167582466
CC_3BF213810DEE,0.6391525076144284
CC_3BF21CA88D3C,0.5115738963966936
CC_3C0E29764C71,0.0600507565524602
CC_3C19509D4636,0.150021404659043
CC_3C1B038BB068,0.1458703519602511
CC_3C594CADCA2E,0.2035777204627729
CC_3C5D909498F7,0.6796495456230878
CC_3C68D5179A01,0.1011526569364995
CC_3C83955704BA,0.780553508306213
CC_3C93218F41B2,0.3034355040492067
CC_3C9CFC8FB4D1,0.7136526561924191
CC_3CA266EB55BE,0.1113068402168488
CC_3CE49C937F7C,0.0774812900778777
CC_3CEEB9C04F0B,0.3895102159665334
CC_3CF504AD4DD9,0.0739721845211397
CC_3D1092DBC5C2,0.2433558809837907
CC_3D185833E7BB,0.0563575020957318
CC_3D2309981121,0.3274718737007251
CC_3D27A0086AA6,0.2222436281900995
CC_3D3BE7D0F4D8,0.1129148680656133
CC_3D412B5EA919,0.0945059323092118
CC_3D47650C6F30,0.0720142501219741
CC_3D55D1FD8457,0.0543164156671424
CC_3D599501BA76,0.064838479829076
CC_3D6181EE3C87,0.6586928514645534
CC_3D65CC165F44,0.1239736329236028
CC_3D6CF6DB8014,0.3786707209115247
CC_3D7C14801D40,0.1607130254683591
CC_3D836BDBF866,0.6881598917865993
CC_3D8DF3A3DB71,0.7593410979495125
CC_3D9309851089,0.1889644611717465
CC_3D9ECB4274C3,0.1213012289367709
CC_3DC8A9A92802,0.2961314789672052
CC_3DDD3813D1D4,0.1019515860709039
CC_3DF3FFB3CFC7,0.1355120362953871
CC_3DF88701601B,0.1621532905245989
CC_3DF91A482CFD,0.3249848919838836
CC_3DFD6349D046,0.6300825229115314
CC_3E0D54125AE0,0.1886696515397122
CC_3E10CFE1DD57,0.0555283363672228
CC_3E13CB98572B,0.1511040993313029
CC_3E142C8ACA6F,0.0919188017555098
CC_3E1BAC4E5B90,0.0670698472722604
CC_3E2DD0D1E2D8,0.1575039990441828
CC_3E403BF08A45,0.0772136216640464
CC_3E46368104AE,0.1058581573382088
CC_3E48A086B5C7,0.3314713264405195
CC_3E54451B0F6D,0.0920794841604025
CC_3E6335ED3F4F,0.0826766227008351
CC_3E87A65C50A5,0.1801077659139441
CC_3E91109E2090,0.0612052586776048
CC_3E92A1EDA618,0.3227281431057118
CC_3E94684FE270,0.5287021295369074
CC_3E9DB402F352,0.234878495384116
CC_3EB5A15A6C04,0.7628792389598483
CC_3EB8A9A6C49D,0.1199415109959914
CC_3EC96BC884F2,0.1189998405706902
CC_3ECA9E44B90F,0.2562409641831784
CC_3ECE4EF16A44,0.1746952867935366
CC_3EDDB8E70F57,0.194099942827944
CC_3EDF137D0E1C,0.1638877862929274
CC_3EEEE844410D,0.3903605829449449
CC_3EF4F348C967,0.1128576309145006
CC_3EF91DD11A81,0.1329090538552761
CC_3F08C55E7A40,0.1934582235605196
CC_3F171CED0CFA,0.039121585088837
CC_3F2544EFA753,0.123606083393737
CC_3F28F3286CCA,0.108609414484378
CC_3F379CB37B0D,0.1754513845916685
CC_3F42D798AB1D,0.6644772854839445
CC_3F48724540D5,0.1669161416136325
CC_3F68068E2D5E,0.1195709425026573
CC_3F7FBE71B77F,0.0678217026237293
CC_3F80017B8599,0.0595413216852672
CC_3F8B17953200,0.0703507192166898
CC_3F964BADC4BC,0.7053952065533289
CC_3F9767602FCB,0.190258429739085
CC_3FA84F0B23CE,0.0619538289358125
CC_3FB4B189143F,0.1554051354128242
CC_3FB7C976EB26,0.429521643606559
CC_3FBCEB2F36D5,0.1184791830806728
CC_3FC4FE843245,0.1354473644919298
CC_3FD52E32FE8B,0.6856764173149078
CC_3FDB44EC6254,0.0440772555488144
CC_3FEFBD6DC62F,0.2722234242154952
CC_4005466D00ED,0.2943150475368853
CC_40095FFBC1A2,0.0536689439361044
CC_400F1887A662,0.1175516159541691
CC_40133FF3069C,0.1310685234912286
CC_401C6F0EED5A,0.0967059957761785
CC_4021AD03FA01,0.155412370262622
CC_402E91F3A56C,0.1136305818603272
CC_403754B6988D,0.1056084114149325
CC_4052DFCB1656,0.2241242177599086
CC_40579C5C13D5,0.7676667801659158
CC_406937FF97E7,0.1040578856618529
CC_406C4233347A,0.220187271828608
CC_4073E42E11E4,0.2326265072856431
CC_4077BB12A5F4,0.0835761822072895
CC_4077DD5B5C4F,0.1451567413241055
CC_40824D899215,0.0873753550393136
CC_408D79189FBF,0.3192595075727855
CC_40A3F1D5EA0F,0.325069976132977
CC_40A852A592FB,0.1221421369526877
CC_40AADA91D560,0.2180851277835768
CC_40B39CB2CC58,0.0421538983172901
CC_40CE2030F058,0.0535995794699373
CC_40EA2F8481E8,0.1794193185932316
CC_40EFD7778F98,0.1206419220525227
CC_40F278D49681,0.2493179058468963
CC_40FFCF631F19,0.4078048698249566
CC_4101D1B82788,0.1956338807549731
CC_4109B79A4B06,0.0423159685440753
CC_4119348F051A,0.1145556853810045
CC_41206EE45803,0.0777885588846435
CC_412DF740DA62,0.1267135946197891
CC_413AB4CA7451,0.103552360605153
CC_414C06C60FF7,0.7234105141519211
CC_414F50748A51,0.0546761489874237
CC_415C65EA66AA,0.0633223614784059
CC_415CED95F7CA,0.1568403946379075
CC_416584250060,0.1018191045070614
CC_416B3A1F0F0B,0.1126786251036971
CC_41735021FC7A,0.244453333029299
CC_417858CD20F4,0.1346431787782973
CC_41902EFB3974,0.0402345109853371
CC_41A27790EFBF,0.1003678706174163
CC_41A4A223F39D,0.1509272649187275
CC_41B464757ED6,0.1298142220670565
CC_41D1A87E1136,0.4513472764105646
CC_420FE297808E,0.0460777898871934
CC_4211096D5588,0.1764080563536266
CC_421F4D78128B,0.4473818062127948
CC_422F2780C85A,0.3242049805195877
CC_423B0296BE24,0.0717622473962725
CC_423E78000AA5,0.1666291162735219
CC_4246081DD359,0.1305736814160477
CC_4249EDF2FDCC,0.7710037859930041
CC_42568C67F412,0.3569380861966936
CC_426A25EA9E21,0.6551904102712852
CC_427ECDDEECE6,0.29417094077217
CC_4289EEC8F0A2,0.1681361098336961
CC_429A7158AD07,0.1130094181982967
CC_429C51AE729D,0.0456499537563736
CC_42A0DE1E5E80,0.0743452437392935
CC_42A7D0F5388F,0.0935016640033048
CC_42B23C8C9F66,0.2169173103618335
CC_42BD3999AC3E,0.24054194940132
CC_42C95B199130,0.3589986232728774
CC_42CD6CE97523,0.4473622823256263
CC_42DA114F12A2,0.2670983836559456
CC_42E2736AA331,0.1787478491641978
CC_42EA825C351B,0.4339685089652667
CC_42F1B2B4D258,0.5740262007911796
CC_42F4588EB38D,0.3197216845068388
CC_431F29A12E99,0.2206048206472272
CC_432EB78A198D,0.2585423387950971
CC_43383344BC72,0.2015431180866643
CC_4339187DD10A,0.0764268375111079
CC_4344A2E7EA1F,0.4984196743949593
CC_4347468ABE51,0.5469159713249667
CC_434894BC2577,0.0536257237432271
CC_4362DB93FC92,0.0946013774820115
CC_436850DDC704,0.1352139645545987
CC_43698E2EEA0A,0.1046681981713665
CC_4387F73F131E,0.1699199776978119
CC_43A33C994C70,0.3813569178274478
CC_43ACD82B5514,0.3420957597998799
CC_43B37131B8FA,0.2073716562307005
CC_43BFCAF8BD20,0.1852968780497478
CC_43C060E01266,0.1868924645476262
CC_43C41AF27375,0.0588412180633419
CC_43C5AFA48B93,0.0980559666736086
CC_43C767A44C55,0.1734539973661355
CC_43DECAB53552,0.0515056284481659
CC_43E6D931158D,0.3528143684484273
CC_43E9F88019F8,0.0673369745752575
CC_43EBD6EBD675,0.0763335122019027
CC_43F81C577002,0.324971080707652
CC_443C4E041687,0.071607818848762
CC_443F63BF238A,0.1268343934757121
CC_4463776F9AA1,0.1168268984782264
CC_446F1EDF03C8,0.074481379644447
CC_447BAD4F7820,0.8006753822223821
CC_447D02F917B5,0.0577048633318177
CC_447E705746E2,0.2040064186499568
CC_44A017104F93,0.6528899410243916
CC_44A1E58CDBC0,0.0481773325700994
CC_44ABCC04C418,0.09795103165882
CC_44BF6BCCFC2E,0.0460628252219545
CC_44D0671A3B87,0.1119643831396556
CC_44DBEE3A7D81,0.1902455934831949
CC_44F7DD6A88A1,0.20482677971637
CC_45080C42280D,0.1812501360203093
CC_4524AD74135F,0.4736265186031355
CC_45262103231F,0.1864104508697404
CC_452D8C5D039C,0.769569027712353
CC_452DECDBC90F,0.0690271162740561
CC_453C9B3A5992,0.470490887255335
CC_4542AACA1FE4,0.1047590764728919
CC_455209549D3B,0.7774845208520604
CC_4555C804C4D0,0.0884799777439331
CC_4581E4190B2E,0.1034752316977215
CC_458912F91D6F,0.4498729613218797
CC_45913E1BE65C,0.3217278714889525
CC_4594791FB40D,0.1290879074184638
CC_459B49073E2C,0.3277413118719678
CC_459EA8E0E2EF,0.1176384183805583
CC_45A4A38557E9,0.1381350870652546
CC_45ACE2B1DB6F,0.0726399776569506
CC_45C1A92F0E8D,0.0962588468262716
CC_45D0673EDD20,0.1248191596085196
CC_45D70DC84DA0,0.1105235728472131
CC_45D96479EC1E,0.0699695598057568
CC_45E8597BF74E,0.0735805022569189
CC_45E97246F83A,0.2825549333149021
CC_45EC44761309,0.1298051373133611
CC_4603A6F83E2A,0.0627460057259282
CC_46045CEE8330,0.0655124612831667
CC_464E17187A4E,0.4478769209502588
CC_4659FB4B8536,0.1612618772333349
CC_465EF4F9B68F,0.1604156372411417
CC_4663FDE62E3A,0.2825736668640905
CC_466D54BE0809,0.0732380178091678
CC_466ED9BD34B5,0.0811901759690122
CC_466F7908E13D,0.2040555975428863
CC_4695A5525A11,0.1625299144189833
CC_46BBB8A4854A,0.0689737986480026
CC_46BC61EC8F2E,0.1913968658936049
CC_46C0DFA660B0,0.1344931664137855
CC_46C2DCF84CA0,0.1668036560389892
CC_46C38B9F0D8E,0.1102268941254477
CC_46CAB9AE7C87,0.5026688691154916
CC_46D0D1ADEA59,0.1498032210702771
CC_46DFC1AA0821,0.778823831211096
CC_46ECA5976180,0.1740285581198061
CC_46F5F6D27991,0.081338512756428
CC_46FE9F226120,0.2210430015587989
CC_47130CC63FC5,0.1588074814268075
CC_472330768F5F,0.0939116732193331
CC_47292EBB8BD1,0.1160494691138057
CC_4734AB1281DA,0.0645836560409682
CC_473989E6BA47,0.2515060306190245
CC_473AE07014DC,0.1512407931610456
CC_4741EF45C3DB,0.2151670679412751
CC_474586BE49EB,0.1418943890223923
CC_47490BF44944,0.2689657518725794
CC_477213DAED38,0.0762745136338906
CC_4778086276B7,0.1224023866028
CC_47910B073CF3,0.1261422299205568
CC_47939776FDF6,0.6835311945352008
CC_4796F6A64420,0.0510678864070354
CC_4798549B52ED,0.3643218239663569
CC_47A3714E7D2E,0.3182777526342264
CC_47CE219EBAAD,0.1738188213901715
CC_47CF9074E03E,0.1414278333024328
CC_47E4537A53FD,0.1476839611573001
CC_47E8BC938FA1,0.1408732145663078
CC_47F134D17818,0.1286769357379125
CC_4812FBE05C7C,0.33526873172793
CC_48152725FAB1,0.557307668546758
CC_482256495FAD,0.6929543680923161
CC_4829FF15D21E,0.1955640338077096
CC_482D26D81935,0.6290410840201784
CC_4838990A8D02,0.0716625342234254
CC_4862EA9CD1DD,0.0471960425297588
CC_4862F8C1B0AC,0.0862128876088191
CC_486CD67D26CF,0.1631878047107066
CC_486D8F9AE549,0.222792981947752
CC_4877D1BDB737,0.1288321550182087
CC_4885E34F0B26,0.140646687460087
CC_48928CA8082E,0.1761168584398131
CC_48A74FF0E6C5,0.1229789807234067
CC_48E0791DDD62,0.0651883831600094
CC_48F620B6A472,0.136649458986798
CC_48FDBB1D7493,0.1237077837453858
CC_4910EC928152,0.1302988776859773
CC_491C18C17767,0.0674477663288474
CC_492F65EF8D9D,0.7816373259133093
CC_493DDD53B97E,0.0573987378720389
CC_495F82AA5B9B,0.1459400984154489
CC_49618412FF86,0.0865870287254646
CC_496A7CFA344D,0.7068099903039736
CC_4983EBABAE3F,0.0714932300620627
CC_4992C1915957,0.519328350087385
CC_4993B31028A7,0.0674493658099213
CC_49945441A644,0.1916880263074959
CC_49A80692BC68,0.0990174413843249
CC_49AB67613A58,0.2074898472013767
CC_49B05CADDD95,0.4412025624568778
CC_49C6F9AD111E,0.0981808165635038
CC_49CEB94F0B3B,0.0441549868340707
CC_49D3A79B55CD,0.0806333996051843
CC_49D6671DAE8E,0.1384554776979854
CC_49E6C539B1CF,0.0719239598850786
CC_49EEDF0DA684,0.0370043567513309
CC_49FC290E33A7,0.1984102444951533
CC_4A01CF2F67D2,0.7220000743098792
CC_4A16DC668832,0.5466216872050571
CC_4A212461781C,0.0741452996936715
CC_4A237A8E6706,0.1445279690020167
CC_4A3DFA0E27A4,0.1452073803837261
CC_4A513D39DCE3,0.0604631499581161
CC_4A532B0E6165,0.1867646965438548
CC_4A5FA9F1C804,0.0966392267345996
CC_4A7BDEC665FF,0.0712278368439697
CC_4A7FC9B23222,0.3444961030625914
CC_4A8A7080FA25,0.2417921617452242
CC_4A8EFD589879,0.0640352995283235
CC_4A8F7D2B857C,0.1690339416015799
CC_4A91E8D4289D,0.4091623992379202
CC_4A93163A12F4,0.3243263859627705
CC_4A9FEF48EA65,0.12387554659101
CC_4AA73D751AA5,0.3200782393232593
CC_4AAED0C85F70,0.1362523094791621
CC_4AB1DEF044AA,0.0467789858179418
CC_4AB5AE299217,0.207742092179362
CC_4ABA0CDC2270,0.1560577717048906
CC_4ACFFC2F295F,0.6380895943807161
CC_4B0490BAB1B9,0.0705091727477952
CC_4B28B03CEFEA,0.1099393160044813
CC_4B420765EB9A,0.1148272121813956
CC_4B47C16D9867,0.1239276400631553
CC_4B494C4D7D03,0.412937803471999
CC_4B4C84B015C2,0.0484548190888928
CC_4B607295E983,0.0534064248349903
CC_4B6D24E81483,0.0857419609542454
CC_4B77AF6FAF2B,0.631669981696728
CC_4B7EC3F2FFBA,0.058807435741678
CC_4B85318DFA50,0.1406611684969465
CC_4B9B36B36DA5,0.6850722120408699
CC_4B9E0AD5D692,0.4786600905274476
CC_4BA041C9678C,0.0959649781791305
CC_4BB40F2129A6,0.096133598376506
CC_4BB8FD274E2A,0.0860416370876429
CC_4BBB8118FBBB,0.107668788554164
CC_4BC8CB91719F,0.1172312499156938
CC_4BE447D54BB8,0.1527177890865219
CC_4BE85B1BDB62,0.3131425215581718
CC_4BEF3C7F6395,0.2667212739195951
CC_4BF03FF61B97,0.4617325423108269
CC_4BF4C38EAE8D,0.2046400307520059
CC_4BF95B8140C8,0.1314335021735099
CC_4BFE0CB61B5A,0.3924105593783993
CC_4C2A3F254101,0.3350478651466057
CC_4C351DEB6230,0.2152547389567378
CC_4C38031A2A9E,0.1248705220335353
CC_4C3E35875F03,0.0936189948081941
CC_4C4D79F933B2,0.1279467149895996
CC_4C56497F4AB0,0.7115384395743038
CC_4C827B493CFD,0.1162955357255079
CC_4C849C6073AF,0.0920180247821277
CC_4C869E6F618A,0.1984574428809045
CC_4CA21C15763D,0.1320676888505921
CC_4CB2F1CAE684,0.1017094676385299
CC_4CC0265E0778,0.0607487389404009
CC_4CC5483903E9,0.5216087183469182
CC_4CD7C76FE235,0.4472923363686413
CC_4CE2BFED4F4C,0.0859083442703517
CC_4CE751CB58FA,0.4176480973873051
CC_4CF3E184C500,0.0446832939060013
CC_4CF668E60D64,0.2339541608584764
CC_4D1A1AF53E18,0.039470763767356
CC_4D29155FCF33,0.2718749522312922
CC_4D2CC7618AC2,0.4701727807717128
CC_4D350FF7402B,0.3516416408933399
CC_4D38AE84E3CB,0.1863241065687943
CC_4D4140E1056D,0.0957804084696599
CC_4D5545FAB130,0.5075775571264483
CC_4D55E218946E,0.0925983895277628
CC_4D5E14BD6AFA,0.1036020794821189
CC_4D78935D66E9,0.0625941875981374
CC_4D883AAAC6C9,0.0415733617614191
CC_4D8D8108C51E,0.6047259190433981
CC_4DB40331777A,0.7530814452983638
CC_4DBC8652D26F,0.1016262977739804
CC_4DC0E154EBB0,0.6939319373380266
CC_4DD5B8780C4C,0.0810785702799515
CC_4DE0070FF683,0.1642286039176847
CC_4DE688CDBC27,0.0910875038903354
CC_4DF37857FCEF,0.0617558673445472
CC_4E20F0249BC6,0.746607019849915
CC_4E2F01B7B9EE,0.1731690764251068
CC_4E41C247B4E5,0.199364665469795
CC_4E479F6989A1,0.0702284350662577
CC_4E48AF17BC29,0.1040405735409503
CC_4E6BE67E3C4F,0.0417746085185719
CC_4E70939C5933,0.5176540951211507
CC_4E70FB172717,0.1544450811541657
CC_4E726EE8C026,0.2674007714152764
CC_4E76F48DFDEF,0.1054450464517249
CC_4EA180B2B913,0.0359377480778152
CC_4EA67A160C3E,0.5852890021003057
CC_4EE41FC91AD2,0.2248588308405122
CC_4EFECC6C2E36,0.6642249455893299
CC_4F22CB97C34F,0.0491954830280854
CC_4F2444DC6C75,0.7833295113233192
CC_4F2B7F512DD5,0.0689338332126751
CC_4F504A9744FB,0.1164901056365574
CC_4F6FEE589187,0.1354188013380244
CC_4F71AAF96C32,0.0925504740043927
CC_4F76E57C55EF,0.388516504319141
CC_4F88D3E5AA2E,0.046308189405397
CC_4F8A4384F6DE,0.1377408310526506
CC_4F8D83DCCF25,0.230780477980223
CC_4F956AA47816,0.6532753828512007
CC_4F99FCEA10E8,0.1135282158588075
CC_4F9F10A183F6,0.0778393368654524
CC_4FA766935F14,0.082833007925384
CC_4FB0B9E398F2,0.3650183132325013
CC_4FD0DF6CA3AA,0.051691548110784
CC_4FD902F7ADEC,0.0584823033477808
CC_4FF1155E3A6B,0.3575674064704885
CC_50103368F241,0.0877975722469214
CC_5012B9991935,0.145224315629806
CC_50172FF2C2C1,0.1377408466854376
CC_5017C9BA7773,0.0687610949293123
CC_502C3D0EC4CA,0.1181075410394316
CC_504157951119,0.0784404120354374
CC_5042938B5A9A,0.4752099331508833
CC_504A57293FE4,0.7886315037992627
CC_505812CFE43B,0.3396176655357382
CC_505A6EB06E39,0.2900071193933123
CC_5064CCE0EF29,0.2298542308881537
CC_507BDF639FB5,0.1835259711376961
CC_507E53684AB6,0.116550083688427
CC_5087A0D1765D,0.2371259551603543
CC_509229AEC221,0.2455145726343688
CC_5092D3A72B03,0.2286201268873552
CC_5092DF691F74,0.5626785943521297
CC_5094BB59416F,0.2374258194216355
CC_509926B384D8,0.7523330553128027
CC_50A6C96DA7D3,0.0516662626293147
CC_50AE75A10F3B,0.3127379006068356
CC_50D4BB93EB1A,0.0785421042336754
CC_50DF7B02E356,0.2025332021880481
CC_50EB53CFE7F8,0.0624385627541387
CC_50FC7D563CE4,0.1909970995895888
CC_5100E6EAA3FF,0.1923833153676666
CC_510F2944B2A0,0.1172320451427309
CC_5128881AAD54,0.1324338153976373
CC_5138941DB7A2,0.1715279759526447
CC_5139EF8BEAFB,0.1383416885214736
CC_513E5EEC6B04,0.1354972730710007
CC_51427EF15375,0.3184665255958439
CC_5147B281DA64,0.4427398067602928
CC_515D968ED36E,0.0823638117684434
CC_5176FF858154,0.1327992845446086
CC_517CB40FB016,0.0791174355268872
CC_51884D5F3E4D,0.1025263244144682
CC_51AE98263438,0.1505413563997593
CC_51C9CE782368,0.1531034034178905
CC_51CC80D1570F,0.0597539121687284
CC_51D2E3476902,0.0692149412354113
CC_51E05E706D64,0.1315894504790837
CC_51E5A5E9801C,0.0642010770221584
CC_51F5DA44F9A0,0.3271540804019426
CC_51F6BDD355F4,0.0561426948215761
CC_51FE657FE212,0.0884120393169389
CC_520950C9BAA3,0.0516263783260446
CC_520B1D31AB99,0.1164263626232648
CC_522550E1761D,0.7592614250675861
CC_524CD519E76B,0.1016085737129019
CC_524FE9E3DAD3,0.4706490280751871
CC_52629A025048,0.1190115173211129
CC_526765FC100C,0.2076641864583851
CC_526E56249FFA,0.2603649947252247
CC_528B42A34966,0.2608967698162081
CC_5292B36E4882,0.2605803351736398
CC_529A2F110236,0.1398317101152921
CC_529BC4ADAD6A,0.1805151964938506
CC_52C1C5A6F887,0.0883760374081221
CC_52C3B674FDFD,0.2392694030875138
CC_52CCBB8F9964,0.0825282194749237
CC_52D21FFA24DE,0.7224091255936094
CC_52D32EDBAA78,0.2165617151461615
CC_52D7821A8363,0.1229140350326541
CC_52D9087EBCD6,0.7775298453980622
CC_52DD62E1AC2E,0.211845660645806
CC_52E8B04F0FA0,0.1051624478857275
CC_52E965E9E2C3,0.1711448596155722
CC_530BA492842A,0.3194162931153116
CC_530F6E906D6B,0.0514403388315576
CC_531FCFBE3B13,0.1014305928118934
CC_5320DFEAD897,0.1708638910898426
CC_53319AE7B829,0.6713818451606183
CC_53481151859F,0.0457917554544156
CC_534D4FC05F82,0.1845476281249898
CC_53687DA8C9E5,0.3144681147198346
CC_53795A7B7751,0.052715069911229
CC_538328A6B3BA,0.3784750625392003
CC_5385266461B1,0.1722391293212915
CC_53891CB35BF8,0.1926655653350491
CC_53A6E1083B13,0.0692670934066607
CC_53A77DA726A4,0.101169708537846
CC_53ADBC2F6E34,0.2231020115776371
CC_53B249809561,0.0917647682005032
CC_53B2DF5B019C,0.0599378878127972
CC_53C1F3E031A3,0.1307819334245687
CC_53CBF2E8AD05,0.4768152977142044
CC_53D04793ED9D,0.0783990595396842
CC_53E23A9B6F74,0.0612129553509942
CC_53EB59C99100,0.3546761383000513
CC_53EB9AC04311,0.1304131252449617
CC_53EC732C9B30,0.0385753223023807
CC_540122E71534,0.162055471408267
CC_5405C89DF8BD,0.7149895846009785
CC_540D69F5BA23,0.1421511137575205
CC_5414446319CC,0.753459293780734
CC_5418410F95A2,0.0825575244079635
CC_5431A01C30E4,0.0776861453422603
CC_5452437FC605,0.4023115417011944
CC_5452979BF98D,0.079508802329572
CC_546EE83F84A4,0.4539821925470374
CC_5473268241FC,0.1728635003456045
CC_5474EE64D859,0.2409819400229346
CC_5476E2B2FCA0,0.1310716447808096
CC_54892024F98D,0.1892826787991934
CC_54B33C66DCF7,0.0921383510337501
CC_54CF66B660B4,0.47800621084367
CC_54D3A35EC69F,0.0852096249255716
CC_54D6AE2665AA,0.1133783672308502
CC_54D93974E62F,0.3019666749918362
CC_54F5F552A0F2,0.1210153829178301
CC_54FC3B361BDA,0.0956858506656178
CC_550135E8FAC6,0.1314348159370161
CC_55020AD0D117,0.1650942559907624
CC_55094AF7EFEF,0.094552422203394
CC_55126E23462E,0.0504055040208224
CC_554C21CCAF3E,0.0961638274505817
CC_554C912C7DBE,0.0791438879930098
CC_556B02A2B401,0.4154905732617037
CC_557A0B0CD0F4,0.1996913289020429
CC_559A14E729EB,0.3161623195232333
CC_559F0DD4E4A7,0.3512798890111975
CC_55A82B4E57F6,0.1681478554942721
CC_55A98ABE4C75,0.1277611515484795
CC_55A9D45EA466,0.0450931059944715
CC_55CB872FF50B,0.2255529218723419
CC_55D9E3D58435,0.2111322525595312
CC_55DFF3C3BB46,0.0804379195388461
CC_55EDC3996984,0.1615156865243407
CC_56013299D8C5,0.1128726983736882
CC_560B519C1F50,0.0931255552778331
CC_560CABF0F5D0,0.213553903879468
CC_56178AD87948,0.2366913324568412
CC_5619A7BB54EA,0.1140766202017461
CC_5624319D7B28,0.1272213907851259
CC_5625119D6C37,0.170104334169092
CC_562BE7245E1B,0.7219883147468396
CC_563684010DF5,0.5572340749120772
CC_563EA9A29338,0.1037674305609225
CC_564590AFB575,0.0413206309480553
CC_565E01191BF6,0.5756912777561104
CC_56612A039382,0.0740986351371012
CC_5665FB827721,0.56278813479529
CC_566932C3CC97,0.1247761085400299
CC_5671D59B2A51,0.1722045604095187
CC_567E7DD24A97,0.1038693102303756
CC_567F47F37683,0.0402016160870572
CC_56847A91065C,0.0938586418715109
CC_5698480F8634,0.0633078486535337
CC_5698B024CECC,0.5455517409015966
CC_569DC051A2EA,0.1041993579656271
CC_56A322152604,0.3825130223914452
CC_56BFD9A8335D,0.3751817841555708
CC_56C9379BADB6,0.0505765075933239
CC_56D410FD8F56,0.3163682327426935
CC_56D4549919EA,0.1374506885852104
CC_56D918CA6353,0.1368647749939922
CC_56DB30CE666D,0.1598883051659204
CC_56E760C3206D,0.2320353131503469
CC_56F73F905615,0.784847109502347
CC_570683C088DB,0.1731468003955079
CC_571C6AFD00ED,0.3876195341878182
CC_5725663C3B89,0.1140120328810156
CC_57291D7667C8,0.2118582804181321
CC_57313F6E7927,0.2160153506533486
CC_5735F9B859AF,0.6106622302741901
CC_573B34826B2B,0.6403041301540944
CC_5744447CAF7A,0.0732338149456734
CC_574CC0FC7B05,0.1167658314657887
CC_5759E2982909,0.0971736601882043
CC_575CCCCDD7B6,0.6336414516769218
CC_57603A37D19F,0.0457439255164143
CC_57639D4995CF,0.2022613200841332
CC_576E6676FD55,0.0695569683307097
CC_5775C148E05C,0.1168392914790923
CC_5798E560E9F3,0.7213911986213817
CC_57A486F61065,0.5037962666476576
CC_57A726458B99,0.0732837468543886
CC_57B0D41BD7D3,0.3031825007452683
CC_57B501E60C35,0.0690910794001687
CC_57CA90509CB1,0.717031116592418
CC_57CB7673547B,0.1283057130201423
CC_57DE479CB61A,0.7311363142769265
CC_57E7F1A6B895,0.0419199610496199
CC_57F13C4115FA,0.4398261017406166
CC_57F480CA9A42,0.0997617206567746
CC_57FDFC6DE726,0.2178138777639969
CC_5810468B76BE,0.1365214520479374
CC_5810F212B2EE,0.3050915120198618
CC_5817759E7007,0.1390486409301025
CC_5818B5089B3C,0.0900692335102358
CC_582C78363EB6,0.0824066751992478
CC_58391600720C,0.1225860397499861
CC_583D7B177F85,0.0989845449001029
CC_584C11014F63,0.1271825179325974
CC_584CDC12578D,0.0484491314253609
CC_5852F443C55D,0.0981687752324484
CC_58565AF0F70A,0.5258612837733757
CC_58568DF9AECF,0.1809284131928105
CC_5859EE6309D5,0.4693005259546824
CC_5872B45E1C19,0.7222066572549388
CC_58797A417EEA,0.1994397480286426
CC_587A4844B482,0.1876932546055633
CC_587C0CC3DD82,0.6500485489830369
CC_5881A04052CE,0.0854466517460081
CC_589A4E02EF81,0.1446937145495155
CC_58AB46E5655E,0.159174576626364
CC_58B0CFC9F3D2,0.0671303710475294
CC_58BEFDA6B4C6,0.1168368283509525
CC_58D95C7247D5,0.0602757568457643
CC_58DBF3409D48,0.0700379679855715
CC_58E35A47B880,0.1888099371217914
CC_58E40EFF57CF,0.3338204463048591
CC_58F551219BD6,0.0718403925323533
CC_58FA76C6C45C,0.5836070589989601
CC_59018149723B,0.0720608370429921
CC_5904459ACECB,0.765402035863983
CC_59088B2886E8,0.0424178907221798
CC_590D2E0AD18E,0.545027629869654
CC_59146CA05E8C,0.0613597042803201
CC_592592397DC2,0.514989459776416
CC_5926F5B4E054,0.1609106363902346
CC_592A5A163624,0.3796321880965309
CC_5941C323917F,0.0898682011538679
CC_594E4E86A1C6,0.2204386545417244
CC_595ADAA76A32,0.1028157580991711
CC_596A20270C3D,0.2125893828204769
CC_5970E93E11DF,0.2988940266485349
CC_597AD111527C,0.1185302630456467
CC_597FDFFA265C,0.0838359811075112
CC_599C287D2BAA,0.3809139704547162
CC_599E345094D2,0.1301093157873611
CC_59A4741B5A92,0.197240014775002
CC_59BB3A5BA2A3,0.6354443377520881
CC_59BFD1200F6B,0.1877446765595862
CC_59C07CCAF4E0,0.2119242697325983
CC_59C49474B501,0.1205284690579796
CC_59CFBC2CA471,0.5729779087645498
CC_59D62BE0C0C6,0.1809585272067965
CC_59D86F572716,0.1037217622309794
CC_59DF71FBA4B0,0.0473054292990088
CC_59ECB7465DCD,0.0700211096813209
CC_59ED43A803B3,0.0357783253056719
CC_59F5E81F4EA0,0.1497358866861071
CC_5A10371BE7B1,0.7635341104414428
CC_5A2F9A594A05,0.5490375485402417
CC_5A38E46246FC,0.6146275709410468
CC_5A3F52B0A07B,0.1942194745106232
CC_5A5507A49F6D,0.0828300004389665
CC_5A58A5E6DE82,0.0974724940243651
CC_5A5BB6DC1018,0.164248722728678
CC_5A5C0DF50E01,0.0948593046510558
CC_5A633C535360,0.1076765818361763
CC_5A67E62D8D5E,0.6402851807108637
CC_5A6BA0007593,0.1115512883201909
CC_5A7513434C72,0.0510083813362683
CC_5A756D8AE60D,0.2411542540937878
CC_5A7C13841B7A,0.5948956292802197
CC_5A7CBB6E8716,0.1849367799463129
CC_5A83A1E25A2B,0.3716212799913271
CC_5A86EB53A14D,0.6894566206321295
CC_5A89E13CE597,0.1838477019200245
CC_5A9466D0CF9F,0.1169625232292548
CC_5A95331BD0C5,0.112060269013753
CC_5A9F63C3E428,0.0612127037690433
CC_5ABC76FF707A,0.0567994163302822
CC_5AD0F1B43457,0.0964371738134378
CC_5AD82250C271,0.0432819680455006
CC_5ADD27165E38,0.7092922226335173
CC_5AF32E5C8018,0.039469303502051
CC_5AF3690FA0B0,0.2083338879643795
CC_5AFDFAA63B45,0.1565642929082206
CC_5B025DA26FE6,0.0506154134881946
CC_5B07C7DE7E7E,0.1913942087577781
CC_5B08171A6880,0.1719217401839995
CC_5B09FB1A0BE2,0.0720753541649969
CC_5B0D6BA12702,0.5231999752334421
CC_5B0EF2D4C3CC,0.1808324036474474
CC_5B195D88C182,0.4819993007460646
CC_5B1F6FE71A38,0.0630717508361702
CC_5B247961602E,0.0742478594370618
CC_5B276421F4CD,0.0534310380196435
CC_5B289AFA1662,0.278792984532393
CC_5B3A16421A31,0.0447717140128773
CC_5B3E78897EB7,0.071182068529618
CC_5B480B44A9B1,0.1312502845544985
CC_5B546C3A21F8,0.1629070432324026
CC_5B5BC4023EE7,0.1723950832965792
CC_5B6D63DD34B7,0.1048565892881567
CC_5B6E868912E6,0.0556817804336213
CC_5B818D2581FB,0.1068446221430285
CC_5B82E8BB921F,0.2984407833009465
CC_5B8E8DA14EE6,0.1461799902408
CC_5B900A135A69,0.1014368055556379
CC_5BB64BDF3C99,0.0909295222118046
CC_5BCB2C79D1CA,0.2122139617488254
CC_5C072DB8586F,0.0666687335732754
CC_5C0BEC2A0850,0.0907810968332356
CC_5C24010127D1,0.2554485024445512
CC_5C2DAF5E0EB7,0.434167166547869
CC_5C3E8DB90978,0.1364923743722468
CC_5C4A7CE69975,0.3192774660695249
CC_5C5766F933B0,0.4263351815585156
CC_5C5808240054,0.1038324710739552
CC_5C5D6E15EA27,0.231340323117959
CC_5C60C4545922,0.0955050785096314
CC_5C626D70F6D6,0.1709598373450524
CC_5C670F0622BF,0.0627865831670655
CC_5C799E57EF53,0.0624981823404657
CC_5C7B44735AF4,0.1927917675267355
CC_5C7D8DF047E9,0.188630763195192
CC_5C80F394EFC3,0.1522829912513404
CC_5C99E6189441,0.0812113938125287
CC_5CA9AB4A6AB4,0.1211018306175038
CC_5CB78ADD2432,0.1594054899871681
CC_5CDE37CE08CF,0.0468003981786077
CC_5CE258D12432,0.3365945467358442
CC_5CEEF006ABF9,0.0623527300873002
CC_5CFD2850E277,0.2400129050727392
CC_5D01F71B9FAD,0.1345369555331482
CC_5D065A455A45,0.2216303061174043
CC_5D0AA7D4954A,0.3176184106133541
CC_5D242448B812,0.1262504540436329
CC_5D2C5115BDD2,0.1608572852265063
CC_5D3273E039AF,0.6540382603391859
CC_5D398BB3365B,0.0759565183661219
CC_5D3C1CE64952,0.084746258674545
CC_5D4B0EBB5CD6,0.1475930179434657
CC_5D5E897588D3,0.1164851226501194
CC_5D65F25FFB8D,0.0576428741374336
CC_5D665A86C465,0.1197055656771524
CC_5D80C353E475,0.0897449323712378
CC_5D8895A0AB4C,0.1750773584407093
CC_5D88A673BF50,0.2172454105549441
CC_5D89688B69A9,0.366089532306811
CC_5D8AC8E18A8E,0.081699037151768
CC_5D8E7DC2FA6A,0.5158727113776629
CC_5DA29AD9E85E,0.0636107223217844
CC_5DB286EAC626,0.2542857168609626
CC_5DBC1BB95B84,0.7916656439866432
CC_5DC0A465470D,0.0511231957936998
CC_5DF82CB03C3F,0.0963715628878933
CC_5E001C93F359,0.0679804645481346
CC_5E029094A55C,0.6914058182547866
CC_5E0808121A65,0.1224066398484101
CC_5E1117E4E593,0.1346483822176656
CC_5E1541060A97,0.7237385076895451
CC_5E1C11540C0B,0.0991315689560286
CC_5E1DC0E143F2,0.1800204228493562
CC_5E206AC277E4,0.1962139683201417
CC_5E22B4BC8B12,0.0929547876996222
CC_5E22D889B6BF,0.1841873949483591
CC_5E38425EC99F,0.7385316489997241
CC_5E3A70C2077A,0.1343116447018138
CC_5E5607D275CA,0.1287616263486755
CC_5E73C3D2B3EE,0.1174636296545246
CC_5E7F23A07A71,0.0841123268330972
CC_5E80A96974B8,0.2701723195569079
CC_5E8C0453B9B8,0.2792473162298689
CC_5EA599FBA5E0,0.498033261192905
CC_5EB379BA6C7A,0.1164214990139215
CC_5EBB96F65AFE,0.3868803267357104
CC_5EC41568C2E1,0.0860441477589401
CC_5EDB5C924107,0.2762188531335856
CC_5EEE5D0FF8D3,0.1742066821257701
CC_5EEF07FFC243,0.0668808839265606
CC_5EEFD690759A,0.1024923104227391
CC_5EF2176F01D5,0.1170455990278179
CC_5F17CA33D26B,0.0704327969186591
CC_5F20750D6658,0.1845954259609439
CC_5F2CE32A6EC3,0.1296849856599943
CC_5F328EE757B6,0.0500582757560712
CC_5F35B8D87D06,0.2296149162025533
CC_5F390BA40E83,0.700170344233524
CC_5F59092CA9B2,0.0893796771331116
CC_5F5916E96E19,0.1594620317202447
CC_5F5E835B9E6E,0.096162218167498
CC_5F648D39D67F,0.5174191016403868
CC_5F6D4104C808,0.1802961744455352
CC_5F72EBE104D4,0.0409974517825744
CC_5F765C41F051,0.0561116919213041
CC_5F8859A6F0DB,0.0392977339049642
CC_5F88ACC7C384,0.1340499308167344
CC_5F89DFA97B7C,0.4922880834258552
CC_5F93A3E31DD6,0.6286870905735203
CC_5F9A44423DD4,0.1662504940922348
CC_5FAA7965BD71,0.1356596685074299
CC_5FAFA265CA02,0.3682875654672571
CC_5FBE1A34704F,0.1606189257016367
CC_5FCAA919577A,0.2026108474453653
CC_5FCD208ADD77,0.1766708747939439
CC_5FECD2BB0094,0.1107174791180975
CC_5FFDE52E6B7A,0.1176450281198242
CC_6002BFD3F26A,0.1411078719831835
CC_600311592F72,0.0617111683853582
CC_600AE12112D6,0.2829292890489357
CC_601C3178E38D,0.1482155382229356
CC_6037EEA42F2C,0.4212743254611906
CC_604C08F76272,0.599397598354226
CC_604C72AC662C,0.1600526819450851
CC_60510AFA8A87,0.1547672854895815
CC_605E2E26E52A,0.2734628236360807
CC_605E3904CD8E,0.1686263929656084
CC_60611B935106,0.1412581121568077
CC_6061787228F8,0.1458981982551117
CC_607270A72DFD,0.2329373133215273
CC_60738E418DB3,0.1989629307403654
CC_60961DF8A134,0.1456340592615775
CC_609B7A7FA165,0.0809222560208557
CC_60AC5C892D01,0.1093187468382703
CC_60C09FF84412,0.1766301036313328
CC_60C87349D73D,0.2817240306180682
CC_60DA2FBF1FBF,0.1058451943830193
CC_60DA539A39FD,0.1684577056298591
CC_60E974A0B278,0.0658650439215544
CC_60EF7D647EFC,0.0423655489284277
CC_60F525A39898,0.0400618515497343
CC_610009B69EBA,0.6801402853357276
CC_610FDDF5FE54,0.1103787232671092
CC_612C06CB5FF4,0.0974868352102885
CC_61307D82CC26,0.5808966908789008
CC_615030FD33CC,0.6859945564738222
CC_61649241FE59,0.1645060068762409
CC_6170051A606A,0.1639265090859179
CC_6179A630658E,0.0833420519283323
CC_617BD59427E7,0.0923903506875184
CC_617EC8BD5153,0.1782397618322962
CC_6191E14D21BE,0.0590733805883375
CC_61A798B8D222,0.0498006589959684
CC_61B4A983D1A1,0.0689345266755624
CC_61C9732AA682,0.6881145320729928
CC_61DC64E37471,0.0495089622385241
CC_61EAF14033DB,0.1235185444067312
CC_61F18E0C218F,0.0682239559691249
CC_61F1A1263F5B,0.145700031530351
CC_6209EA426553,0.0566815620012307
CC_622BD8CB3807,0.3993780969683014
CC_6234A9617A7F,0.1054658335482482
CC_623AC074EB25,0.2169259143936915
CC_623FAACE8A80,0.0578613562280804
CC_6244E2935407,0.2576947398461744
CC_624535E11F69,0.0621575120475533
CC_624EA2917CDD,0.653518273138636
CC_62565D08DDDD,0.7468239495570738
CC_6268ACD3F95B,0.5119609800037532
CC_626B61F4789A,0.6434396457627988
CC_629193C2A090,0.2390003271383275
CC_62933641AC43,0.2798086071236034
CC_629480877536,0.3454961026419961
CC_629CB045D9FE,0.0928786507084028
CC_62A84BC400F0,0.371222694773593
CC_62C36DF81797,0.1902074135653085
CC_62CC835CAE4A,0.6998748157642491
CC_62D4192F126E,0.7650327667061793
CC_62D7A3C9483D,0.0690285585041271
CC_62DF1B99B4DA,0.0940879975071841
CC_62ED7BA3E620,0.0518712653043169
CC_62FC001AFC78,0.0924825815623272
CC_630412B4AFDA,0.1577851925149811
CC_630903AD39C1,0.0427817923659193
CC_630938DCC1B5,0.0635962789709972
CC_630ACED773E9,0.4663838463920872
CC_631E1690D913,0.0661678234905096
CC_633A7C7FC25F,0.226727717334563
CC_6342051D8FEA,0.2629241986603234
CC_634CE4E8AE49,0.1764673037860603
CC_6359692F5EF6,0.1175887030266727
CC_637278423A6D,0.2179842002759055
CC_6377AB848081,0.0981101896767577
CC_6381A65E0A3D,0.1102298637404
CC_63871B4814E2,0.1156649487764779
CC_638AD269F05C,0.0396630423580823
CC_6391AE0FB83F,0.1457962784090797
CC_639703EE2ABD,0.0523706065455422
CC_639750C87A7A,0.7254372671851526
CC_639B1DCECD2F,0.1776934367384987
CC_63A869443AC0,0.4247104194253699
CC_63CCEE26BCAE,0.0623759758698068
CC_63D51CECB6D2,0.2140049026788184
CC_63E53402FC02,0.0381606472127803
CC_63FC6895901C,0.1347661464796322
CC_63FC8A97D9C1,0.1468834963863813
CC_64117B93EF73,0.3401931906384823
CC_642D9C325F1D,0.3010530112553206
CC_6436B950E22B,0.1865337513553355
CC_6445BD3DDB6E,0.0457279644035823
CC_645C15569E42,0.1469952614810468
CC_646472AD66EF,0.0903936725805197
CC_646B8254357E,0.1533774869140294
CC_647F4BB4983D,0.5659849697079837
CC_6489ECEEFD0E,0.1051032368651626
CC_64946E57306A,0.0447003377683819
CC_64976830B0B7,0.2660574361986046
CC_64BA10F3FAA1,0.097007941462324
CC_64BA39A0DFC6,0.0952857235311721
CC_64CF9A79EBFC,0.1048078784370678
CC_64F0E0473D1E,0.0911960877771188
CC_65006C2AB2D4,0.7585080637365695
CC_6500BD19FA06,0.2375382087762239
CC_6504DCAA90E1,0.0828354153122294
CC_6509C7361994,0.1644699971537201
CC_651486189673,0.0832218459708764
CC_65194BAE506A,0.178131536480494
CC_652539353439,0.1928651717760568
CC_653CE5FA5A76,0.2507604941556687
CC_6560C2F4EDA4,0.1784150682902874
CC_656137F98187,0.6173652614486064
CC_6575B4B39113,0.0449942240875953
CC_657F629D31E2,0.257217330372536
CC_6580B7583ADE,0.1945618048422562
CC_658477BA75D6,0.0455549936189808
CC_658B7867BE7C,0.1338697461339431
CC_6593FE5349F2,0.0855864413439929
CC_659EE0F05A75,0.2786763475638553
CC_65A0D8134410,0.224150595192324
CC_65ADD5A19F64,0.122970228848785
CC_65C3F0F73BB1,0.0912024769035962
CC_65C47521C285,0.0397678218443442
CC_65C4EE0B737C,0.2102617807444885
CC_65CB68404333,0.183633399728663
CC_65D6DFF1B766,0.1057771425637515
CC_65F1545C35E1,0.2487513369379655
CC_6602547E2FCF,0.2118669486891135
CC_6615D7044816,0.2561341518759042
CC_66244D4B72EA,0.0891019093906424
CC_662E5AAE07A8,0.0511959422908388
CC_66322B339E84,0.0440752057653888
CC_6634FD4B1CD5,0.7557046244979356
CC_663DCEF4923E,0.1851830712777148
CC_663FE5BF918D,0.5153726619215075
CC_6645798E740D,0.0889377877734161
CC_6649736C8321,0.7533209494352233
CC_664E1026C4D9,0.2427712821287983
CC_665603C4A33B,0.0751772055180489
CC_665BDD9C8039,0.4296247989043186
CC_665F2AD58363,0.18774499989275
CC_666767444BC3,0.2203222040464503
CC_666C0A2A8674,0.057150930778425
CC_666F2BCDC7D7,0.1915486314445418
CC_66775178B226,0.0627395846219034
CC_667B6F8C846A,0.6242862495217024
CC_667E909835A4,0.2334380618926595
CC_66809C278FCC,0.196466889251657
CC_669CCC44CFCD,0.0692188121008122
CC_66B0BD3F6516,0.2833288429290115
CC_66BF02C05DD8,0.1327800199533521
CC_66C491256BE4,0.0681536432778178
CC_66CEFA65F912,0.3445184225659276
CC_66E025DB3282,0.6484812640812136
CC_66E7B423A32F,0.7317164075508481
CC_66ED26E7BAD9,0.0869043497550961
CC_66F7FF7735C3,0.1459122581395608
CC_66FD0CE6D57B,0.052611404736421
CC_66FFFE05C2E8,0.0877762148964921
CC_6700012A39B8,0.1502206474990359
CC_670FC6A064F0,0.1763258443649016
CC_672932B65802,0.0786704626336247
CC_6742C6478F98,0.186045060583351
CC_6745321663BF,0.0629398200460894
CC_67579CF57290,0.1388789810172761
CC_675F7483FB90,0.16338297974918
CC_676ACFAA6131,0.6873817793930312
CC_676B423C495A,0.5691942568001118
CC_6771C0D1CB1F,0.0562221902809771
CC_677EE0369CA7,0.0814883810844804
CC_677FE35855A9,0.1967870456256309
CC_678091614A14,0.1080991986682576
CC_678A43ED0803,0.6401059599713403
CC_67955C210226,0.1075083175441095
CC_6797E0B01112,0.2357330036925496
CC_679D90941842,0.1301506321766234
CC_67C05273700B,0.1470757814658135
CC_67D5172B6450,0.1658810916800424
CC_67E8CF412D93,0.1214303544469315
CC_67F6576A6836,0.2287623832965988
CC_67F985A00A12,0.0795230323731961
CC_6801AD1D4478,0.0853288457940859
CC_6803BFA94B17,0.0454441646455418
CC_680B16E5E240,0.1440971308608559
CC_680F2D0F4F6C,0.0880610127284205
CC_68221E1393E1,0.1089135500760608
CC_6822590B968C,0.1875091903168021
CC_682D8EBCEE94,0.2208276868701814
CC_68429B4AE401,0.4116180130688092
CC_686B26BDD061,0.0660376321501129
CC_687518442359,0.4201996522117737
CC_6875DA61F422,0.2351728271761596
CC_68A3D749608C,0.1625363192087676
CC_68A9C3CE2557,0.0850274411145824
CC_68B9F8C6D9D6,0.6479816219869319
CC_68BC65E3C84A,0.4258502913738488
CC_68CC4D1D898F,0.0686579879633214
CC_68D0ACBD2D0F,0.0371224082530543
CC_68DA8D5488B3,0.0842929224926803
CC_68E675A69AF3,0.2025103187330961
CC_68FC9E6FA27E,0.2024357179247917
CC_69322F7C4CE3,0.1395444924561721
CC_693710EAD59A,0.2083314812962141
CC_69387752F41F,0.5171805396656215
CC_693B71DDFE67,0.146696067335917
CC_693D4AEDA3A2,0.108564361526094
CC_6952171BCD2D,0.1547775923826959
CC_69547DEB412A,0.2254399975089797
CC_695E80DBA42A,0.0897008737998273
CC_69717E76CFAF,0.4426397067027575
CC_69741BF89A2D,0.1249232509862973
CC_69825C70EEE9,0.2219657034036775
CC_6985C268DC74,0.4899268832078942
CC_698886C4AD90,0.1354984344619602
CC_6999901A6060,0.2041713911428989
CC_699ABD34646F,0.0846509310945881
CC_69A98DC7A907,0.0736715249839163
CC_69AA6E0DDE10,0.3290173100028308
CC_69AD5A48A78B,0.2625907637744947
CC_69BA7BFF98E2,0.1056566936208852
CC_69BBE365C097,0.0544798879277584
CC_69CD95A00D9C,0.0486038041071549
CC_69D328691680,0.0820449998246305
CC_69D39C9F36F2,0.2566097450901828
CC_69E09390CD64,0.0830718563018228
CC_69FD49E90AC9,0.3359328040195224
CC_6A099AFE73BC,0.1381174621083605
CC_6A099E6C91BA,0.3047519938637837
CC_6A19EB191A81,0.0377959229180944
CC_6A39017046FE,0.0977379602664812
CC_6A4A401F2920,0.3440908186146569
CC_6A5261180031,0.0687765368277764
CC_6A7432494840,0.166865155848407
CC_6A7963180D20,0.3089058846211467
CC_6A7D7E5F814F,0.5333970911678826
CC_6A8B8BBA749E,0.1529318455284209
CC_6A8DFDB0621D,0.1400605911646893
CC_6A93C436E2FF,0.1127478691616964
CC_6A97F81D9A0A,0.1607008923745266
CC_6A9D1622B4DE,0.2745008980108805
CC_6AA6589445C1,0.5987507474820615
CC_6AA7A87F59FD,0.1842214206580438
CC_6AADD44C0B52,0.0854501590458403
CC_6AB4A5EBA3F6,0.2061427536239077
CC_6ABA7D0ABAC5,0.1062105687514523
CC_6ACF1E52BE8E,0.1498194068049046
CC_6AD3513459CB,0.0846386009674116
CC_6AD4238EE77D,0.2313176196054917
CC_6ADD0FE5DD74,0.613061791844855
CC_6AE2737BD3A8,0.077677657734087
CC_6AE48C1F2448,0.1417303455920442
CC_6B00A666A420,0.6878719359645017
CC_6B07C3992304,0.0685669250300958
CC_6B0A72BBD800,0.6341749057395025
CC_6B12B975F2EC,0.3720786414977023
CC_6B12C9507F32,0.2088961349856629
CC_6B34719D93AC,0.5684891044637241
CC_6B34740DD355,0.1579742523982609
CC_6B41081727AD,0.2213373006719793
CC_6B4902892E70,0.0845464212653628
CC_6B5BC2D89077,0.7206301534804698
CC_6B65242C2CCC,0.1570676194350537
CC_6B823BACBE75,0.3274960806306333
CC_6B83E1A959C2,0.2668401380083475
CC_6B84FB3DE604,0.0419190298765178
CC_6B8AABAA752E,0.174845075783302
CC_6B8AC0DEE990,0.4101476596031526
CC_6BA45C072D40,0.1624167165041089
CC_6BA72ECB5027,0.1040418797400575
CC_6BB560F020BD,0.0748041610589742
CC_6BDF0B68C126,0.0357160584325336
CC_6BF0A9437728,0.1044438148831154
CC_6BF3B9097199,0.1732483626561878
CC_6BF7A1EF31B9,0.2321091857015249
CC_6C29DF49246A,0.0704424151642943
CC_6C3C86C2125E,0.0902428219359254
CC_6C42FF6D7218,0.7097705870161228
CC_6C541A482CF2,0.2182478623287894
CC_6C585A6BFE01,0.7864221070311443
CC_6C5CE36700D0,0.1752104540343634
CC_6C62C2094733,0.119893928876239
CC_6C66539A9D02,0.3036600067002961
CC_6C684505E498,0.07770558955025
CC_6C6E40927C35,0.0452549081799932
CC_6C7736F51C12,0.7207900711520844
CC_6C781CEB6F52,0.0856708952228235
CC_6C7E39BF4744,0.119769157013956
CC_6C9EE9BAECEE,0.0770087754331794
CC_6CA0F076091A,0.1108369208176769
CC_6CAD299645B0,0.1431233236776231
CC_6CC3C50BA394,0.1043158486927623
CC_6CC593C5385D,0.0430114852578135
CC_6CDA4B24C602,0.2923499763390955
CC_6CE31AFF7813,0.0721098548922902
CC_6CECB68DE9C1,0.308304756462795
CC_6CECD3DBA212,0.180445202968852
CC_6CF17D012682,0.1690673182741187
CC_6CFCDF903310,0.1721454209572538
CC_6D08B5E62654,0.0929870611027293
CC_6D0F60667273,0.2675520483831574
CC_6D127EE83945,0.0602580644498252
CC_6D134DB29068,0.3291989788097907
CC_6D141A49D94E,0.5588451805735143
CC_6D148C0A624D,0.1551995806351707
CC_6D1EFDDE2EED,0.0682119929191804
CC_6D22B938D7B9,0.078276149357195
CC_6D27409F4956,0.089546959298074
CC_6D2F0EBBCA4D,0.2499334837337817
CC_6D43BE30E8B8,0.2184273740045453
CC_6D4EDEAF67C7,0.1875495599657432
CC_6D72571304DC,0.5276792313956489
CC_6D7C62C7C161,0.0641200421406167
CC_6D8A18C28AF0,0.0698946638917255
CC_6D8B35007242,0.074674897884232
CC_6D93A9E49E3B,0.2016206437370331
CC_6D9C644A082B,0.0964394848282223
CC_6D9F52BD4D0E,0.1226832785331451
CC_6DA058F9B631,0.2908605450146011
CC_6DA1F8DF9CDC,0.2660884055325084
CC_6DB000AEF16A,0.1069619706765292
CC_6DB5025899E3,0.2173301866934417
CC_6DD6FA2FA0C6,0.1227405354921844
CC_6DE4E4C1A31D,0.1914195544255246
CC_6E09CBC15C94,0.4504764557291439
CC_6E353816938F,0.0515228590336313
CC_6E3AB992A5C9,0.1771289064430787
CC_6E420A2FE490,0.1589165600891283
CC_6E46D01888D5,0.1494074957072343
CC_6E4702162475,0.0731312268821283
CC_6E548AF15091,0.218255916592849
CC_6E5C9A2DA27E,0.0448570215897877
CC_6E610F3976CB,0.1757902784911207
CC_6E614FF9BE02,0.6418327746140007
CC_6E68D46447E2,0.099623451606629
CC_6E712C21215D,0.0469648092953264
CC_6E84DED41B8B,0.1499702569649452
CC_6E8557E30DC9,0.6031076361032582
CC_6E8963475D35,0.2132769721270742
CC_6E9880CA0BF9,0.2822062206318063
CC_6E9FCD68ED52,0.6608341781806406
CC_6EB194A93F60,0.1358657388880841
CC_6EB370F511F7,0.0620674750802643
CC_6EC722B2BC2F,0.1655620810631915
CC_6ED1B0EE4B6C,0.1997039980436467
CC_6ED65E7CABA2,0.09711568516143
CC_6EDA84B653B8,0.3476483659870937
CC_6EEE8E7C1D1C,0.2128064112136134
CC_6EF17801ADD6,0.1499471000230424
CC_6EF337CC4BA9,0.3053105450208651
CC_6EF464EC9FCF,0.1235651060137369
CC_6EF6B8AE7DCD,0.0451336099392068
CC_6EF8C59D8395,0.8143272426603646
CC_6F2146FE362E,0.0549435782691357
CC_6F2408B665A6,0.3726626192479508
CC_6F2B8E925D59,0.0354335676221772
CC_6F3034E96848,0.100051133074065
CC_6F3559ACC2F5,0.0460536273940371
CC_6F46C5897DA8,0.4254393239123558
CC_6F49ECAE902C,0.0655929025894813
CC_6F4B818665D3,0.116589387486774
CC_6F4E696A1F88,0.2772246951186218
CC_6F54BD66C0EA,0.1503526663670901
CC_6F786C433998,0.1321815331681483
CC_6F78BF56B0C0,0.0965555026975309
CC_6F8346F138C1,0.4673206220136309
CC_6F86CFDB23D6,0.0558937699148741
CC_6F8E30AE9457,0.1614143720283747
CC_6FC25B27AC26,0.0777584300202723
CC_6FC8BE007FE9,0.1214417477884488
CC_6FC8DA40122A,0.2198269814882103
CC_6FD8BAB1DA3E,0.0625513801415792
CC_6FE4FD09A9D8,0.0794472270932587
CC_6FE78CB02174,0.0444685718930374
CC_6FEB8EDBF2A4,0.1446703644524694
CC_6FFCF2DAD0A4,0.0921304975792211
CC_7002034B0979,0.0892079877806872
CC_7006523D45E4,0.0816485683207465
CC_70097151A773,0.0654210895370901
CC_7011BC95A91B,0.0446143444859854
CC_7020F3C11A3F,0.1516846777994225
CC_70306409A3E8,0.2845685085486887
CC_706B18DA7204,0.1588369639078589
CC_70703A59C070,0.1810831492056168
CC_70749DDFF595,0.1252910970779223
CC_7079CE5127A3,0.043745832403673
CC_7087A46F0AB7,0.0918157435864172
CC_708B73EBD939,0.1718404918910729
CC_709315667BCA,0.077584850707056
CC_709970475B6D,0.6380497827334624
CC_70A56ADAC199,0.0507297233495967
CC_70ABB244502D,0.0452353061225737
CC_70B0176647CE,0.1439548367140941
CC_70D3353DA1C3,0.0666475968300358
CC_70D652DF4E91,0.1188700781296459
CC_70E3121BFDC4,0.1034844221414572
CC_70E5FB8B072D,0.0475700464286802
CC_70EFECA3FAEB,0.1787741369191467
CC_70F59DA18BCA,0.5317134995566709
CC_7100129A0AFF,0.08956308940639
CC_7113554E33B9,0.1131862200585858
CC_71260405461D,0.0938143787640637
CC_712677251322,0.1690839865619363
CC_712D31B2785D,0.0523038076456304
CC_713052DB1E2E,0.0646214875885409
CC_7139C2D6F1AC,0.1163094577344535
CC_71427FC8FA49,0.2307798772898813
CC_714912E93A71,0.1111993366126435
CC_717A5C2ED311,0.1981086151983496
CC_717C94F5C8F1,0.0751317673458203
CC_718F067F4DA0,0.0411081168450253
CC_719E714DD38C,0.0571667678653486
CC_71B169C874D0,0.1572380625870636
CC_71BB5070615C,0.1152077049134094
CC_71D37D6D19C6,0.2499264794941698
CC_71DC80205F42,0.1986801287773905
CC_71DEB636B8CD,0.6141165206415633
CC_71E4CBAA1211,0.1435655111126549
CC_71E787049755,0.0987617408646199
CC_71F1EF5575AC,0.0919761812938121
CC_7201DD8EB33B,0.1872781419762638
CC_7202C8CE2317,0.3163611714458946
CC_720B06583C57,0.0467829224564993
CC_721DEC038BAF,0.0811824060866784
CC_72219BCC83E3,0.156158281958827
CC_7223DABA7E98,0.1456993949339273
CC_7233459FF7B8,0.1942425607611848
CC_7238A8A6767A,0.2254279191614697
CC_724559551664,0.7239893970139142
CC_7248EB4B76CF,0.0538006263172744
CC_7259B5314D92,0.0899004009436107
CC_725CA03102FE,0.048360861381877
CC_726E05E5A555,0.1167209800528298
CC_7276AEED6D4A,0.0863629475917368
CC_72A18E8D6670,0.0437866449858616
CC_72CDBC38202A,0.5511175863511873
CC_72D8B2ABA2D1,0.7609924823929171
CC_72E4590D362B,0.3785074426343274
CC_72E8542AE4BA,0.077046858716818
CC_73010B6E55DD,0.6038561519007292
CC_7309A4693D52,0.1372003776774248
CC_730C2A3FF1BF,0.1609987168815018
CC_731C1BCED024,0.6289924257797539
CC_732C325832D8,0.1542237634135639
CC_732DFCAA0A75,0.1885160990625228
CC_73322A6A24B1,0.723729237242388
CC_7336B19A18AB,0.2109869172600461
CC_733AF1D123B8,0.3271911081473765
CC_7344A0E90AFC,0.1055829367081329
CC_7348C2B475B7,0.1180511575626589
CC_735E1A78B058,0.0845326209217291
CC_735ED2A02DC4,0.1432877910740732
CC_736015DE4E3D,0.3505187839653786
CC_736A42761E55,0.1085322369203303
CC_736C0436B98D,0.1870931557876443
CC_7379212919FD,0.0769246008620431
CC_73859CD59E75,0.5344407421632188
CC_738B201B1CF9,0.1631053509060343
CC_738DCB11942F,0.0651686634591687
CC_739198ACE582,0.126777950566406
CC_739D093D7B69,0.1091570154755893
CC_73A7FC903662,0.1826588483573222
CC_73A8927DCEB9,0.0932250803089099
CC_73B575BBBBE3,0.1477524632512956
CC_73B6B9AD2002,0.0502331608461198
CC_73C28D72A5A3,0.5227182820876792
CC_73C38DBDF9A7,0.0966949759168267
CC_73D44BEF6754,0.3766261128581091
CC_73D4C1D7C022,0.0868990264177253
CC_73EF383F3C2E,0.1494868969753039
CC_73F34B1607C1,0.0641929802377191
CC_74137206902D,0.1045943053482844
CC_74198E5EC366,0.0586005611149764
CC_744FB5804A8C,0.5805103472672983
CC_7451E64B6D47,0.1593960850555547
CC_745A64878AF1,0.0820293841785805
CC_746B196CECA1,0.1582565429977888
CC_746C06898D5B,0.6582690686591199
CC_746DE1EED0DD,0.2591695506476306
CC_7476938CF6A0,0.4417836429683321
CC_747CFDB7E305,0.0847287245995493
CC_74845374E870,0.7319927150792506
CC_74AD8D3B192C,0.6782283729416443
CC_74B90A15B270,0.1096136806502803
CC_74BA5D46E909,0.6411527259986456
CC_74BE0AD5E21D,0.190445782232221
CC_74C33B66F002,0.1284438854619983
CC_74C9C3F17421,0.0664733488330251
CC_74E4BD5C07D2,0.0716285045811618
CC_750D90249EFD,0.1072804603291548
CC_750DA21B7EDD,0.3122056695093992
CC_750E6537383A,0.2560459722611989
CC_75137D6F9DCB,0.103357919855632
CC_75173A8A11D1,0.3744473806202629
CC_751DDC1FC2AD,0.1324235523572496
CC_75357E0206F5,0.0797668060375931
CC_753D160E3A58,0.1195227688031414
CC_754447632F75,0.0486831705856895
CC_7549363C5D36,0.0665274262579974
CC_754F3894627C,0.0846813248030986
CC_7562CD43897F,0.1358605106254994
CC_756A077EC614,0.4172290936960598
CC_756D3492443F,0.3090166275716913
CC_75783B3E6C6E,0.0510784665622077
CC_7598068A716C,0.0459623178600894
CC_75A37D8C1F6C,0.5627586550318093
CC_75ABDDA24C26,0.1285943727382502
CC_75B287424E59,0.4242193108533879
CC_75B2B88876B6,0.1005415456552593
CC_75B324FCDD4A,0.2879182583954039
CC_75C1466E61E2,0.2060409273491917
CC_75CCCD9D4568,0.1117064331971124
CC_75D2DAF4491C,0.3430989122530667
CC_75D54090AAD4,0.1224256873303178
CC_75F1927E5941,0.6897043847966539
CC_75F99AD6844A,0.3162264194507236
CC_75FBA505C727,0.2668864238430977
CC_7615CC930B76,0.1423101388538765
CC_76168488EBB0,0.3707530804636617
CC_76197A77D666,0.0389083439341858
CC_761F48F8E962,0.2131651753259418
CC_764C6ADC6D1A,0.0987377535431823
CC_7658A6B0910B,0.0558060352469523
CC_766347951B7B,0.5289555176696324
CC_76857712D8F5,0.3368207557929404
CC_76A0DF2549B7,0.1020011244470508
CC_76A636414AEB,0.3007096032881153
CC_76B01540CDD1,0.1568793253536388
CC_76B420FC66EB,0.1055122771038673
CC_76B6BCD2EBAF,0.0701357641738117
CC_76B7A0029620,0.0932367289919674
CC_76BA435EF2AC,0.159303061544723
CC_76BCC1AFDA4D,0.0798943138780012
CC_76C35913E797,0.1515120057314454
CC_76DE3DF1DEE3,0.1860204028295656
CC_76DFA4CD068B,0.0815433543251571
CC_76DFE3568C72,0.2732740688322054
CC_76E201F1E036,0.3112371847381903
CC_76E83166FE0A,0.1606814909084689
CC_76FD9E9D9ED0,0.1090642930460364
CC_7720BBD06736,0.3272684826159542
CC_77340228F356,0.6701542872599201
CC_773CBBCBAFFE,0.1048948265071925
CC_773E9B092923,0.1123568888264411
CC_773F22C3E42F,0.0421217651254928
CC_774ED295BF96,0.1818798093996338
CC_7751ED6DF76C,0.0465063136412112
CC_77571749B970,0.1232530807341803
CC_776F8B3BAC08,0.116098925534666
CC_777889F9694E,0.0456422911345961
CC_777D08513AE8,0.0953221980196883
CC_777E3D988EFD,0.2453039941823431
CC_7795BEDE05E8,0.2735113174073471
CC_77A9EA3A6784,0.0801375197405724
CC_77B1AB7960A9,0.2268606526300756
CC_77B6EA810549,0.2636467694350789
CC_77B9889C9BFD,0.1489126140527857
CC_77BC55DC92B6,0.198733050022786
CC_77D1DFCB0A8B,0.0540377130563742
CC_77D9AC43DFE1,0.177590095749755
CC_77E6EF1CF2F7,0.127255921481719
CC_77FFA8E6B36D,0.1451086010777747
CC_7801661A9DC2,0.1661213839966871
CC_78069B1BD931,0.1360762758566968
CC_780828B48716,0.1008448746863347
CC_782130B98F34,0.1182428734143703
CC_78273789B3C5,0.720627697879177
CC_78296783E4EA,0.2134309272294461
CC_782B06291D87,0.0686318003116214
CC_783A2D4C89F9,0.4336935001181583
CC_784407E16923,0.1285371971406521
CC_78491B6255F2,0.4403137552098453
CC_784F17AC712F,0.0798603748234002
CC_7852FC3BBADB,0.0813394191546135
CC_7866E4CE528E,0.717060255651307
CC_7867E7C01013,0.2012333305120951
CC_7869F609EC2E,0.2032508328210403
CC_7874F14ABD7F,0.2123464863850311
CC_78774E05FF12,0.1521008465584584
CC_78815A352067,0.0875415874560642
CC_788FF4549766,0.2873706659075497
CC_789977501322,0.0995009695984471
CC_789B2BA880E7,0.0441518157409796
CC_789D87F51AA1,0.0652622539958486
CC_789DC3C358CB,0.2353608804083106
CC_78A036DF6320,0.6963406927570931
CC_78A3EA63B7EF,0.0457237482563971
CC_78BF1B8FC1CA,0.1093711314385141
CC_78C96E7015BA,0.6500810322074195
CC_78CC84FA2CE2,0.1894187688508027
CC_78F0087076CF,0.217471492477396
CC_78FAA95F5B5F,0.1086166778073592
CC_79033EFDE096,0.1713209290710695
CC_79086C18A963,0.1380695796760516
CC_790DA2ED9F5B,0.1138894902174068
CC_7928811F7D86,0.0993856718445374
CC_79345478FCE5,0.2336197570832267
CC_7936C8D65B95,0.1680906261412613
CC_7948C5509411,0.4967635424424151
CC_794ADB0677CD,0.133969737306876
CC_794FF8E7F876,0.0516139675439782
CC_79500EA652BC,0.6381434749665775
CC_795083A66DB5,0.0436159151699885
CC_7950D4B773CF,0.1540485788657738
CC_7955AEB49759,0.1498845013635945
CC_7964F862DFA3,0.4027483581682816
CC_797A700CF967,0.5252253487439478
CC_798180DDF677,0.3447633210023365
CC_7981ABA9C370,0.1070631439001852
CC_798B2DC03C5A,0.0915823945027824
CC_79BD986C23CA,0.0781125275932111
CC_79C6BA680815,0.5145410731211232
CC_79D694E6F5AF,0.231683096385685
CC_79ED9A0F6E49,0.4072716140609508
CC_79FA2512E5A2,0.1657354580706398
CC_7A0024F6FA60,0.1884634275422291
CC_7A193A453F27,0.0453422308389266
CC_7A1F071DC5D4,0.3952536689119123
CC_7A5D96BC99AA,0.7472831634510542
CC_7A6B51562949,0.1435415524491738
CC_7A6D7F9654DD,0.359409925341279
CC_7A778E010F33,0.2759415303089167
CC_7A7FB841B669,0.5476243817468786
CC_7A91013D31E1,0.1167133977887919
CC_7A9117596769,0.0542167694954884
CC_7AAF340DCE8F,0.1974484598528939
CC_7AB146267981,0.2482535201301341
CC_7AB2A9CC8424,0.2634957727846707
CC_7AC1DF18CBA4,0.2107753808508602
CC_7AC4240DD225,0.2913208915284989
CC_7ACB325BD924,0.172819732983182
CC_7ACB88002397,0.4300948472918736
CC_7ACD4F370AED,0.1921176247806618
CC_7AD4072A9F82,0.0521965000930862
CC_7ADEECDE4D73,0.2192535635007231
CC_7AEB48D8C5E0,0.0832781609224019
CC_7AFA5CD2B29E,0.1093113000482791
CC_7B092786DDB0,0.0563057059825331
CC_7B1B35D5628E,0.0517039076509243
CC_7B210557F04A,0.1302635995144551
CC_7B369A7C1D3F,0.1628847970249577
CC_7B4002591821,0.6901609506060943
CC_7B42BD80D79A,0.1765666401369343
CC_7B44FDF08B93,0.1382904889244457
CC_7B501C32CAE5,0.0868688053124828
CC_7B88520D4FA2,0.3761570367667111
CC_7B8ABE6E552B,0.2033074413970194
CC_7B8D2E07908E,0.3158731014856831
CC_7BA150468D19,0.5906472846968666
CC_7BB159FCEB53,0.1951712757012983
CC_7BDD72710831,0.0732069559108118
CC_7BE02C65B967,0.1881149937291086
CC_7BE382988C1C,0.6347929170507808
CC_7BE6110DBAA1,0.3363158512881088
CC_7C0B14BB0573,0.1521025734876787
CC_7C0CF5558904,0.6745413789763371
CC_7C13E7F561DA,0.7011622069292146
CC_7C46F7F667F3,0.1219251606094816
CC_7C510CE0521B,0.1009114007419777
CC_7C61B5D39E49,0.4108915073995016
CC_7C6770DDA182,0.1222431292547975
CC_7C6DBF78A610,0.1007375228838539
CC_7C7B0438E3AB,0.1737120709515935
CC_7C87DFBC3176,0.114307949314269
CC_7C9528E94215,0.2557292931523672
CC_7C9ADE65CF81,0.0988246979787508
CC_7CB6CD1B9DD0,0.0528620997478813
CC_7CB7C7E55BE6,0.1532947389711443
CC_7CCC3A690325,0.1551227788513865
CC_7CE5689488DB,0.0437994039163652
CC_7CEB758A9814,0.0564914936698593
CC_7CF7443D923A,0.0741318616331045
CC_7D0D597690BF,0.1512545961431001
CC_7D0EA0307817,0.0623488909944846
CC_7D12E6FF25C3,0.1162906371547478
CC_7D28D39AED1F,0.6628711742703364
CC_7D2D19D832FF,0.0615763298341865
CC_7D34A67E1369,0.0645978290684173
CC_7D4388B41EB9,0.1414036849959764
CC_7D46FE573D79,0.0871701579232372
CC_7D7810799F2E,0.0523416469937407
CC_7D79241150C8,0.1481383443006511
CC_7D7B92EF2655,0.1516809230176782
CC_7D8C2495C1F7,0.0832388687958624
CC_7DA4F1BA24A1,0.6149210630476533
CC_7DAF18939084,0.066099041697173
CC_7DB8BA427410,0.0552043438935241
CC_7DC9456F1161,0.0467447904147631
CC_7DD2CBE0F0BC,0.2018275942210991
CC_7DD495158BFD,0.5993174015081141
CC_7DD5411F7A14,0.3192784687166863
CC_7DF099A7A092,0.238624731345792
CC_7DF27D2AC111,0.0575329846942281
CC_7E0CA072EF93,0.072783482846029
CC_7E0DA100F5F2,0.1984844105787149
CC_7E1086EFDED5,0.044279695258584
CC_7E12E0F3CF6D,0.0884804201537463
CC_7E178CE78FB8,0.0743090469671857
CC_7E1C1A6D0E9A,0.1827569137701569
CC_7E2A76850DF6,0.7663249485862477
CC_7E3ACB15C69D,0.104277330037657
CC_7E3F3373A73D,0.6757751859255225
CC_7E42A3D0737F,0.1104419940371452
CC_7E4679C534D7,0.2352832173395316
CC_7E53FEEB19B1,0.2596345548748419
CC_7E71CE7FC603,0.1935857727794
CC_7E8333DBAEB4,0.3974419158731727
CC_7E843438DE4A,0.0601956829758105
CC_7E8E4747C0D0,0.6628595931683923
CC_7E952828C1B5,0.0872504389086656
CC_7EA6431FE6F5,0.1229893634958779
CC_7EA7BA7621C3,0.2584129523260607
CC_7EA8F24B3010,0.0968611104104986
CC_7EAB28B0309C,0.0780876887860747
CC_7EB4A5BDA97E,0.0830938541786372
CC_7EB4B0A36534,0.1025994922981875
CC_7EB791F4AB2E,0.129026644617168
CC_7EB883C9D5F9,0.046153956029769
CC_7EC59C577F02,0.0644302587921796
CC_7ED2683D26DD,0.1008847445065345
CC_7EDB3440E0AB,0.593667625279377
CC_7EE12013C7DF,0.1695630802221647
CC_7EF824CC0D3C,0.1219734417206977
CC_7F09C6F6321D,0.7017029883540027
CC_7F1AD40DA179,0.1959496135446932
CC_7F1D38A39164,0.0716906481743904
CC_7F22B7D326CC,0.2041592007934659
CC_7F2614F1AAAE,0.2317583462157687
CC_7F2CDC7C1634,0.0503361136569259
CC_7F2D46DF9BC7,0.1517134706094588
CC_7F57A90B69E0,0.2090927634236927
CC_7F633226A676,0.3128012880058576
CC_7F753D809267,0.7229142000045905
CC_7F7EBF25AED7,0.0404884536777437
CC_7F8496CC5779,0.0427297009643295
CC_7F88D9C5D258,0.111319360759094
CC_7F8AB4DCA794,0.1206196182990492
CC_7F8CC9509418,0.2919963764431809
CC_7F9069571F79,0.2221608621512264
CC_7F9AD27E079E,0.1897173525689889
CC_7FA281AC1C7A,0.0898161865531265
CC_7FA389E90548,0.0759450241120753
CC_7FBF4A48AF55,0.0552419215997983
CC_7FC40175A8E1,0.257286582791798
CC_7FD58EE7029D,0.0946503911524011
CC_7FD7F635C341,0.057850297536295
CC_7FDD458DA059,0.215059277015318
CC_7FE85C259E03,0.0993654669811452
CC_7FE8CD30D7E0,0.0839817503060561
CC_7FFA32DE7B04,0.1327138159341959
CC_8014F1E2C5BF,0.0435014269591264
CC_8015895C1C29,0.2419349191911765
CC_802BA7E39A13,0.0624022823374774
CC_80300D23C3FE,0.4859305556753046
CC_80465303B6E2,0.2087293210919307
CC_805ADFD46B84,0.0612554621471244
CC_8060F40D9522,0.148405905423238
CC_80621E822131,0.0570369325301432
CC_806654B580B5,0.4544503156203198
CC_806CFD6A52BA,0.0458703886440831
CC_807935BBEB7F,0.0504801460082866
CC_807C57E626E4,0.0817142450974009
CC_807C91C98684,0.0382135028691022
CC_8096B589BB07,0.1489545994629358
CC_809D60155E9D,0.0893756274193671
CC_80A2189E5125,0.4983181085522534
CC_80AF87F62770,0.174370949990038
CC_80C03DF9CC57,0.2001316387517991
CC_80D9B6563750,0.5674393447983509
CC_80E9638ABD4B,0.0539040293536977
CC_80F7171B71CF,0.1204974536475384
CC_80F9983BC18B,0.0587104887924017
CC_811109A98EFF,0.1013570630331953
CC_8129480B056D,0.2779154539299822
CC_8134E5DA9FEB,0.6056144827924315
CC_8140399AD344,0.1111160688336229
CC_8140E278B6A0,0.2300961622810263
CC_814E0F756757,0.4217269559386499
CC_815FAAABFC91,0.2624925629676895
CC_816B28807CED,0.0858610855996293
CC_81821F9F2307,0.4941954208455998
CC_8186D7991EB8,0.0575592366888968
CC_819E203180C8,0.7694586284319613
CC_81A5E3141BDA,0.5177774585416032
CC_81B5CED8EE79,0.1949061052656199
CC_81B91198E00D,0.7013829625664026
CC_81BADC379C8B,0.2095903537176774
CC_81BF8EA390F7,0.0540626666332288
CC_81C5FC962C72,0.0607076492532784
CC_81DDBFAF1CB6,0.0567275033261545
CC_81DE637E6138,0.0526552530348214
CC_81F389DEC9C5,0.0867242336910122
CC_81F647806849,0.1458706172957751
CC_820D491B2903,0.7613791000134554
CC_82172863AA45,0.2937758763023089
CC_82195FBE9366,0.0613176442658352
CC_821F503DA953,0.0731046050717926
CC_8221AF9B0B93,0.7438245482481396
CC_8222D1C47857,0.0681609208527158
CC_824BB6CD2B25,0.0731336911816261
CC_825192411933,0.1044452552788492
CC_8270E213EDF5,0.2059005785762887
CC_82839CC161E8,0.0661049925416379
CC_828A0B6D7291,0.1128907326823549
CC_828EDE22A438,0.0406984285321725
CC_82928B5ABD45,0.3154542702873691
CC_82A7FE954659,0.1849047663434216
CC_82ABE1FFFA1F,0.1583962781997156
CC_82BDFA01C41F,0.1115789725932717
CC_82C20057CB4A,0.1090899659239924
CC_82E52529A567,0.294663384757675
CC_82EFBFCF68AB,0.1158408262794048
CC_83092F58B321,0.1259325774413723
CC_83098B4BBD4A,0.1374677579355542
CC_831F9E623C5F,0.1759434273594559
CC_8326C8A3D569,0.1108090150984006
CC_832730F42A18,0.1123226600975318
CC_832A44C3F2A0,0.0515887553121568
CC_832EBAE498AE,0.60202256142273
CC_833B196A70F3,0.716888475286593
CC_833E14DFF4C6,0.1695026433236119
CC_834092035687,0.31932130790832
CC_8351244DE3CB,0.0723239693129104
CC_835B90025058,0.0571497951442357
CC_836534CEDFD3,0.1415480776213605
CC_837ADC1EA55A,0.194434158133904
CC_83884D799788,0.2112608300512099
CC_83947255841B,0.1004986723873135
CC_83A5A3022ADF,0.7653098681849763
CC_83ABA98906DE,0.0751328429962746
CC_83C75D07414A,0.3903153612803943
CC_83CBA767432F,0.7006279599547893
CC_83D342F53F36,0.1311163760251771
CC_83D5CA2A23C2,0.0431987237025094
CC_83E002D6D82D,0.1995494940948978
CC_83FE1BCC83E6,0.280638771882754
CC_840E5B830DB4,0.044306724809748
CC_842525788FC1,0.1888117679026649
CC_843076C8EB9E,0.277201784551379
CC_8442C97EE91A,0.1090353146992744
CC_844C3C30ED67,0.0979020219031434
CC_844E345D2636,0.2437948178851326
CC_844F26E92B12,0.172482011050228
CC_845032D8A261,0.2589629314163795
CC_845223F606E2,0.2674852798962883
CC_846F5B19B110,0.3146675668473052
CC_84797EA9ABF9,0.1976352292044955
CC_848D59D48081,0.1771857727637576
CC_84AB057BFCCA,0.0572564677649742
CC_84B0BA112537,0.0893363994742521
CC_84B8FCEDADD5,0.0843382992291496
CC_84C61A6BE99D,0.1131034132846322
CC_84CDF830F68F,0.0909366011219018
CC_84D5B88572DC,0.2431956484301206
CC_84FABECED186,0.1277481609649627
CC_8503F43FB29C,0.2224953763192862
CC_850ACB004EE2,0.0861426276234133
CC_850B114489CE,0.1110572125792941
CC_850CC17BB13B,0.1229286104984849
CC_8518C159BDE6,0.1394185332297457
CC_85299261146C,0.0676992038819383
CC_853986C52A17,0.0462931655497121
CC_853ABBECF2E1,0.7694509402064736
CC_853BF4485D85,0.1615766627106564
CC_853EED03843B,0.0787816767769915
CC_853FD1B551B1,0.1707314004119378
CC_854AAA98CC0C,0.7764006197163953
CC_854F8AB5F1FE,0.0524928826156639
CC_855E2A785BAA,0.0852785860695649
CC_85614CA68432,0.0573430316068766
CC_856B92B23BB5,0.7641332003285498
CC_856DF4A30E13,0.6955081341106077
CC_858704DBD5A6,0.0574221379171364
CC_859EF0AAA74A,0.0537484687205697
CC_859FB710961E,0.1410599944745647
CC_85A0EB3C9884,0.6195213435481853
CC_85C887BB996A,0.0919359755321802
CC_85D9A6C9CA60,0.1351900024838064
CC_85DAF10E61A1,0.5147982029561787
CC_85DEF8ECB524,0.1357246721596456
CC_85E2E0B8B15F,0.6850104541184392
CC_85F018DC47FC,0.2516416152951889
CC_85F376B33951,0.1995636586318061
CC_85F745E1D307,0.1311215050363768
CC_85FAFB430486,0.2552809680429794
CC_860D4B868C17,0.0309892959539365
CC_8614E30C9FCE,0.414056266048241
CC_861F5DC22035,0.0521044638893519
CC_8624ABB391B1,0.1914046622026159
CC_862BAB422756,0.2422653576047528
CC_8642F98E5504,0.1671510891580707
CC_8655B8862C81,0.1618169976869997
CC_865FCEE75A8E,0.0380783575053423
CC_867372811CCD,0.4257325005434285
CC_867695B5C296,0.5737060118426869
CC_8682B1F914ED,0.1333005277704853
CC_8691DF144B92,0.4286482248566672
CC_86AD259FA5B1,0.1913624542488255
CC_86AEC21936BB,0.7081223138842936
CC_86B1D15F8424,0.0567971562238723
CC_86C2A6EC5712,0.6947515256720656
CC_86CF816B494B,0.0726093674418893
CC_86D4D58B1D0C,0.1551634092822591
CC_86E2C4E17CB6,0.0546330744645456
CC_86E9E191E3CA,0.3785637868014254
CC_87000C16C856,0.1004519158776176
CC_8703DD5FA02C,0.1804313699784694
CC_87065B1F429D,0.0903556279207268
CC_87434BBA1CE7,0.0425558805169784
CC_87450EA8CD55,0.6387979838508391
CC_87480F785786,0.0791525586065664
CC_8777EA6EBFD4,0.0491093967548759
CC_877A35E76904,0.085312901244048
CC_877B37D01563,0.1280489376438393
CC_879759A5EFB8,0.3519222237734354
CC_8798AF2651BC,0.1100658661236216
CC_879989FB3B92,0.5851852125953338
CC_87A3BECEE5A4,0.1801847328980539
CC_87B7CDF4BDDE,0.0444830566334175
CC_87C13E620006,0.3183472610068408
CC_87E3AFB080F8,0.1240634607575798
CC_880044F77ACC,0.0917625726851964
CC_8809BCAC74A9,0.0497443261870784
CC_880E0019DB5D,0.040611538024823
CC_880F027D886E,0.1165153768935535
CC_8812BC579F7D,0.0730112196688698
CC_88225FE57D82,0.1810257187144475
CC_88315318E9DA,0.3309248150373117
CC_883864E584A8,0.0742699988180691
CC_88469BAD58C4,0.0573477056590233
CC_8854EE679596,0.0827286774936671
CC_886273CC4072,0.0959325307737002
CC_8866B6D4524F,0.251470029149726
CC_88A943606806,0.2847088578227376
CC_88E916A3F984,0.7909281740021531
CC_88FDC55C31A4,0.1077432242515099
CC_890D5EE59076,0.0420478861155668
CC_890F721517F2,0.0972410088329422
CC_89129D16418A,0.2447230258325764
CC_8917F02F9326,0.1340254003104472
CC_8920B6584A43,0.0811072383348133
CC_8929DF270419,0.7258771653741333
CC_892B119F0E5C,0.1694728792878407
CC_89302456B9D5,0.69974827141423
CC_893FAA6D1F04,0.6873762618948865
CC_895AF697BFBB,0.3428881056330619
CC_8961FF892F79,0.0370642087117004
CC_897674493060,0.0737061191011704
CC_898AFCD28B03,0.1454160174971935
CC_898CC919D10F,0.2222889250281349
CC_89A711195EEB,0.1227888699417932
CC_89B4DF07DF12,0.086395610275648
CC_89B941079E10,0.1218925384700151
CC_89B97E9FF67A,0.1172637234475595
CC_89C5162E8055,0.2019293302324109
CC_89CA0F1E2DBF,0.2190218297532283
CC_89DEE29A78AA,0.1152756580033113
CC_89E089707730,0.16037075918123
CC_89F0B865A6D4,0.149668917565072
CC_8A04C5D4D02D,0.0671555940403761
CC_8A081AA1FB92,0.3085017228861691
CC_8A0C640E7A89,0.5745460264794174
CC_8A12B68246A6,0.0476471097030396
CC_8A14A46B280C,0.1579294592851496
CC_8A165A18560F,0.2708960867621359
CC_8A19196788FA,0.0714713212601505
CC_8A25FA445037,0.1022339786374572
CC_8A29EA87B295,0.1166742153676236
CC_8A2AC87CB22A,0.0542104516847667
CC_8A34634E7423,0.5702671990882326
CC_8A38BC1AFE57,0.0832920192222491
CC_8A4CAF0CD0F3,0.0978658184548759
CC_8A5A0429CAB0,0.1272257960380708
CC_8A6E60FAE870,0.0789012957052229
CC_8A7DA054E397,0.7028753990583408
CC_8A7F5FF4B421,0.2729847639638296
CC_8A8249A44847,0.1473204284281134
CC_8A8BCE16DF45,0.1015976613547734
CC_8A8EC764734B,0.0776437201784384
CC_8AB553BFA00A,0.093849960847969
CC_8AB57DC077EE,0.601435642308866
CC_8ABA5808D313,0.0678569677505273
CC_8ABDD9A05C87,0.3251594962458903
CC_8AC7520DBCCF,0.1611678606002747
CC_8AC7F8BABF28,0.0683784289111887
CC_8AD67FB3A5CC,0.7489489050425326
CC_8ADDCF5EDCC1,0.1244554909934055
CC_8AF1C3A0799E,0.7294934000083454
CC_8B388FAED0B6,0.1097369439463054
CC_8B46CA903D09,0.0370439204607745
CC_8B5819403FC8,0.6873110647985179
CC_8B581B8207A9,0.136427078653396
CC_8B6DBEF19F46,0.1243201411320418
CC_8B8326C4C229,0.1438837821933111
CC_8B850FDCFC83,0.0827232315602851
CC_8B8F41F19B72,0.0770605564339417
CC_8BAF98C60957,0.1319214587213211
CC_8BB0824B181E,0.0523103259990931
CC_8BB963DAD9E2,0.1310798415628668
CC_8BBF5F939D7C,0.1642865003706657
CC_8BCBDCF4DFF1,0.1316645099820369
CC_8BCE343561CB,0.7711442110053316
CC_8BDA87361657,0.097912084858165
CC_8BE68A4DB87C,0.0795314322221985
CC_8BE9BBD879A5,0.0474760828612625
CC_8BED85B91011,0.4435738337714869
CC_8BF68E552DA2,0.1645910961766494
CC_8BF832E6464E,0.7729720419753451
CC_8C1561920E84,0.2358818458405143
CC_8C2A7D9A667A,0.1526556914451453
CC_8C3A5DFE70B9,0.2166901896893606
CC_8C534CCBDA4C,0.1987621677552573
CC_8C6472A3EEAB,0.0589648332405956
CC_8C6B4854D16C,0.270364471932934
CC_8C76DE4F58D4,0.0526540013367042
CC_8C7DA3F4F88F,0.0776004814207186
CC_8C8527DE7DD7,0.0815133270107923
CC_8C9416612FDE,0.3835995721609576
CC_8C9973F02AD6,0.40888639198749
CC_8CA1DB61A2AC,0.0539994033005541
CC_8CA59CAE22F6,0.1933999841166926
CC_8CAFD04A6EDD,0.1024204466710049
CC_8CCCC389913B,0.6340196861324792
CC_8CCEF12DC7B9,0.173981732904406
CC_8CDCD714BD1F,0.7248178325538693
CC_8CEC7987D1B1,0.094400010959139
CC_8CF621ADAC0A,0.2234053523814875
CC_8CF8FE2A4B82,0.4013110861140403
CC_8D048396D9D5,0.1098364784541482
CC_8D1089C58563,0.5046224384751224
CC_8D35A37FC4B1,0.1381052986151029
CC_8D41E12FE5B6,0.1340960066842746
CC_8D4A859839EF,0.1785542485788677
CC_8D4AD431C55F,0.0828535742353871
CC_8D4D882CA579,0.1295814935310918
CC_8D6151025078,0.1490604350034522
CC_8D637233FE54,0.1565350075736283
CC_8D6AEBA2D7EC,0.0741306769294293
CC_8D6E16DED971,0.1685331519124809
CC_8D7329F79BBD,0.4731953002553196
CC_8D7B7307C43F,0.0936203257758221
CC_8D7B9D4936EC,0.7482870540447523
CC_8D80B1B44AE1,0.5542691656478027
CC_8D9516D61143,0.4318912541965556
CC_8DBB8445786A,0.1391999939496572
CC_8DC5B86D9DCC,0.7557215606700848
CC_8DC6465998DD,0.2024582233729465
CC_8DDD0EDA9CB2,0.1411069454171973
CC_8DDEF0265CB4,0.0651554045370887
CC_8DE06BEB95A1,0.0780989719496969
CC_8DEBB5B14A14,0.1394457853172489
CC_8DF5BE7F759C,0.0599377343119641
CC_8E0ADCC71F85,0.0532915963321749
CC_8E0BD86F6F0E,0.1283879021702624
CC_8E143BFCF3E5,0.1017975698796224
CC_8E170A60D71C,0.3393710628596533
CC_8E1C3A21FAEE,0.1116228651751017
CC_8E408E18F060,0.1025376378316056
CC_8E42FB163DA5,0.7735809609316573
CC_8E47536D29BE,0.1887115610220392
CC_8E50AFFC5BBD,0.0525129689422022
CC_8E5FB1035354,0.1799349093910919
CC_8E7B9B8DD1A3,0.1133884774398522
CC_8E85B08196AF,0.0412988235099435
CC_8E96FC75AE5A,0.0822156908124485
CC_8ECAB5A6C7B9,0.0889234565137006
CC_8ECC4C7A6638,0.5145114320227173
CC_8ED6F13C35F5,0.1675393297337228
CC_8EE5E9467038,0.152882589931246
CC_8F037E5AE692,0.0583919104113665
CC_8F1A418D96B3,0.3035308850156394
CC_8F1C4014F91A,0.1332639414375186
CC_8F30A5FC9D49,0.0836110972609754
CC_8F3456F298F7,0.1840494888221145
CC_8F393D485C29,0.1388211370081405
CC_8F4A41130110,0.0481705330147509
CC_8F7AA6E4D486,0.1125235047214056
CC_8F887BE25314,0.1179587008479086
CC_8F90CD1A5E00,0.1546015577109218
CC_8F9B26042C4A,0.105865932706233
CC_8FA9423E65C6,0.1253688442010909
CC_8FBA6C32E0A5,0.332901270240738
CC_8FC1C50C41E7,0.087309385067659
CC_8FD005425792,0.0696160156085605
CC_8FD6A223135B,0.1286368637820268
CC_9002450E1B5A,0.0512235753785172
CC_901CE62199C7,0.3461997639465439
CC_901D2136E1F9,0.1570853676376839
CC_902648F62345,0.1368132408293486
CC_902BF0612E70,0.1435749922641443
CC_9036F7423277,0.1883072727798331
CC_903AD2767BAE,0.7205574561649702
CC_903E4BA690FA,0.3004729917754149
CC_904386E31210,0.0639251434172449
CC_904EA6C846F8,0.3775949400103638
CC_90549DD3CC39,0.123463364550153
CC_905739E5494F,0.0913117546766662
CC_906F852C69D6,0.6376356919825029
CC_907911F4930A,0.2371220640512746
CC_90798A7273BD,0.1315175876531021
CC_907F3A8AFCFB,0.0954633099301217
CC_907FA7722881,0.1156325042930961
CC_90812D9F30FE,0.0790526893594527
CC_90870A89F310,0.0521110094312246
CC_90894CA021C3,0.5533462149986149
CC_9092C5EBF5F6,0.0675944412187849
CC_90A10D649D9C,0.6882742103875529
CC_90BF8E127519,0.6230570477896277
CC_90DBB385A7F3,0.7011881695436647
CC_90EAD308012B,0.3163075094561102
CC_90F4BF0B868D,0.1626853942471298
CC_90FA39516EAF,0.0880465618794945
CC_9117894F31C2,0.2463740029367445
CC_911ED63BB556,0.3214923078613528
CC_912730AE6E8F,0.2768428844603196
CC_912CA7EE4C26,0.1324899108571477
CC_912DA46AAED2,0.0944929495737842
CC_9132E67EA479,0.1851040115262199
CC_913D95FB31E0,0.1674853158132494
CC_91529F20D461,0.7313658031331552
CC_91586318C780,0.0500800887717194
CC_915F2708219D,0.1653401001450788
CC_916CCF9CBC08,0.0385448726963814
CC_916CF77A29CC,0.089803514179449
CC_9189E4FF82C5,0.146514170984694
CC_91A27CB6139A,0.148545852273071
CC_91B7A4A15A37,0.6178301680018905
CC_91C2077BA6D7,0.0931914425131733
CC_91C4CC43EEE5,0.1589413794053307
CC_91C55BE33AC7,0.0629531488237739
CC_91C81BC58B49,0.081722951237601
CC_91DE12EE18A7,0.342179975529615
CC_91DED13CDCD9,0.1598236109304173
CC_91EF639761F8,0.1404911724626871
CC_91F23A7E743A,0.342385963384324
CC_91F4C5E889C7,0.7098357693127106
CC_920E91EB28A7,0.1758942941815409
CC_921481F5F77E,0.1021129725191281
CC_92221DB27176,0.2190325224073724
CC_9224D5677C66,0.128215527791545
CC_9230B9656F93,0.1905782222482124
CC_9231D0F8A993,0.7136661299939719
CC_923727159A8F,0.0586540406469863
CC_9248706729D9,0.0490485494510101
CC_924AEB5DD991,0.1809019614799067
CC_9250BA851692,0.3435412215510344
CC_925BACE3417D,0.0948950813323886
CC_9260CD0D7C0A,0.1360488140548098
CC_9285EB21B38A,0.1113264065714239
CC_92A09F03DAB5,0.7662451959757712
CC_92BC35D7F9CD,0.0802475302373555
CC_92C5FE9E5B12,0.7000535191435321
CC_92DC8CF8C902,0.1096952655067051
CC_92E006664648,0.2401749045030332
CC_92E4EFB9F0DD,0.1267168783005907
CC_92E621E0298E,0.1777702133544514
CC_92F412AC7D22,0.0727083734437057
CC_92F42886B7E4,0.2373337910960865
CC_9301E23D376D,0.5541108276552572
CC_931133320380,0.2102367189632508
CC_9314B6D8B7F2,0.0729832951376584
CC_9337E3B43211,0.2224481595018042
CC_933E044F26DB,0.0848953387924232
CC_934BB89938A3,0.1322887479189179
CC_935296A995DA,0.1147140815998041
CC_935326AF26E2,0.1718433160160906
CC_935B72B8E7F0,0.0527763074074137
CC_936FF3C9BE68,0.0501163399533039
CC_937FFE1718BC,0.045450405545935
CC_939F92AEE460,0.7751872016294251
CC_93A4365B25CF,0.7815722056930742
CC_93AB9D6A7EFA,0.0771153217106276
CC_93C719738590,0.789671307144526
CC_93CB48930B37,0.2881050026778819
CC_93D24FAFD21D,0.1094254109408935
CC_93DB5F477493,0.1026369190969101
CC_93E1CAFAD44D,0.0834893298854192
CC_93EC9F853123,0.1845530982580725
CC_93FEAF515A8E,0.0600570441840772
CC_94063A67F136,0.3466673388751616
CC_9406E32819F5,0.063453045505556
CC_940971CBC1A4,0.1669174543597579
CC_940ADC8DEA3F,0.136676613072964
CC_940C7E8E0C52,0.2090522551126448
CC_941DD2E1DE56,0.1519028589787608
CC_941FC1FD0D55,0.1970073160407303
CC_943B720DB5BB,0.1459553485444336
CC_9440309323A0,0.108963677410712
CC_944B461BC558,0.077869316081416
CC_9453654BACE9,0.1529089925717951
CC_945888CEAF10,0.3352721379271061
CC_9458D4A483A8,0.1046884842768009
CC_9464BA7E98B9,0.1063983437972082
CC_94794B478A5C,0.3808197519116389
CC_947E58EFF90A,0.0598921481206001
CC_948537FC17AA,0.74895742209713
CC_949576D25153,0.0737514561778017
CC_949B8CEAD619,0.0898781762965506
CC_94B4E05906A9,0.1442722120839169
CC_94C3B6F3B0CC,0.1390638049929372
CC_94C3D9D8FBF3,0.6296200719105114
CC_94CD530B2099,0.0778173014551107
CC_94E9D1E527E6,0.0517626946131956
CC_950450C0845E,0.2968273823633423
CC_95169A4360C6,0.0496778873258406
CC_951A69571676,0.0569394163407334
CC_95232636844F,0.2550357536650983
CC_953A5913EDD3,0.1694325064623183
CC_953B678083F9,0.0913217506405058
CC_9541BD0604B6,0.1893947003312835
CC_954404C1BEE6,0.4397851647461489
CC_95444ED71872,0.078357623678797
CC_9544B86C78A6,0.691726600907844
CC_954AD7E7C8F1,0.1448870369734263
CC_95525CC6C854,0.1466039516376898
CC_95573B318A91,0.0545446373778467
CC_9569309DC18E,0.0892158762546528
CC_956A2DF28600,0.2121208348007433
CC_957C7A0D7B72,0.3752011374788433
CC_958BECCA0BAB,0.4596850979130722
CC_95A6C4DA2F12,0.5875458697734566
CC_95AB75B5BBBB,0.1402950453551568
CC_95C1274DD7DF,0.0380225133553229
CC_95CD8F6A8CBA,0.0439419041202522
CC_95DD4DC604BD,0.1770223892945133
CC_95E1AC08266F,0.1262567914024613
CC_95E3DDCB74EF,0.0582981113026994
CC_9601384AC971,0.439706306565725
CC_9608A73A8025,0.152354389504721
CC_961F3BFBDDAC,0.8173877084339639
CC_96206C1277EB,0.3030153247735898
CC_96396AE6347C,0.1915344908680739
CC_96416D2A937F,0.1776079961526459
CC_964C2E0B00C1,0.1828488274931918
CC_9657A2A04BAF,0.2317667112410902
CC_9662D713B7BB,0.2200770745553023
CC_9664F83B7F1D,0.1935661988751014
CC_968AF836D0C4,0.0564600370995094
CC_96A6735A4317,0.0913482013143732
CC_96BC62A4A0AD,0.2198920370749848
CC_96CD75668A6C,0.0843256221975171
CC_96D928252719,0.3504789360152649
CC_96E40BDE9A6C,0.1730335246829454
CC_970116768415,0.2228306036927923
CC_970E94875C2B,0.7260076350413621
CC_9721C8A61D80,0.0712788645379628
CC_972313B0F814,0.1656344475578088
CC_972FD8FFFF63,0.5485558643765253
CC_97478A77EC17,0.1729497089576789
CC_974D14774BD8,0.0623625389902708
CC_974D86BD39FD,0.0516571059919362
CC_97508465AB76,0.1280922945611093
CC_975689C0CD6E,0.0749067966797221
CC_975967702106,0.0494122157319691
CC_975F3F07ED23,0.0657023019684248
CC_976E0D9A64ED,0.4176280277144132
CC_977145B2B363,0.3402607135394829
CC_9772CABFE1D2,0.7744141429930562
CC_9773C1E6AC8B,0.6351848297413955
CC_97832657396B,0.4044526305302123
CC_97963C337FD3,0.5332511660469439
CC_97978B581F20,0.1767188650729187
CC_97A9ECF23955,0.2326595762085509
CC_97ACD6D965F3,0.1240563879173333
CC_97C69AF6E34B,0.7420072086310592
CC_97D0E7256861,0.6664036322109349
CC_97DEBFBE2BDE,0.2336825257659308
CC_97ED469F2950,0.1291410714348814
CC_97EE84ABA6BF,0.2486193352695377
CC_9801B22BF375,0.1058349712902923
CC_9803B6D4D780,0.2828614691525762
CC_980E90C8A301,0.1218762039563628
CC_9814B3D08A69,0.0742418815536678
CC_9821BD45BB0D,0.1673801640893824
CC_9829FA0350F7,0.0435654396086364
CC_982CAA309A38,0.1898056027124398
CC_98346EBF382E,0.1650894571468431
CC_986698CCC6AA,0.1392980364419002
CC_988FC580CD50,0.1117043843939409
CC_989795BA3DD2,0.0789435414696161
CC_9897A1DFE807,0.0750071253108728
CC_98A2C8F4E956,0.0777775974132312
CC_98A3E6CDC707,0.1674394313556895
CC_98CE15EE1565,0.07051241123685
CC_98D036D16215,0.0994970889137107
CC_98D09B14EE3D,0.4990040772732086
CC_98DB782DF852,0.0546565450548987
CC_98E2EA67BC97,0.0731403690010769
CC_98E6E7CF74AF,0.0883666691524731
CC_98EEEB2A83DF,0.6176026427932431
CC_98F3D3194788,0.127341948077455
CC_98F8A8CF4F9C,0.3304277370502453
CC_98F91BAB57EE,0.1486519498412736
CC_98FA377070FB,0.2519338763193798
CC_9900D0479959,0.3139189250325523
CC_99061A735C6D,0.2429001946875351
CC_99093EC1A2C2,0.1166711814287577
CC_99376CA4DC26,0.0499200013628988
CC_993A588895DA,0.1276652048358786
CC_993EE6417CED,0.0747911217723554
CC_99559319913F,0.0467115969084634
CC_9970123DCC41,0.3098698272020507
CC_998BB6848FDE,0.1214526038878466
CC_99958287B2A9,0.4238613072064161
CC_999BAB2D16FA,0.3704885275432601
CC_999C7029261D,0.6395307199725893
CC_99AA61D1896E,0.0880765482918331
CC_99C03E7D99CE,0.0620269421575158
CC_99C62022794F,0.0840407902705186
CC_99D46BE6593A,0.1288089272922063
CC_99D5A5371B39,0.1732508456442469
CC_99D79709AD9F,0.7219644280924424
CC_99D7DDAA460A,0.1947391926997619
CC_99FC44B3C58A,0.1363929386815702
CC_9A02B2A17C07,0.090022879491061
CC_9A05DE55D408,0.1976715612720409
CC_9A0C42AA09BD,0.5378075059507677
CC_9A2B390551F6,0.0739426306455935
CC_9A2D66206BD1,0.4918072827762506
CC_9A366E181FA0,0.1658979997904351
CC_9A39365FA850,0.6206919136797286
CC_9A42833BA860,0.0456797256367652
CC_9A4911A0140F,0.0896725057105586
CC_9A4FE1E8E0C5,0.2986942519515474
CC_9A51017C734F,0.3896763344751995
CC_9A5DCCD62D0A,0.3553669227210207
CC_9A602F492510,0.1969975021208094
CC_9A66BDD34B89,0.0415237275546081
CC_9A6AB0AB1E67,0.0505324335152145
CC_9A7049ED5656,0.5914222838539086
CC_9A7AF31828E5,0.1059427338477025
CC_9AA750377C6F,0.0981666702917194
CC_9AB359C82202,0.0636478295924261
CC_9AB7BF77EE83,0.7395621792643137
CC_9ACAC8474B9F,0.0346282732194203
CC_9ACCA4FB9101,0.0698703557594427
CC_9AE1529AF9E0,0.1274838081947156
CC_9AEE181F1156,0.2465779039475706
CC_9AFD130D3725,0.0784449095601104
CC_9B09C3353732,0.088938324872374
CC_9B0D37817EBB,0.0866553590678099
CC_9B290B59155F,0.4308829034349262
CC_9B2D487C64B0,0.0991287371415416
CC_9B3DEC76ABF7,0.0704028687377786
CC_9B4F778D0A6E,0.1741576868829893
CC_9B581A92C2A3,0.4236154672590911
CC_9B5CA8C38414,0.1764179120955127
CC_9B6E82167593,0.198738332777942
CC_9B6F6B2BCC05,0.2814831678440956
CC_9B7FC3DA1594,0.3463151201507978
CC_9B957DC280F6,0.2097523153955242
CC_9B997DF20042,0.2429309736958252
CC_9B9BC4B83736,0.0796346915769724
CC_9BBE1A16C04A,0.1947144132398288
CC_9BC63F1A568C,0.2640865039911844
CC_9BCB0166227D,0.2106297473871534
CC_9BD3DC96ACC5,0.1694469230250474
CC_9BDC5A0E43C7,0.4541603919155879
CC_9BF9485A3F9D,0.2509879236759418
CC_9BFE93FF2145,0.2404350087926665
CC_9C0470A0536E,0.2093211772841283
CC_9C205AF09E47,0.4970789962578644
CC_9C30DC5C1E46,0.0575908142209716
CC_9C325B6CAD11,0.047164654521095
CC_9C4A200D0BFB,0.4806682553208893
CC_9C5EAF238007,0.2681011569272734
CC_9C601C6BBD37,0.0642228324528229
CC_9C606C2C92CC,0.0698484700145254
CC_9C6192D3A16B,0.0865494882535962
CC_9C84FB9B1469,0.067185203036754
CC_9C989433D637,0.2291095898589389
CC_9C9B2FEB4937,0.1466028446397468
CC_9CA7FBE1DD54,0.1295105943154213
CC_9CACA50F80F2,0.1673026899667694
CC_9CB40D552388,0.0766484217817615
CC_9CB8127D17F0,0.0427949517143402
CC_9CB9CE2989CF,0.704698944178406
CC_9CCE51CD83ED,0.7985669192554151
CC_9CDD2F3D0BE7,0.0477764367624241
CC_9CDEC693AA99,0.4233923203827051
CC_9CE9091AA9A9,0.2327552911039521
CC_9D007C60D29F,0.0817653899366772
CC_9D017774D4FC,0.6424840479194208
CC_9D095EC1F232,0.2380853737864639
CC_9D1A1281C8FB,0.2754244357746593
CC_9D23F42B7996,0.5054833922497192
CC_9D2FBC479646,0.6744731660124738
CC_9D363365CAFD,0.1031113810412062
CC_9D44E4543573,0.154467884389091
CC_9D45F67E3B01,0.0626353013090645
CC_9D535DD207D2,0.0838235817965592
CC_9D53ED53A15A,0.6041663162516344
CC_9D5D97AEE98B,0.449016181170306
CC_9D5F2A5B6913,0.0803072336107074
CC_9D6BC1C470B0,0.5173260265073751
CC_9D71FBDE765A,0.0568124598986649
CC_9D73939E357F,0.086089594393722
CC_9D82F401BD88,0.5719254747984642
CC_9D8B4454BE84,0.2297263837413667
CC_9D92537645DB,0.0562156052430263
CC_9D95ADE03ED1,0.2610935375714959
CC_9D98FE7A1809,0.0489975215978913
CC_9D9D59757786,0.0784653288455549
CC_9DAEB38616AC,0.1466861209007318
CC_9DD55CC0E928,0.0357021224772906
CC_9DD6B460CDFB,0.268706279224715
CC_9DD80B5E3729,0.0932496265162239
CC_9DD82B4310AC,0.3640357040317921
CC_9DD9389E8AE0,0.0903020766670248
CC_9DDA8ACEB3D8,0.069475292486739
CC_9DDCD898D01D,0.1286516834721399
CC_9DDD90B42A27,0.7826829989026733
CC_9DF1807A4316,0.0455294307653689
CC_9DF786FD2620,0.4664345254482747
CC_9DF7B9B3C8F8,0.0996595822925694
CC_9DFF6E2AC586,0.16604876537291
CC_9E0546BD7BD6,0.1438658861213309
CC_9E0BE8227931,0.1337207116470984
CC_9E1A205BA261,0.3750415130592515
CC_9E2967559B00,0.0683288806014075
CC_9E323A031449,0.7332408832417934
CC_9E377CC03D51,0.0538177453415333
CC_9E3B83584C12,0.1656098459704854
CC_9E3D46FF5709,0.5881851351797684
CC_9E4FA91B86A9,0.0781785506296089
CC_9E53534DCD6B,0.1807294709761549
CC_9E73656FC8C0,0.696409003072058
CC_9E7430675033,0.1846264036930884
CC_9E84CACDD7B6,0.4013110861140403
CC_9E84E0E4C5BE,0.2916345893184821
CC_9E9C65275B4C,0.0837881190749109
CC_9E9CB6473D59,0.1880241260495844
CC_9EA4F11BE6C2,0.1719186265678462
CC_9EBE3F26F2FB,0.0686098062841742
CC_9EC23AB6C573,0.3154573616946416
CC_9EC34DDD0E53,0.0567449183992186
CC_9ED8EDFE8C55,0.0824285701518452
CC_9EF352F179D2,0.1375183969300412
CC_9EF505400F8B,0.6496439561673633
CC_9EF66D83B743,0.3421827538946831
CC_9F051572BFE4,0.1900591426394772
CC_9F151A782BAC,0.2642738776563871
CC_9F1A5DF4619C,0.4711998666641561
CC_9F1BF78ECD7A,0.0906503351744743
CC_9F263092AD72,0.1509873802216699
CC_9F36EC36A9E6,0.0964910341441692
CC_9F3D52242888,0.1525192140051532
CC_9F41F312CDBB,0.3426836346210399
CC_9F425167F9ED,0.153072233251382
CC_9F6981E0009A,0.3331050590943934
CC_9F706DFE0AE7,0.0399698029270034
CC_9F7B525DD52D,0.2786835349369645
CC_9F8D5A5A9DAC,0.1529214727157787
CC_9F8FAE57E6A8,0.1267940301171885
CC_9FD1AB8E65FE,0.0466550955053703
CC_9FD2689202D5,0.1583245392667306
CC_9FDBB5C2CD09,0.0405859987749095
CC_9FE52BD71CA2,0.1227165437644557
CC_9FE8E62EB24D,0.0911299803989855
CC_9FEA59AEA00C,0.2256110693315848
CC_9FEA77B36A29,0.3322760756676742
CC_9FEE9701D16D,0.2588707978110334
CC_9FF35BA60E6E,0.2728892582591417
CC_A0003F08B22E,0.206874811668443
CC_A00AE2543224,0.0719844919018576
CC_A02A29DECDC6,0.1017217602198712
CC_A0336C21117C,0.6320916984003955
CC_A053B42BBE0B,0.0807874162144638
CC_A0591F16FA37,0.0415539678930394
CC_A05F962C80FF,0.1484162359404859
CC_A07B0549E53F,0.072861890822407
CC_A09F230CCF5D,0.6319427386279152
CC_A0AED6346ECD,0.1724017034417818
CC_A0C4A796643F,0.1357860744518357
CC_A0D6DDFB430F,0.0656427409540823
CC_A0DF672F9C4E,0.1359578030155712
CC_A0E8C7C5558A,0.2305350195079572
CC_A0E9269DF22C,0.4663096495259997
CC_A0F1DB5CB28C,0.1030204504994117
CC_A0F42B26F8F0,0.0615303946082839
CC_A0F8F80EDFB0,0.0612046400373778
CC_A10AD9550E4D,0.0409698680939943
CC_A10EB26E5EE1,0.1567211469188464
CC_A111B065F623,0.0727612964709368
CC_A113D95B4AB2,0.1291892846267407
CC_A1320C0F0129,0.6656853656302808
CC_A1348D850EFD,0.7558579675709163
CC_A13D08B372E8,0.0725203707437293
CC_A143E64BD9D6,0.3754569030126939
CC_A14B0A24DC3C,0.1113818228353535
CC_A15137F25F7C,0.0875866445199751
CC_A152DBEC5BE7,0.0534206087644971
CC_A1591CFF6D81,0.0577248260611104
CC_A168CCB582C6,0.2704141990785234
CC_A17DC38133CE,0.755388252023759
CC_A185D5EA3DE8,0.6069909896924949
CC_A19C842508E0,0.1218513957201802
CC_A1B648DA406D,0.0374608480360351
CC_A1BF7028CAA8,0.0355561938520142
CC_A1D035FA36E1,0.0770694097875823
CC_A1DD653D41A7,0.1099492199754966
CC_A1E3AD4B934C,0.2672373622219425
CC_A1E58421CE87,0.0527681173309859
CC_A219144EDEFE,0.06431117733622
CC_A21FCEEBB3C3,0.425896356543259
CC_A220E4278D79,0.0536898281392055
CC_A2231BDC961C,0.2752125399454412
CC_A234E219EFC7,0.2466696782780998
CC_A239B1BD81FF,0.0856247403624884
CC_A23D8CFFA31F,0.071991487751373
CC_A23F463F4B4D,0.0495642736147375
CC_A23FFDC4A7A4,0.0902353534919233
CC_A2423E273F84,0.1024846677000108
CC_A2493E6036AD,0.2844444697824604
CC_A25C54470CED,0.1384479453708798
CC_A25FA690BBBC,0.1340143224782295
CC_A2636CF7C075,0.0909775824409959
CC_A26C22870E3D,0.4652427707974037
CC_A26F6A272B3F,0.0994658862205515
CC_A27CDC9BCBAA,0.1784591247499568
CC_A27E5269DA60,0.190227966281999
CC_A28D4A46B6FA,0.1027286656948367
CC_A28EB319030E,0.0495843484945518
CC_A294D3A59462,0.7784755592009017
CC_A29D8034C304,0.0800563535461049
CC_A2A109409963,0.0554414222867694
CC_A2A4FA5F9962,0.12836522105223
CC_A2A7E30C59D0,0.1724866904771336
CC_A2B5D2D4E269,0.5147093956416541
CC_A2BB24180208,0.1971209837225441
CC_A2CF1DFEFE46,0.5026858024165053
CC_A2D6090EA5B8,0.130527852968696
CC_A300BC40BC9D,0.0447263174286435
CC_A3212501F639,0.1836256699813604
CC_A3278A566572,0.0616397945255687
CC_A327EBE4F783,0.1781737922275618
CC_A32FB6659B01,0.0772183875283893
CC_A33915EE72B6,0.1544171919333594
CC_A33D350BE79E,0.1831092237037476
CC_A3553B8AA8F6,0.1214429205951175
CC_A36EB077BF3C,0.0387352000114599
CC_A3753EB66DEC,0.1166654790306944
CC_A378342AC9BB,0.1689928055529886
CC_A379E9455C60,0.1960256724966193
CC_A387ADBD7249,0.1004155698610785
CC_A39E961FC29F,0.166461665376385
CC_A39FA1EF0B16,0.2711014314186162
CC_A3A4E39FB04D,0.1770707319099944
CC_A3A751BE68D2,0.0483588506260841
CC_A3ABB3C5E9D5,0.6885958215561382
CC_A3AF9C2C68F1,0.1725587734995538
CC_A3BEA14873AD,0.1333307126015329
CC_A3C2FEE13C37,0.119673725547856
CC_A3D6435D5F17,0.1536577745618084
CC_A3E3E51AD0E7,0.0707268781301926
CC_A40566694D53,0.2448128817981632
CC_A410C0DC7125,0.0429379563620957
CC_A42168D2B94B,0.0771560350463032
CC_A43CED9AFEF5,0.3966489100678735
CC_A4475A788D13,0.1314660803037412
CC_A44D677C0C07,0.0656420397104545
CC_A44E2673E71E,0.0489029879272725
CC_A44E79A96425,0.2248805139416867
CC_A462CA147DB9,0.1404461087040744
CC_A4660E424386,0.207832348220225
CC_A476C9F116F6,0.1286778422946183
CC_A47C83B6EE2B,0.1391997773956348
CC_A47F8594678C,0.2767198776560934
CC_A48A7592F96A,0.0520536755594889
CC_A49195E659EE,0.0527646197890976
CC_A498A936AD21,0.109200390058361
CC_A4BE6692361C,0.6411313828044153
CC_A4BF2115580C,0.0780136089114857
CC_A4CACCD14A0E,0.121218860872933
CC_A4CE57A1AB74,0.0719834361112851
CC_A4DE4F1B5F93,0.1860647797979387
CC_A4E300558DAB,0.0542318878621849
CC_A4E972915D89,0.7492191611428968
CC_A4EEA04CF3D0,0.2161937076250753
CC_A4F400E9A0ED,0.0598609032511161
CC_A4F550D7F95B,0.1871026789060446
CC_A4FB91B1BF31,0.1992392768558593
CC_A500C1ED0A33,0.207244275214696
CC_A50471962A96,0.655216595365813
CC_A5161D8AA57D,0.1091306101717211
CC_A519C84307D2,0.0803202892325336
CC_A5277A9BE02B,0.7384098821423482
CC_A53578FCEA71,0.1174639966874062
CC_A54EAD1CCE27,0.1446389621749436
CC_A5512DA239BF,0.1693923849607527
CC_A5545DF298BE,0.0604032096892418
CC_A556EEF3010C,0.4388645748208785
CC_A56756C65136,0.3772567966451611
CC_A5852E06D2D5,0.2613094552428374
CC_A5886994671C,0.2049587590961465
CC_A594D8B41A99,0.0620701793441536
CC_A59C6A6B71C3,0.0696971210878847
CC_A5A06987AF5C,0.197652753343477
CC_A5A1512FEEFD,0.1785638775683879
CC_A5ACE4284283,0.1660215996298094
CC_A5B10F07BCD5,0.0947186532093193
CC_A5BC9ACDB4CD,0.0718097753837615
CC_A5BF8B260922,0.4466516599736037
CC_A5C52379AE06,0.2644646583599629
CC_A5DD4441568D,0.0404491896936972
CC_A5FE3BE2949D,0.0582235776141612
CC_A60EF94F09C4,0.3328064301002768
CC_A628BE74CB45,0.166260553956683
CC_A6292E9B43AD,0.0662993326661929
CC_A638610BF8F8,0.1283876685828137
CC_A63BBA86CE9A,0.2802142805052963
CC_A63BDDAC43CB,0.0637539006882232
CC_A6409E37A735,0.1375483035480248
CC_A655EC341406,0.1388962716961842
CC_A6562E47BFC7,0.2147250748149427
CC_A6563A22D668,0.725595805030333
CC_A6601278C1BD,0.0947441331551903
CC_A683678AC9FC,0.2831253894197551
CC_A6864FE80A94,0.1050842017175668
CC_A69117CC3C24,0.1021464363270129
CC_A69928C7D217,0.2112016990123591
CC_A6A8BAF7124A,0.2650207491908285
CC_A6B7DFC69AAE,0.6016432694710138
CC_A6BB595B55AA,0.0739392831906522
CC_A6C5284C4586,0.1252355886572319
CC_A6CB0D0191D3,0.1036613650211369
CC_A6FA3FA9F0FB,0.1052039210438356
CC_A6FDADD23BD7,0.0426819234502227
CC_A6FE3938F001,0.182382408816664
CC_A71DB65F0BBA,0.6844632087181747
CC_A730F4964FD4,0.1125646206487441
CC_A73C02C58DDA,0.0988134898755263
CC_A746BC2289C7,0.270184569272942
CC_A766C3608214,0.1263108177555612
CC_A76F48111A8D,0.1127963787714308
CC_A77AEC8AD2D1,0.0366777629807079
CC_A781174166B3,0.1820111041356013
CC_A79024286DFF,0.0729106878796815
CC_A792720B875E,0.0939634269972942
CC_A7952C2BC5B6,0.0771201700794046
CC_A7954EE1A1C4,0.0491237554522184
CC_A7991E6B3CAD,0.2465441942056985
CC_A7B141DF4AAF,0.0684286314035644
CC_A7BE2CED0B93,0.0623799654468883
CC_A7CF446093DD,0.2273184871049605
CC_A7D1C6692090,0.0844290193848083
CC_A7D6CAB54328,0.4295032901514803
CC_A7D8D1DA4EA6,0.1304470860955855
CC_A8102BA6933F,0.065548843540606
CC_A81C1EDC5FE0,0.0908983237923257
CC_A82C0FDDC303,0.2789321186007636
CC_A83F92C0CABC,0.1282326041127325
CC_A849B0F60EEC,0.0705385045263628
CC_A852AAB180D7,0.0457508393688419
CC_A8536626873D,0.1897035783574595
CC_A85F953FFD40,0.3908600702840206
CC_A865A3F1E28A,0.6502927073221001
CC_A867253FC73C,0.7379300019096664
CC_A877592FE1AF,0.0616333642430903
CC_A8AE26057851,0.1352488920632017
CC_A8D50530622B,0.1683273583092954
CC_A8D5C834B061,0.7272585854110117
CC_A8DF49EED27D,0.7679925363816058
CC_A8FB53A944AA,0.0935643754752554
CC_A8FF19BCFB18,0.1632009019556024
CC_A9042AA97760,0.064276182198643
CC_A917D68B7F33,0.0583049022327035
CC_A925B3023F01,0.1389033292219982
CC_A93A49678A0E,0.7216745171144376
CC_A944C14551E0,0.1249413484011542
CC_A949A4D6CFDF,0.0406361219115027
CC_A96085AAACBB,0.4761971363514901
CC_A968E7B519AC,0.5632079898745765
CC_A96F61DA3920,0.2486990221080938
CC_A98AA461487F,0.0556296227456935
CC_A98DE37F48B1,0.0426344241152529
CC_A99526CAE7B8,0.0949295065809813
CC_A9997F50D935,0.1170491063528651
CC_A99C3B09B728,0.0574007981034253
CC_A9A0DADE60F5,0.3388875262194916
CC_A9E27E0F8BF7,0.1260290248172402
CC_AA06B8C44B08,0.5276945895634335
CC_AA078692F54D,0.0534126417922634
CC_AA3181148667,0.1159217801082432
CC_AA36C8AD0AD4,0.1046862915059076
CC_AA36F0397FF6,0.0928576728155054
CC_AA3A8989A632,0.702989716722698
CC_AA4A1B7522D9,0.088828910523665
CC_AA4AE0378324,0.2452396168838694
CC_AA5E4D5A692F,0.150402178933346
CC_AA68EABEE4B1,0.0781164205371176
CC_AA6B5A7A5B67,0.0948484411466328
CC_AA6BD423C239,0.3694479711078707
CC_AA7074B42A4C,0.4857279023248921
CC_AA7A7F3159DC,0.0987768657725987
CC_AA7BDEB972E4,0.1326493926687822
CC_AA83426311A1,0.059224188276102
CC_AA8F7D307212,0.1221074183515793
CC_AA994120654B,0.0831105246354183
CC_AA99CC1D0A77,0.1002360586042314
CC_AA9DF917E958,0.1407381629940957
CC_AA9FC6678135,0.3300459889197384
CC_AAA47EC0D4CE,0.0793727944811985
CC_AAD9F600283C,0.1133837552396174
CC_AADF003A3927,0.0557737101079374
CC_AAECFE806C8D,0.1912839907363744
CC_AAF2022B9CD1,0.2231656499624607
CC_AAF445E4CCF4,0.0722618584270634
CC_AAFDCAA5CA06,0.6721125416153086
CC_AB0384E131D8,0.1904370746448322
CC_AB0A4F4A2968,0.1620925845251352
CC_AB108580856A,0.0964051256120569
CC_AB10FED15FC0,0.7789228306419725
CC_AB176233A184,0.0732129614241103
CC_AB250982887C,0.1358154511709736
CC_AB25C565EA6F,0.0623355498215364
CC_AB31BDAE74E0,0.2078235254381055
CC_AB38A76F5698,0.3864824615118977
CC_AB38F588BDD4,0.1893982396618959
CC_AB3DB55C9A2E,0.1408410895003679
CC_AB42A7DA8FAE,0.1799736811336081
CC_AB486E8855F7,0.1215414260612029
CC_AB4A79BF0F21,0.0478839198305889
CC_AB7472FE1C8B,0.0711501756095095
CC_AB78F64D1DA0,0.1375696110884669
CC_AB821E2FB031,0.0519718360623606
CC_AB873276D910,0.0552520018758298
CC_AB8CF3C05B61,0.1280434493686127
CC_AB8DD8448ABE,0.330699635961663
CC_AB953366A38C,0.085331253211013
CC_ABB193697B23,0.5909492590145485
CC_ABB3F0A040BD,0.1077181449890869
CC_ABB618AD3E52,0.2129436535170617
CC_ABC0DA7DAFA5,0.050775144340056
CC_ABC49E43DF40,0.6266639725987486
CC_ABD89F61734F,0.1070863093959765
CC_ABE04CDC2866,0.5837269089437189
CC_ABE98746DB91,0.5415604802141682
CC_ABFDF22BBD97,0.0613052781819863
CC_AC0498A54CAD,0.2424573553687055
CC_AC1C23EA2767,0.2891973574642247
CC_AC1E028B2A1A,0.0896012323719508
CC_AC255B902EEB,0.1320899219579575
CC_AC44A88F7869,0.0706251629105058
CC_AC51CBCACA63,0.1379004774576728
CC_AC723E5F5EFA,0.0415698016462135
CC_AC7994A5FDC4,0.1138035332614978
CC_AC7EFDBCF2E8,0.707341960409759
CC_AC8A45716CD8,0.1588478627533583
CC_AC8FB78319A0,0.0421487882900333
CC_AC95C517E726,0.0865405604305045
CC_ACA4C6C9316D,0.0780788066827089
CC_ACAD97A186F4,0.0851751337189653
CC_ACC12168D6A9,0.1473369358206085
CC_ACC53294D3A0,0.103383464748844
CC_ACC6A74A8BEC,0.0750433360631292
CC_ACD94D2B1200,0.0633581890577451
CC_ACD988315902,0.0440120013218547
CC_ACDA59536C9B,0.0894664586324924
CC_ACE5A4081F6E,0.2535820506597615
CC_ACF4F9A2CCFC,0.1868370214107403
CC_AD0D7D212968,0.3728493792137311
CC_AD131D09EB0F,0.1228790367651995
CC_AD13C87CF26E,0.1725675185384829
CC_AD2050A0C79D,0.1840970785115044
CC_AD276D71D3A7,0.3159323710761471
CC_AD2C54521FE4,0.1910869223676372
CC_AD2E59624FEC,0.3849551195056256
CC_AD3A36AF2840,0.235898762410458
CC_AD3D286D0B68,0.1839541486716575
CC_AD46818E459F,0.623873290049312
CC_AD4BB2E22EA9,0.2129071395387572
CC_AD4F7F88242F,0.3345292654085431
CC_AD58ADCD54CE,0.6935646418075245
CC_AD71619FA389,0.1298643594156235
CC_AD84592B950B,0.0838552861613873
CC_AD9898C0E8D2,0.1903614072835489
CC_ADC70A21D661,0.2498189891952351
CC_ADCF16189AF2,0.2032987267230513
CC_ADD894E6E4F4,0.336481305809041
CC_ADE899835555,0.1192684142794179
CC_AE0D73A1EE19,0.3482753365355276
CC_AE0F08EA3935,0.1953506363696737
CC_AE23B59E6FC8,0.2595463111599834
CC_AE289E013D60,0.0962420033592338
CC_AE34D3F7F224,0.6394543321765627
CC_AE4069D8B4F6,0.2026411099662437
CC_AE4896E2BE76,0.6847192894415315
CC_AE51DCFE0671,0.0968952310952768
CC_AE69FEA8DA68,0.1841163119568903
CC_AE7C129CC90F,0.1892460086365824
CC_AE7CD49F20AB,0.1552584803246615
CC_AE89526E0335,0.1899802986797011
CC_AE8D62CF30C0,0.1508271724546021
CC_AE8D9CE8D6FE,0.0464756149853347
CC_AEB019CB9065,0.1713456622090053
CC_AED1D50AF584,0.1017681625280698
CC_AEE546316FB0,0.2273070545668026
CC_AEE5FA00FA6C,0.4186791040164378
CC_AEEC765D157B,0.0462099607675176
CC_AEEE44D6C8A4,0.035200469131934
CC_AF14FF3EF570,0.3637304006596724
CC_AF1C3ACBA6B2,0.1122200757733383
CC_AF1E911C98B6,0.3218310130778354
CC_AF337F410520,0.092483865304736
CC_AF3C7BC3BA40,0.1073907494395542
CC_AF41E4075C87,0.2666392013943608
CC_AF6B4405276D,0.7352789257581233
CC_AF78FE0BDBEE,0.1165179309472014
CC_AF8238D9082F,0.0682402267969214
CC_AF8CA6EE53C3,0.063071972807121
CC_AF9AFA7C49A8,0.0857483366641114
CC_AFA1E3D3C685,0.1435280241519848
CC_AFA680030CB4,0.543989174297144
CC_AFB351270B8B,0.0459656647071241
CC_AFC405AE0029,0.0773227534152459
CC_AFF90422E4FC,0.384298642631955
CC_AFFBE2744B87,0.7317758430732648
CC_B0043CA53FCE,0.0867834952035786
CC_B01B2BD4EFD7,0.2795866883116347
CC_B01E87EB9940,0.1262593723724249
CC_B0273E66E2A5,0.1402696468831416
CC_B03E98085A9F,0.074049247501306
CC_B0420D8C42DC,0.4670978172811971
CC_B0497BEB9F6B,0.1387250082904738
CC_B04A5E60B69D,0.0811912600077431
CC_B04D5517A193,0.1095047674131239
CC_B05FF3A960A0,0.2216674819404581
CC_B06A532EC131,0.1900990948662312
CC_B06D33A6761F,0.1263919454988361
CC_B074D4472CE4,0.0443115649889763
CC_B07CE95BCD88,0.3559732290046998
CC_B07D79368225,0.115545578942244
CC_B07DD1ABABCE,0.7250156975628319
CC_B086C2D77820,0.1854555595581153
CC_B088DE9C9E3B,0.2363860453210976
CC_B0CD7932067B,0.1160319204354943
CC_B0CF90073A5E,0.6256636432947039
CC_B0D397D86639,0.6242856770253009
CC_B0EF4FD19FEA,0.1027340758606317
CC_B0F2F9514AA3,0.0852081295479782
CC_B0F3B79F51C8,0.1585832474660428
CC_B0F4041B1C76,0.0399059408974757
CC_B10FE31C61D5,0.0885475401181203
CC_B114E8F19D65,0.138997157169599
CC_B117F0E3CAAE,0.1305234805960766
CC_B11D58F331A9,0.0438062641770646
CC_B1262188BC41,0.0861248309004621
CC_B12FFB2FF21F,0.0852896378987629
CC_B13253F34A9F,0.0486884060629131
CC_B137E2BBB53B,0.0749612873319319
CC_B13FEA7CDB99,0.0798432781782689
CC_B1481ED21111,0.0436662748033233
CC_B15BE5C9976A,0.2460072391854497
CC_B15EB6933578,0.0709131911988864
CC_B163CCB3BE4D,0.1322997834729188
CC_B16DC354FD71,0.3756254449045159
CC_B1777349EB15,0.1539158255711225
CC_B17C6CE0231F,0.2513771861593905
CC_B17CA8C22E5C,0.1172009259725153
CC_B18F3C9C30E4,0.1864769979886033
CC_B19CD93DDC96,0.0806910993040619
CC_B1A647674B84,0.0954193198108002
CC_B1AEC2E5E33B,0.2061105088909874
CC_B1B5C81AC0A6,0.0594010717639359
CC_B1B932EFD646,0.1791759794560823
CC_B1C3C0B52B88,0.2489426498800601
CC_B1C7216344F3,0.0874114761312586
CC_B1C982DBBD12,0.3202526589365531
CC_B1D81F8197B3,0.3268407222637022
CC_B1DF1DCBDC7E,0.540084537793406
CC_B1E2C36607CB,0.0805267860109491
CC_B21351C93D8C,0.1315515320748202
CC_B2174860AB11,0.7435266934853718
CC_B235818E6A04,0.1682674674742078
CC_B23CDE30F00B,0.0815402171274097
CC_B23DE4971DF0,0.4803215144890219
CC_B23ECF574D8E,0.062695199935961
CC_B24C41DDFBDA,0.2364476749964594
CC_B25EC73B9510,0.1346766472518596
CC_B25F69904D0F,0.0768156786466968
CC_B25FB6C11D05,0.6304363783518173
CC_B264F2B92259,0.5694991993026233
CC_B26B8FC23F1B,0.0576193653268072
CC_B272E29922B5,0.1312670087335096
CC_B27AA8E27BE7,0.1001238702058526
CC_B2A68FD3C236,0.1109706831816105
CC_B2AC50C00979,0.1040583207620011
CC_B2B16D7B821C,0.1862145502670154
CC_B2B32F1511E4,0.1316692612858453
CC_B2C241A93527,0.0746321826246082
CC_B2CB104FED6B,0.6053649350701739
CC_B2D352013F92,0.1228972247648239
CC_B2DF694BAB08,0.1123969196872779
CC_B2E993A9343F,0.2476855235670349
CC_B2EF61C93AB6,0.1498013792083727
CC_B2F94405EA89,0.1186134183434802
CC_B2FC07BF6251,0.0517811049130344
CC_B301A65B4164,0.1147949652054627
CC_B313E3A208A2,0.184888579619474
CC_B318FF5D976D,0.1518495290106378
CC_B32AEF0A2299,0.0590678797842328
CC_B33BD3C618EA,0.1046842751498991
CC_B348627365A2,0.131800051458047
CC_B35109450BDD,0.0429942627506513
CC_B3528B870544,0.0962921978283375
CC_B3530E7CF8F5,0.1118404533820393
CC_B35C5B1DB9C1,0.0664689303843101
CC_B35FF59389D4,0.1799053233156119
CC_B3812C6700F2,0.6412217623831666
CC_B38280B483B8,0.1404591402306262
CC_B38B694A18EF,0.4327164264572578
CC_B392BDECD913,0.3306012178833705
CC_B398DF1ABAD4,0.0448760142184693
CC_B39E75E151A1,0.097660211583638
CC_B39FD0E249E8,0.0481749190594486
CC_B3AA0891CA5E,0.3782602305415484
CC_B3B1C8EBE5C1,0.116177461369902
CC_B3BBA28E2D39,0.4252201381493505
CC_B3C4DB0303A7,0.0934254834772297
CC_B3D32FE823B2,0.0398438085263563
CC_B3DA429C6C8F,0.0897143909925858
CC_B3DC5786AB0F,0.1760018593691087
CC_B3EA537531A3,0.1418005633525106
CC_B4096D3A38CE,0.0444689515465916
CC_B41EADCCC95F,0.0660574925886345
CC_B421940B9A48,0.6535645493091935
CC_B42B3B83935C,0.7991314765662849
CC_B436B1CA6B2F,0.0651833150920335
CC_B439B06AF274,0.2548178915504998
CC_B4482E7879F4,0.0700809149135945
CC_B4660022C612,0.0952841415807917
CC_B46B899B4A63,0.1494948576899705
CC_B470280A580D,0.1344953160620673
CC_B471D3BF0C72,0.5095597661821695
CC_B4751DEE43CD,0.161986184326576
CC_B482C254BAA5,0.0576911357183394
CC_B4889D036D3C,0.703481786023188
CC_B4950F811C90,0.1565106916380456
CC_B49A6DE7A340,0.3246199607133778
CC_B49CD4C13DE8,0.3375014876916048
CC_B4A90370CA96,0.4679651890317366
CC_B4ADE6BC8A10,0.6622717385288652
CC_B4B6F805888C,0.0437975541036918
CC_B4B8F66BF4ED,0.6812906772097425
CC_B4C6F80DEE44,0.0471121390693481
CC_B4CCE78C09EE,0.161891444797952
CC_B4D68D1C1C55,0.1999888172494055
CC_B4DAED63089A,0.1377539328898303
CC_B4DD9841E6FD,0.2563225478727126
CC_B4EF6743DDCF,0.0817856889441498
CC_B4F67F73D097,0.0959559834124589
CC_B50EB15EBA18,0.1029849812295183
CC_B51DCAAF4549,0.1531029929653349
CC_B51DFF8702D0,0.5702428293453612
CC_B520A001BF69,0.0943961908076183
CC_B529919BF24E,0.6640103080732765
CC_B542342650A1,0.0693777179637963
CC_B54A106E91E4,0.0446931236473651
CC_B54CFFC21F2B,0.1172398324681022
CC_B55C134C04A5,0.1855821000209425
CC_B55C2DBF6D3C,0.1876180498016636
CC_B569705352B4,0.107806283697923
CC_B56E74A967C3,0.0464304953453332
CC_B57519F33EEF,0.0486787638077891
CC_B582E4405D85,0.1018005884239885
CC_B585A11F7BA7,0.1339557025128619
CC_B59726D36AEF,0.2086372653111925
CC_B5995E4F1A21,0.1386497003102587
CC_B5AC2AAF871B,0.7520757233765129
CC_B5AD19125E1B,0.2076466896120317
CC_B5B1E42858AC,0.0625475536069051
CC_B5B7599E8BC6,0.0749456115410509
CC_B5CAE0595637,0.2276123933543846
CC_B5D49843A799,0.3358122019562271
CC_B5DDFC7AEE78,0.0936179846241797
CC_B5E29344F63C,0.2167410951619003
CC_B5EE5AE6378A,0.5168753824419533
CC_B5F2A93AD996,0.0924670305905466
CC_B5F611613A78,0.0734461246903557
CC_B6055039255A,0.7299742378390417
CC_B607B2B0AFB7,0.0520672019445472
CC_B60CFD0F39F9,0.0777914052280679
CC_B620087B1C52,0.3928655260195049
CC_B6203BBBD151,0.1035410638589527
CC_B622662E664A,0.1344897789973065
CC_B62C9A2BC846,0.1541423275458198
CC_B636210548E5,0.3923189426465525
CC_B642C6714501,0.0714153613502625
CC_B64F81B8A263,0.1368427248345228
CC_B65CA581B9BD,0.1488277728871318
CC_B65D1B9B6F67,0.1451835877596879
CC_B661A8FCA431,0.0454319559789984
CC_B66AC40957D6,0.1700004439670525
CC_B672B35D1162,0.7015470315784772
CC_B68379D197F6,0.0943123236079938
CC_B6923D10FDA2,0.1456065990068583
CC_B69CC776BBE6,0.2343837374648264
CC_B69E50D76B29,0.101653748555293
CC_B69EAA8C296F,0.2477545239769298
CC_B69F7CB8CDA0,0.0690102181734421
CC_B6B4AD157354,0.1338595472357922
CC_B6BD764CB8B9,0.199307713337655
CC_B6BEC3F4BE91,0.148904574629719
CC_B6C13F4A610D,0.2645643375883635
CC_B6C1C3B5766B,0.1065155046524989
CC_B6C72241926C,0.1371638653605572
CC_B6CB40E245D7,0.644618687463102
CC_B6EE58A108C5,0.0815546108829899
CC_B706F631F5BA,0.0426099001696333
CC_B71DC1206985,0.1727429643207435
CC_B72284CED807,0.1976572763219528
CC_B727865A5B5F,0.628716826838467
CC_B72FD7EFA6BD,0.154559178278233
CC_B7365B5A3392,0.7560790193773641
CC_B73820D308C9,0.1115468144460654
CC_B743560D847F,0.0806117389887194
CC_B76EF26F7C9A,0.3396232194127211
CC_B7764FC130E8,0.4182523647182987
CC_B77B73B95532,0.1335659120868947
CC_B77D6653C7D4,0.0506055817197562
CC_B77DA6B77DEB,0.2717642378395184
CC_B783AE19622D,0.1601868597814483
CC_B78761738CAF,0.0336336983515264
CC_B787BA135B5D,0.3348142930086822
CC_B78B4449EA19,0.1185153531350373
CC_B78B4B7F80B5,0.2298173977258263
CC_B78BEE888CA6,0.1116026979516839
CC_B791FEE1CF37,0.0692580833963749
CC_B79A58AA4441,0.1167617569825416
CC_B79BEC538198,0.1269504120630266
CC_B79DD53178D3,0.0675744222192411
CC_B7A7EFD85149,0.1764884097862369
CC_B7B5F2A15C41,0.1086166155475813
CC_B7BC46A7D4DF,0.0874063382780959
CC_B7CBC65D9AF9,0.5163447863431161
CC_B7D40C5C891F,0.0864369772990569
CC_B7D4337C4797,0.3291128819428138
CC_B7DA04826165,0.2657055012941749
CC_B7DC19DA1440,0.1320989227734682
CC_B829EC622F0D,0.5037166526198178
CC_B82B9C0C7B85,0.607483674722225
CC_B82C55DEE5E6,0.2375991157882187
CC_B8475B977AD2,0.7270767299473003
CC_B84BD2F4EB01,0.1908427236718133
CC_B86DA7D69F20,0.0508227097935817
CC_B87989F406EB,0.2024546691663029
CC_B88B702183E7,0.0402472646592212
CC_B89B80945ADE,0.1912743223165136
CC_B8A3A44BFE8A,0.4173268420693501
CC_B8A7A6548AE6,0.1574585258917192
CC_B8A8FB83065B,0.1485317676635211
CC_B8AAC20D626E,0.1774499511882113
CC_B8AC99873641,0.067030577693837
CC_B8C9673B7834,0.1014600585544304
CC_B8D5FEB15CC8,0.0793758712452563
CC_B8DA64A33076,0.5215703484565487
CC_B8E912A01706,0.630920156481997
CC_B90869280808,0.1365642594263213
CC_B908EC99951B,0.3450610644757948
CC_B90CBF2A6775,0.0608871231598543
CC_B91080C1ADA5,0.3500036695333663
CC_B918FB42AFD2,0.1986541495265135
CC_B92CA425080F,0.1057609803318751
CC_B937F632B71D,0.1525329799048531
CC_B94477C20476,0.3439231262650795
CC_B9483A5C922C,0.1099062744030616
CC_B954EC1C63B5,0.248366902808791
CC_B95580F93537,0.0523411830297735
CC_B96086044329,0.0801189727596047
CC_B96EB0A91589,0.2605504865289252
CC_B98357C70A41,0.6286886497581656
CC_B9929A66C2FD,0.6384973569934482
CC_B9BB52E4C529,0.1348512380618189
CC_B9BD45744855,0.7589334266301897
CC_B9BFDE4662AE,0.0953237175655243
CC_B9CEAF324145,0.0452138289163425
CC_B9E89F42B509,0.1927213184167042
CC_B9E8A3887223,0.211424181166654
CC_B9FC67268C45,0.2579759453584211
CC_B9FE9DFEB3DC,0.0887635634700697
CC_BA041E14DD98,0.0664994178824432
CC_BA0619F54427,0.1007634550183724
CC_BA15072C4EC2,0.3630932251806682
CC_BA183CDC5429,0.7862916320855833
CC_BA43646012D2,0.3749126644972804
CC_BA4F7E494E71,0.4424814214038274
CC_BA557F75E2DD,0.19308422779333
CC_BA740903CBDF,0.162855694754227
CC_BA77722A827A,0.5402215067287733
CC_BA78E47BB021,0.2175050129457192
CC_BA8C427054F4,0.0451307492143119
CC_BAA19F8D2563,0.1282010268156357
CC_BAA1BBFF8C6C,0.3300654156913877
CC_BABA44B5FB12,0.0844050014221413
CC_BAC25BCCEAD2,0.060707351176143
CC_BAC74D0014D3,0.3545966637330514
CC_BAD99E36CC71,0.2823149673591018
CC_BADE7EB1D16D,0.7596875878888314
CC_BAE7410803AC,0.1771543337289663
CC_BAEBBF8054FB,0.1371188863231322
CC_BB054686B6F2,0.0476505079142994
CC_BB05D9DF72BD,0.0660771806238634
CC_BB0D54068D07,0.7716980348000863
CC_BB15DE5E0DA0,0.7234329460781591
CC_BB1A57AA813F,0.1267410472711736
CC_BB1CABE261EB,0.1233822703007523
CC_BB2BC46FCF61,0.2448174345813445
CC_BB2E5437EE04,0.0472792330118253
CC_BB2EF1FF6131,0.0873411504170739
CC_BB2F56C6BF57,0.1061752538852859
CC_BB35CEC5314E,0.1052878913200691
CC_BB39E3597B61,0.0527880998198405
CC_BB3A9EECD51E,0.0889754718741149
CC_BB44CDEE5103,0.1751724032681615
CC_BB458116ABA4,0.3463617213666893
CC_BB5F6936F6FE,0.2448485580974857
CC_BB666F8A551E,0.0801249044079009
CC_BB7355E735D2,0.1129793438905992
CC_BB8A2F186D6A,0.0506222278045271
CC_BB9FDED12C65,0.6544711038404658
CC_BBA8C316C8F8,0.0908533078365802
CC_BBADC7DC73EA,0.189680525770367
CC_BBAEA7980B09,0.4771425921268583
CC_BBBA078A6429,0.7689080849536188
CC_BBBFC3EC2C72,0.403354080245403
CC_BBD34B3225EE,0.0357620559059641
CC_BBE6C58C59A4,0.3940784280772705
CC_BBEBBE1E226D,0.1306274910899578
CC_BBED56D34D38,0.1096608837823915
CC_BC0244FBDAF6,0.2042903265561387
CC_BC099E880236,0.159824933807453
CC_BC0F05C89E25,0.1674228539247482
CC_BC1BD06C1085,0.0944917660439023
CC_BC21E8824A34,0.4550409695991625
CC_BC23655B2BF4,0.0726137861518777
CC_BC24F9024F49,0.0671683769514367
CC_BC2A58939715,0.1120739022664761
CC_BC2B90F226E0,0.2090245612879635
CC_BC31382964E4,0.0520492290959766
CC_BC31DA3EAFFF,0.1376315970265489
CC_BC3A6CF6FD16,0.1417710101280126
CC_BC410BDD9ED8,0.2492900406349326
CC_BC458960887E,0.1337053739728099
CC_BC484C329704,0.1552553672151762
CC_BC4D6D6D4553,0.3602037013057841
CC_BC5A59D88AFC,0.083367437871938
CC_BC736DA19A00,0.2084634261155149
CC_BC7B9D13978F,0.2054512803033377
CC_BC84BF34D69E,0.170559151481738
CC_BC95D473C9CE,0.1808166230724955
CC_BC96FC9DCFE7,0.1208274514692977
CC_BCA0D6159C23,0.1930383841499887
CC_BCAE73132BA2,0.0839272435128421
CC_BCBBF055366F,0.0486595378473846
CC_BCC94F494979,0.0745283376604825
CC_BCF75F8B9A5D,0.1101245389791074
CC_BD10F4F15094,0.0920686481840853
CC_BD1A2052ACD5,0.7800330793043316
CC_BD217C39702F,0.3028046278635998
CC_BD2A9D4B9FAA,0.2278648640305854
CC_BD3EDD1630E8,0.0495102928694754
CC_BD4AAFE9EFEE,0.0752422718738762
CC_BD59D1252975,0.0940634525420896
CC_BD607BE97C17,0.1007752499021428
CC_BD889F165227,0.1035656529314988
CC_BD900B6BCF65,0.195237143810321
CC_BD9967660461,0.4270082208239222
CC_BDABB99ADE2A,0.1792223180616848
CC_BDB07C66EDBD,0.3880932909793831
CC_BDB71DAAE50B,0.1058807568094194
CC_BDCB91FACECF,0.1281800645761927
CC_BDE1E398B4E4,0.0591278089035183
CC_BDE8D325637B,0.6577411725451016
CC_BDE9E7F390AE,0.0869488076732571
CC_BDECF392D7F9,0.1765919969601281
CC_BDF401C3BBCA,0.1285933762935643
CC_BDF53C42C5BC,0.2153758018496046
CC_BDFE5778530F,0.3227898914876008
CC_BE05EB5976EC,0.7412507885272542
CC_BE08A6D5E76D,0.0507564485470923
CC_BE146CE5BEE6,0.1228406975227311
CC_BE24C1EE877A,0.1090540269125774
CC_BE27E98C4BED,0.0779671062574996
CC_BE32DACBF6C2,0.1177605961930095
CC_BE3F52F9C9EA,0.1197013062513512
CC_BE3FC1024389,0.1393161378700924
CC_BE4595898BF9,0.111535685385577
CC_BE4F1F53F4B6,0.078480369792304
CC_BE648663620C,0.1791109580661138
CC_BE6627F3B9EE,0.6497231822078033
CC_BE673F70B591,0.2955534824249225
CC_BE704640727F,0.0360002443819454
CC_BE7295B354DA,0.339562675038261
CC_BE760A430ACD,0.1987831322371722
CC_BE8A340F3876,0.0468797823141793
CC_BE9CB8845101,0.2580035441396466
CC_BEA12286E57C,0.1309351558127816
CC_BEB24EB997CA,0.1003971212536919
CC_BEB80CCF2ED0,0.0504082994337539
CC_BEB86014B5BF,0.173441195295311
CC_BEC035C8801A,0.1159031040886687
CC_BEE1B858F0C3,0.2624950890085281
CC_BEE664893442,0.1990957642303052
CC_BEE75A33F038,0.0578341779792236
CC_BEF22728402F,0.7231366610521573
CC_BEF8AB2DF19D,0.4268990119913733
CC_BF03683CC755,0.1180470158694051
CC_BF066CB8F7A0,0.1601138914489887
CC_BF154A9FEE8D,0.157159125884465
CC_BF17E635C67F,0.1156333053738523
CC_BF196AFA6AE6,0.1462417583385943
CC_BF2012FCFE14,0.1841887284955994
CC_BF3733356D4B,0.3893880270104073
CC_BF376C8D14ED,0.5364329846700416
CC_BF3BF8B9F646,0.0858053703991329
CC_BF588A5FF18D,0.671211688405051
CC_BF7C643B8874,0.0486315664003823
CC_BF8919F14394,0.1591240642902676
CC_BF8B759EE1EF,0.0709741241090079
CC_BF971FA7A950,0.1636168337816423
CC_BFACE960372A,0.116203358024618
CC_BFBF917EFEB7,0.5743465300920194
CC_BFCAE2959708,0.06315766741511
CC_BFD80ECB739A,0.2420045943435798
CC_BFDEC7E68821,0.1022946745298307
CC_BFE3AD881F4C,0.0492944177082246
CC_BFE511C0F9F3,0.5808563808667896
CC_BFEE9CF8A6E9,0.0930839187196134
CC_BFF8E82FE4BE,0.1486553086241432
CC_BFF9E8C0FE28,0.6007837273356116
CC_BFFCB2882E26,0.0503269403879376
CC_BFFDCACC1E4F,0.1151228593046831
CC_C003A15648F3,0.085320265107274
CC_C004160ABB18,0.1325148403257381
CC_C012746F45D6,0.1053648407496877
CC_C033B4EC89DA,0.1632115782903579
CC_C03578357D0D,0.4191129736233058
CC_C040C14F27A0,0.0592709764677761
CC_C0474C48C443,0.1381808245423728
CC_C04A1EF46A13,0.2102653236704104
CC_C067DA2C5F99,0.4421892196220508
CC_C0731DB0CD7F,0.6116740458698304
CC_C07C70AA1AF0,0.1351053538675193
CC_C0877F4DBC62,0.1437063753469698
CC_C0896CE6B4E2,0.088427220508321
CC_C089B0517E81,0.084907828117856
CC_C08B9066A5BB,0.2194132886307417
CC_C08DFB22BC71,0.0893806167437155
CC_C0A2108BEC82,0.206287334952322
CC_C0A6B0787F91,0.1056130704391157
CC_C0B29B279C90,0.089575737129485
CC_C0B7151247C2,0.1232946420571566
CC_C0BEDCC974E6,0.0968614036876438
CC_C0C6F913C2CB,0.68211316588805
CC_C0C7EAB055B1,0.2341396174716366
CC_C0CCCF588BEB,0.243758259482637
CC_C0D65A1BC1DF,0.6170790969929532
CC_C0D6ADDF1E0F,0.0849880065314385
CC_C0E49708EB44,0.2620854773775499
CC_C0F32BA57D17,0.0547613718878754
CC_C1094828B26C,0.3178049544658057
CC_C124E4C094F3,0.2258489919878898
CC_C12ECF48FA03,0.1741644497601569
CC_C12F5F7E5C54,0.1222712180779952
CC_C131509731A1,0.1599702016867618
CC_C14173B64C58,0.1944200716570223
CC_C14A4D39F494,0.3985845935759083
CC_C14DC9106B7E,0.2624073522158966
CC_C1624A910E58,0.0402340348065116
CC_C1645FA6EE7C,0.0684425333978335
CC_C165A26E7C1D,0.7169767329544388
CC_C16824A69631,0.0564798605056522
CC_C177831DEDC2,0.1319150908716936
CC_C1815DD481ED,0.7145240555504592
CC_C18313F97FC1,0.2824948123506809
CC_C18A7BC23071,0.2628730193884916
CC_C1941883C762,0.1178229491472378
CC_C1A0989CDF23,0.037056118254419
CC_C1A8C99D910A,0.0937963006075807
CC_C1B057BAE0BB,0.213189452216691
CC_C1B5D9A95708,0.1258515808619215
CC_C1C28181E30E,0.1679756498947722
CC_C1E8CA45E983,0.096132963664387
CC_C1F4DD05F5FB,0.1780730111411608
CC_C205BAC0D181,0.0803780734507345
CC_C208790016F7,0.0798339578007877
CC_C219E603FD0B,0.0670356537377351
CC_C2323893E922,0.1449753154430955
CC_C236A614F73D,0.1134264290743402
CC_C241491551A8,0.1064363809007176
CC_C247E0377048,0.1070012619717277
CC_C24FBA584039,0.2346853894316289
CC_C25078D044CC,0.2098622243943053
CC_C255BE787955,0.1957150349401575
CC_C25ECB5C5FD8,0.0710681681062832
CC_C276E722FB1B,0.3343881015304304
CC_C279090E1F74,0.7635064792835456
CC_C279CA96D14A,0.1321222092890808
CC_C283330B9999,0.0485452152626587
CC_C289AF57EB24,0.2660016813234682
CC_C29558864857,0.1269210824945894
CC_C29846DE78AC,0.6326826024225004
CC_C2AEE09D92AD,0.1043875463190905
CC_C2BBFB603032,0.3417649837982608
CC_C2C2B2EEBA69,0.0470102223081217
CC_C2D1CBB42952,0.1525586378806666
CC_C2D4587A871F,0.7000418237276953
CC_C2D583F20739,0.3281322142261711
CC_C2D9086A8C67,0.0686484390485745
CC_C2E8FA308586,0.1592117732548134
CC_C2EA104630E3,0.1068722627739731
CC_C30ED2C6265A,0.0476139144296493
CC_C31BA9FD4FFF,0.2613486846311829
CC_C31DC3117984,0.1752279060875193
CC_C33142B2E26E,0.3544488775146737
CC_C340668CE604,0.0906172394972257
CC_C36580241000,0.1333670097831249
CC_C3664AFC710F,0.1050113768873443
CC_C3676D2ADC91,0.243680775784763
CC_C368AC6AE19C,0.0483650664000543
CC_C38B446B7432,0.1792516634541953
CC_C38BE6D69E61,0.0673982167389326
CC_C38FB634E7B9,0.0721504321579781
CC_C3913A125FC9,0.1579119656388997
CC_C392AC1AABDB,0.1314410556550948
CC_C3A37C3EDCC5,0.3368787938960411
CC_C3A42A96D260,0.2578845986235465
CC_C3CA355F78BC,0.0955839534928341
CC_C3CD972B25E9,0.1540837912188789
CC_C3CE9FCB05EA,0.0508534270112575
CC_C3DA12B31CD5,0.0793434620975844
CC_C3EF46D2CF29,0.2004689175305034
CC_C3F301EAE202,0.1829446293043257
CC_C404C200B723,0.1130368490381137
CC_C40BEE2EAD73,0.2616054727748382
CC_C40CA3E960D9,0.1509308531017752
CC_C40E0EEBA53A,0.2224232597991158
CC_C42183D7A586,0.0949442160560123
CC_C427199DAC5F,0.5256061881744235
CC_C445AEF194CA,0.0815317277393437
CC_C45051D20EC8,0.1287429202920681
CC_C47FCA703A69,0.2717727088967301
CC_C4965C6C6935,0.2959877440967448
CC_C498BD798847,0.0508813246835885
CC_C49A42D1C3CA,0.1253833870433013
CC_C4A2F5B06976,0.0849817976388565
CC_C4B632AEB96F,0.1539892974510034
CC_C4D194378554,0.0379077478323837
CC_C4D90E9CA5E9,0.1680810572862984
CC_C4D941D5A5F9,0.128521824329168
CC_C4EB2486A9B1,0.188504639298637
CC_C4EC2923D96F,0.3123116252280399
CC_C4EC9ACAE8C4,0.7256870134578027
CC_C4FB2ECB13DD,0.2884424122796002
CC_C50467EBCC58,0.076717162391187
CC_C50C5E2A77CA,0.174470060154225
CC_C50D7FAA75C1,0.0465110122772727
CC_C51FE3F4D2F3,0.142172991317722
CC_C5234F4713B7,0.0743085459314933
CC_C55110310E14,0.1054976433166422
CC_C563D509181A,0.0947638336814227
CC_C5736F4887D6,0.7276007643599495
CC_C57C4F09442B,0.091467576162968
CC_C59D2CA55CAD,0.7926883921965469
CC_C5AD04ABF022,0.097190735189693
CC_C5AF7BF4B951,0.043309187587416
CC_C5C5FD9FCFE4,0.6472248730580117
CC_C5D9A89022EF,0.2073406185964292
CC_C5E1FA10BD6B,0.1566598622295373
CC_C6039EF0459B,0.1502949416688979
CC_C6133F44EB0E,0.0996061506863494
CC_C637C1142503,0.7642418400446823
CC_C65496C86EAE,0.1687988546419191
CC_C67C2B86A807,0.1132858834617023
CC_C690CF8AF3B4,0.101086346868255
CC_C69204FFED48,0.2604850815394802
CC_C69DD80E5055,0.1028068213988329
CC_C6AE389CA79C,0.0867112393645148
CC_C6AFA8AF33BB,0.0735434925314106
CC_C6B56B2869A6,0.3648619462851345
CC_C6B61E03B42D,0.1904877427416442
CC_C6C2B357FDF2,0.1272831056716369
CC_C6C4A4A318E4,0.1197013848524669
CC_C6DECDCC7956,0.2120834556776422
CC_C6F134ABD932,0.572161173340415
CC_C6F24128D8D3,0.2315538095777566
CC_C6F8C5E3D746,0.1056365317573092
CC_C6FB2BDCC78F,0.320860320651112
CC_C70DBEB08378,0.7994833882509699
CC_C71AAC6F9607,0.1000944435172766
CC_C73D1C53BEC0,0.2878869103632108
CC_C7423B380FD2,0.0640911199272983
CC_C747ABF2B4BC,0.0894009789422572
CC_C74F0C45C093,0.1385191742763029
CC_C75307665BCF,0.2181729397621202
CC_C76473DBFF83,0.2894060061854282
CC_C7652C2D1CC7,0.1831424567895151
CC_C77B38900325,0.2296842847111414
CC_C782A94E6754,0.0493090520799149
CC_C786E0FDA098,0.7588281097483125
CC_C794632B3AAC,0.4275670727285521
CC_C795250A7B3F,0.1153164798800976
CC_C79BF5794AD9,0.0533709368040959
CC_C7A2A7BF85C5,0.0742068588344483
CC_C7A2CEDA36CD,0.4626264169842113
CC_C7AAAC514CD0,0.1089550429406789
CC_C7B39AE8206F,0.1344368280368935
CC_C7BA884F8DCA,0.1607928846522513
CC_C7BC592C11DB,0.0537680759189753
CC_C7CB29EBCEE1,0.0648357808367323
CC_C7D2BE35C77A,0.0726811056756826
CC_C7E56C7FFA19,0.1655924045432138
CC_C7ED63E403A8,0.0741259478832408
CC_C7EFF4BBEE1E,0.0668389730907204
CC_C7F1C90A261F,0.1488119780531837
CC_C7F38C2DEDFF,0.1878008742533278
CC_C807F881A35F,0.2558250849984656
CC_C808346EF2A7,0.0509956165450385
CC_C822401D05A0,0.1392555916568486
CC_C82D0EB32984,0.1022347136689516
CC_C82DE4520088,0.1991927628617301
CC_C84080607284,0.070601489498165
CC_C85DEB66D6EC,0.2656715766515116
CC_C8601860B3AB,0.3188910992348808
CC_C86B56E5B000,0.1163568864408269
CC_C874E7D8B96A,0.0568007937454221
CC_C88F02C38654,0.1478285278763232
CC_C895990DF270,0.1664520560990505
CC_C896D6E93110,0.3485875578609432
CC_C8A57920FB6B,0.0913448297830973
CC_C8C2CEAC6750,0.47894516890533
CC_C8CBB38CF4B6,0.470686863606865
CC_C8DF2AEC8023,0.1944296588381967
CC_C8E24B1925A2,0.1546667540750414
CC_C8E2F0CA5050,0.6779516088869735
CC_C8E875AAFD58,0.2842987334262163
CC_C8EF7366016A,0.0745825094314518
CC_C8F1FB9C56E5,0.1056950011082572
CC_C8F2FF7E6DAF,0.1482654449172979
CC_C916DC82A00B,0.3195774543527769
CC_C91FF308D57A,0.0834361209427146
CC_C9297D88CD26,0.3193545975952616
CC_C932D885E1AA,0.2082480186665053
CC_C947A66A6A34,0.1556548059760989
CC_C953D19C82A6,0.2505478016643025
CC_C960365C1125,0.3171825180870853
CC_C96221203852,0.2290402638038443
CC_C967937FC81A,0.7057917529261054
CC_C97434767545,0.1750703201499021
CC_C974620D4D4F,0.2168000903327065
CC_C9749B07E3CC,0.1110632576564758
CC_C979F86EC4EB,0.0673530029787677
CC_C9882357496D,0.07542909761186
CC_C98B5F2B994A,0.0871980354381879
CC_C98CA453DC7F,0.1003214173625768
CC_C996515164AF,0.6900387998476047
CC_C9A1B8F512F3,0.4264682118976304
CC_C9E008678B77,0.1007483892654098
CC_C9E89E3728DA,0.2404912556395931
CC_C9EE0357CF4D,0.2035809450560583
CC_C9F15C15BA6A,0.1078172081243277
CC_C9F3BB887EB9,0.173970639258825
CC_CA0906B9B58E,0.0654966425562081
CC_CA16B9133E4F,0.2398406831617958
CC_CA2524A5C7AF,0.2814959893375743
CC_CA2A17C9CD44,0.4812064701587554
CC_CA32C61E255B,0.1224274066684758
CC_CA37F92A8BC6,0.1581036649119182
CC_CA3C9D0F42A2,0.5511832144873362
CC_CA4669FF2379,0.1184184430273734
CC_CA486E08F176,0.0546418764620767
CC_CA5CF069C36C,0.0733013203651226
CC_CA6AB58D2C8D,0.2316377617714827
CC_CA6EDCBFA9E3,0.1990848547199041
CC_CA6FB58C11F4,0.0841724746553003
CC_CA7902338F91,0.131042733096156
CC_CA7BE11DCB92,0.1086153934054817
CC_CA87A148C386,0.0915863686078422
CC_CA8E7E45347C,0.1914233406580204
CC_CA9214D0E170,0.1594870908401634
CC_CAA07EABEF71,0.0592569408542478
CC_CABC0190A9BF,0.4807195469911509
CC_CABF171B8582,0.5767835065324411
CC_CAC2F989A2D6,0.1995135008291275
CC_CAC50FF13A43,0.4322415514883223
CC_CAC9C52B6FB8,0.259625384150394
CC_CAE19DE8446F,0.0656031155602488
CC_CAE5F6D8328C,0.3900052886411863
CC_CAFA0C6DBCEB,0.0641165949353681
CC_CAFE5D6E3E1D,0.1152997057231445
CC_CB02A97FAC1F,0.1928023856000874
CC_CB1155AAC7EB,0.1362130117274777
CC_CB1B2FC5769C,0.1815142072445821
CC_CB1BD3C19303,0.1639797644909628
CC_CB2423DD4809,0.7863834006731504
CC_CB33381406F3,0.6393210128856954
CC_CB3CBA971E97,0.0948001520311097
CC_CB45CB5C940D,0.1360562601338036
CC_CB4A2667F8CE,0.1820909120885113
CC_CB4EA92BE238,0.0608779176380391
CC_CB4EE5CC0B09,0.2009082479089087
CC_CB50BDD92A4D,0.2182604832649811
CC_CB6A55831080,0.0667517817287652
CC_CB6CE149111A,0.1281691643395768
CC_CB6F9DA78019,0.0494589936511413
CC_CB722FAA608D,0.2336568770082465
CC_CBA786C05C1C,0.7386092062799641
CC_CBA9A6206DCB,0.1512617755024985
CC_CBB7AE2847B6,0.1793564554796168
CC_CBB9DDEAC819,0.0377384805619328
CC_CBC30D127BA4,0.0960668154542033
CC_CBE67EF0D3C5,0.4998536509715092
CC_CBEC318365B3,0.3660640811090158
CC_CBED6669EDA7,0.0630636400772817
CC_CBF1B052FA7E,0.081556112568035
CC_CBFC7EFF2F94,0.1322213945617938
CC_CC27394B5E35,0.0830087478999894
CC_CC2A7B3D7A55,0.1431204871474276
CC_CC34B2523794,0.1627385305678357
CC_CC34E9023873,0.6779861377013802
CC_CC37D81F02A7,0.6193500350508112
CC_CC4822AEDB83,0.6629401695754814
CC_CC5D6CAE5ADB,0.2597906022070633
CC_CC6D27804EF0,0.0766164100546957
CC_CC71D4876B90,0.1231176882271999
CC_CC75EA7F2C8F,0.1046423513007003
CC_CC9214A5C0CF,0.0844346979982091
CC_CCA2B8D2446C,0.4209517818342225
CC_CCAB3E56FD92,0.1729447257464075
CC_CCAF321D46D7,0.0385982437931013
CC_CCB46EA56584,0.2392056132334581
CC_CCB60CB8754C,0.1412009872320148
CC_CCD759553325,0.0629234714071668
CC_CCDC28D49832,0.1205569814282667
CC_CCE55029E621,0.6595829185777135
CC_CCEA133D7268,0.6090232810674044
CC_CCED6CEBC3D6,0.284016186088148
CC_CCEE76415B51,0.3249930576556371
CC_CD1326D52AE1,0.6500158523938339
CC_CD35EEA81CE8,0.3393504499093199
CC_CD373485942B,0.0993994056051464
CC_CD379DD39658,0.2638857281958053
CC_CD37D5CF0EB0,0.1748662810358987
CC_CD380545A7A4,0.0746877565008003
CC_CD3A378249BA,0.258996571852608
CC_CD415B1C7741,0.0444050112322525
CC_CD4976814F28,0.0442421844848444
CC_CD4F5F1C357B,0.2467672996477269
CC_CD54829713AF,0.086461367757554
CC_CD5E3556D5AB,0.1937151068160201
CC_CD6C797F3C4F,0.0773976797936327
CC_CD7BA8F6C4BD,0.124801403216981
CC_CD8352F0478D,0.2005796460374861
CC_CD972E578564,0.784753391962066
CC_CDA1B20179B6,0.1094004280763007
CC_CDA2A36B81B4,0.2154068489943823
CC_CDF6354EC332,0.0604196502801111
CC_CE01E17132E0,0.0439660201748679
CC_CE1280B30475,0.1391585421808664
CC_CE134F878294,0.0513129043735345
CC_CE229894AC00,0.1257907912402578
CC_CE26907B9D30,0.3873030347274054
CC_CE2755B42DAC,0.0884428029042381
CC_CE2BD7F74421,0.2315416246960464
CC_CE3784121355,0.1099332646324496
CC_CE41F9FF509E,0.1879338005463901
CC_CE5AF0E9A157,0.1032442132553851
CC_CE5EA019DCAA,0.074721074114116
CC_CE6460FE39F6,0.0802737295744861
CC_CE72D1734761,0.5682873431185606
CC_CE7FC560768D,0.3100347910310864
CC_CE871DB3950F,0.3231202779017947
CC_CE8D1564C4F1,0.1399593327225025
CC_CE93240526A9,0.2678834747017692
CC_CE980FCAB154,0.2637108503123219
CC_CEA0FAD348F8,0.089163842321419
CC_CEA369A3451F,0.0677026070224942
CC_CEBA67081418,0.2441267026961583
CC_CEC0C00FE770,0.5219570655500209
CC_CEC3B21D2982,0.3672957839501328
CC_CECEC680F701,0.1808446345188378
CC_CEDB263DB07B,0.0453055048563582
CC_CEDF9C14DC79,0.2437258675468737
CC_CEF23255BE06,0.0583713896484948
CC_CEF8C71C4E8B,0.4216759151314824
CC_CEF91FDD41AE,0.3421045216198002
CC_CF0B68684C3D,0.1170958226158187
CC_CF149865368F,0.1037316388066169
CC_CF2A7A5582C2,0.1688000380099908
CC_CF2B3E37CF2E,0.316311639691274
CC_CF2F163CE005,0.1426953245446122
CC_CF3C063DF626,0.1636811489226063
CC_CF3E91DB8220,0.3668037548510226
CC_CF3FB5744443,0.6573396521619692
CC_CF4991B8EFE9,0.1344293203448332
CC_CF53FD3AC9AD,0.0386089629061231
CC_CF5A140B279D,0.2601608520186702
CC_CF613A7162B6,0.1343600336423737
CC_CF6A8A460B19,0.1038627325383922
CC_CF792E77A16D,0.0497543200371841
CC_CF7BAF373E0A,0.045210419806335
CC_CF8B1D0015C4,0.1315865512218884
CC_CF8D0517B79F,0.0709177116790851
CC_CF92037ACA93,0.2134938892542978
CC_CF960A300F40,0.3478316558583421
CC_CF96B6335E6C,0.2129418375477384
CC_CF9880D67A7D,0.1717953708851927
CC_CF9B249283A7,0.6686539701403724
CC_CFABF7407978,0.190883127599179
CC_CFB2AE99EABF,0.1948107811278243
CC_CFC0BC440771,0.1819096948666775
CC_CFC235739F25,0.5155193312293569
CC_CFC6E8954325,0.0518334748897834
CC_CFD37EDB214D,0.2217324447258802
CC_CFD93C04478A,0.5266390474891227
CC_CFE0AA5381FD,0.6475182281988892
CC_CFEB021AA137,0.0639233551562952
CC_CFF6E2A6A3F9,0.2931496380714318
CC_CFFDC4947256,0.1696254965887707
CC_D009368CE434,0.0512504966152314
CC_D02E59E08B02,0.0496639059796739
CC_D03848B7353E,0.0545541300592769
CC_D03A69B1563D,0.1322167807368194
CC_D0576802096E,0.0899895202717429
CC_D0582E0F3440,0.0562320980690095
CC_D059D0BEC5D5,0.3333691120904577
CC_D05C4A8F2A25,0.1447478713526716
CC_D05FBA9B9040,0.6894968612449638
CC_D0653EA71CAD,0.2176278902554388
CC_D076A984B786,0.1729854656851115
CC_D08FC2D99CF5,0.1632254533612931
CC_D09942A02904,0.1327436593780877
CC_D0A8EA2D37F2,0.1302115884450319
CC_D0AAD35C800F,0.1337702081535096
CC_D0D666EC0244,0.0747007480272887
CC_D0F3F68F4452,0.3689181345414528
CC_D0FBDE8ABAA7,0.1163525420777422
CC_D103D50237D9,0.2228445289042624
CC_D11E5A30CF3B,0.3230404175414261
CC_D122B30AE7CB,0.5656840913578061
CC_D1679B40D83A,0.0966916269705127
CC_D1760785D631,0.255465454195785
CC_D18088587757,0.2519497774446967
CC_D184160042B7,0.3242963034362471
CC_D1886485E8B4,0.1457841857035356
CC_D1893DD5B4D4,0.0821755350359101
CC_D18B60E035CE,0.7412653560664143
CC_D191D099789D,0.0902605830360264
CC_D1BDB41E7FF6,0.0723034235197164
CC_D1BE2E6E9C9F,0.2194114548906083
CC_D1BFB29BF61C,0.0736284631564843
CC_D1C259F80E13,0.0923367685171018
CC_D1C63DA9CA93,0.1699037079785736
CC_D1C931E4F305,0.0718582307249563
CC_D1CE25F271BE,0.1647473894303986
CC_D1D2127A0C67,0.0620854529657911
CC_D1D31EA359F4,0.1435059967571504
CC_D1DB888BD9B0,0.1065677727119172
CC_D1E82B9DD102,0.1365182472915387
CC_D1EF68A649AA,0.1199541851877782
CC_D1F05E69F80F,0.0618093518381669
CC_D1F6FE158DCF,0.2337750494689279
CC_D205612FD566,0.6289694084746289
CC_D21474C31E3C,0.6932806274448331
CC_D2195A061A0E,0.5982677703682504
CC_D2199CC1CB08,0.0394144426984105
CC_D21FCD9DFE53,0.5502083777451394
CC_D233B2C8062B,0.4291993308180235
CC_D234CF2C21AE,0.6736742762815869
CC_D2373015DF41,0.0586616721570344
CC_D239CBE1012A,0.1277078634463632
CC_D2591377E980,0.7401234796746189
CC_D25E25C831B5,0.0767840373190212
CC_D262BB13DAAF,0.2671656737055137
CC_D272BC699F38,0.0550765143479069
CC_D2813C835750,0.7401169907657104
CC_D285B0D67016,0.0349717233280798
CC_D28FB525E310,0.2301989422568789
CC_D2AFEE04E96F,0.0402563244138952
CC_D2BBAA423304,0.1402120752377159
CC_D2BE8B4011D7,0.0544534425002052
CC_D2C49D2FEBF8,0.1801277786802169
CC_D2D09498D333,0.1371876556625584
CC_D2D187DA334A,0.1778534676332147
CC_D2D47A5386CE,0.2817152311521438
CC_D2E98F50621A,0.0460070796433321
CC_D2F265035F0A,0.0489440362547648
CC_D2F91355C6D0,0.2108303426695592
CC_D2FC934F8324,0.1230431084183644
CC_D3044C67CFFB,0.0666921286440598
CC_D313F2C49E46,0.4362726292588258
CC_D31FFB053D60,0.1156867537927393
CC_D336DB6323BB,0.3032097799609165
CC_D343A7CBA377,0.0719647819314423
CC_D345AF4C4B61,0.1738341812838796
CC_D34FA9410740,0.0814923716414523
CC_D354C5D1665A,0.1523832309520964
CC_D35E96480AF8,0.2803022900009646
CC_D3616386D6D2,0.1244263882747072
CC_D365173E852D,0.754471615461625
CC_D3683C6CFC5C,0.6125215502518713
CC_D373463038E0,0.0517850204817879
CC_D379CF8E3FAB,0.7303482812598624
CC_D37B4CA7F3D8,0.0633905520962426
CC_D37B5B3CA4BE,0.6694100878983462
CC_D39265D7B6C9,0.0542863001189686
CC_D39E3F732408,0.0706520077554051
CC_D3A7B21165B3,0.2428330899597873
CC_D3A9028A4660,0.0494823532157219
CC_D3A948322BD5,0.7171325703468756
CC_D3B95DB5E6C1,0.3104654512051859
CC_D3C8C5014D5C,0.2353731965962564
CC_D3D80929AF52,0.0897489834966251
CC_D3F25136073A,0.1845705348933829
CC_D4102AD032BE,0.1753188540638938
CC_D416EFCEAD89,0.0586454524750786
CC_D41C5030494A,0.6789411845091066
CC_D42E477596A3,0.066966666589875
CC_D432C89BADA8,0.1530998622335295
CC_D434638E9569,0.1382860632945631
CC_D4518F98BB77,0.0879571373182171
CC_D452847F2A4C,0.0536495419282008
CC_D454056F92E6,0.2272444792435452
CC_D461FB973AB2,0.7765200726974156
CC_D462250B13D3,0.385358166448721
CC_D48E686A834A,0.6187425143399885
CC_D48FFD985E51,0.0797068032500262
CC_D49263A1BDF7,0.1342870072660575
CC_D49668C65C33,0.0354876177710987
CC_D49D9C57A849,0.0986179405140726
CC_D4A029A150E4,0.1745182364489159
CC_D4AC998C0BC8,0.6850574731267823
CC_D4B02AAFC697,0.1267093534008516
CC_D4BDF0F4FE9E,0.1071444307530614
CC_D4BF2778371B,0.1775390561731503
CC_D4C0F4DB3501,0.1591801397661024
CC_D4C6DD8A364F,0.138377334126779
CC_D4CDE2A1E174,0.1503506954631992
CC_D4E7EE35695B,0.1514653529465831
CC_D4ED652E86DF,0.277953860072905
CC_D4F844B54B84,0.0437067076569272
CC_D4FA0055DB4A,0.0568920147019495
CC_D4FDCBAFEC74,0.746631105333855
CC_D517D90E105F,0.085338062960971
CC_D52B87A01028,0.2129873608972081
CC_D530C3D1DBF8,0.6738804791910943
CC_D5327E41EBA2,0.130049137714139
CC_D53C8BCA531F,0.087244957419565
CC_D540C7ABF683,0.6669624141914554
CC_D54105FC1349,0.4109184290376177
CC_D550CE8B9313,0.733113118656869
CC_D55C5B432387,0.1569714746807246
CC_D5646FCC5E14,0.5517185081777954
CC_D56F34613338,0.1182520812943808
CC_D573AF0F1674,0.1057874769881524
CC_D586E2C2B3EF,0.2327691883051068
CC_D589E388CA02,0.0607484749277902
CC_D58EBD954E68,0.303751677068409
CC_D59AFE884BDD,0.4320715764799201
CC_D5AC596A85E1,0.1800681416695306
CC_D5B99B578573,0.0462667272065709
CC_D5CBF4A4D3B3,0.1401176027929656
CC_D5CE05EAA837,0.1963090022530074
CC_D5D36A6C8DB3,0.0664422864641931
CC_D5D8D545736F,0.0824553282762801
CC_D5ECFAF8C1A3,0.0702811554297798
CC_D605715F737A,0.1340354585176903
CC_D617428B4B0E,0.3320459320044586
CC_D61E8E5C4414,0.1246841152342163
CC_D652B5F05769,0.1829842086115102
CC_D6564D0CB9A8,0.184988302103332
CC_D66183657419,0.0800563162763986
CC_D66BDD3E1AA7,0.1096972897059717
CC_D66DA331534A,0.0850258103176491
CC_D687A780C0E6,0.0492466819307307
CC_D6AE871A4C9C,0.122461385078013
CC_D6B7AF1FBDD4,0.4783271519627666
CC_D6B874308353,0.5886691428163069
CC_D6B8F47FE484,0.4475210925453214
CC_D6CB1BFDCEEA,0.1798880834929466
CC_D6D47D7E1C51,0.0473106215674857
CC_D6DE060699C6,0.1202640310045772
CC_D6E06014457F,0.7976281256434621
CC_D6E8E17EA449,0.3198570584928359
CC_D6F216AB1C4A,0.1519765761382863
CC_D6F5E3A51C8A,0.1014060033614112
CC_D6FB3B76D7A0,0.5884095784727199
CC_D6FBCD4BA3DA,0.2750339079959083
CC_D70918916097,0.4720001778833561
CC_D73B1B9B81A5,0.0538515303693697
CC_D73E9E24BB48,0.135439510679248
CC_D74AA0F20466,0.1225141015423559
CC_D750070C44BB,0.7352973887115773
CC_D7529675CB7D,0.1966043888514828
CC_D75C8CDB510B,0.6353622651309582
CC_D76009C47709,0.2505570573626808
CC_D771775A58F5,0.1884996723619525
CC_D77F9D613EF7,0.1546754776399732
CC_D7999C3EDE22,0.1921786146606742
CC_D79BF1D26499,0.2165951695844544
CC_D79C05885899,0.1040682451908351
CC_D79D4F15D10C,0.0477593412614549
CC_D7A11E3512D2,0.052945404978897
CC_D7AD7A7279C4,0.2000159429363502
CC_D7B35055AF0D,0.1860759624350364
CC_D7D99409D57E,0.2897085903580814
CC_D7E403181D8F,0.1084339229920968
CC_D808C7BA9399,0.123042047420029
CC_D80DE8B544F3,0.0413828196989505
CC_D81D19AEFB77,0.0413043234272554
CC_D81F317F6384,0.1237951663773586
CC_D844D9DF962C,0.1024693350107417
CC_D847D978387D,0.0524625614750158
CC_D85C7B85C440,0.2710498972564714
CC_D885591596E7,0.0882378841526725
CC_D887D07BDE23,0.3925941141617163
CC_D88ACC0CFDA5,0.1051968246955761
CC_D88BDD0F510C,0.0555279928020693
CC_D8956424CB37,0.2966054267970062
CC_D8959BB99A7F,0.2596800922250928
CC_D89A9A14B5E8,0.0535373898953145
CC_D8AD01F3CCE7,0.0538807044781855
CC_D8B4122DC296,0.133287961957529
CC_D8C38B187875,0.676970822718564
CC_D8E55509595E,0.0595324351613678
CC_D8E6B90C37A3,0.1101884997880013
CC_D8F1AECFCC2F,0.0631141971560093
CC_D8F7672C70D7,0.0490793130006474
CC_D8F7E904E7DF,0.1980762591665242
CC_D8FEF1C99F88,0.6514160766162482
CC_D90761F9E9C9,0.386416951183554
CC_D90D9D5C8FEB,0.0958403103002745
CC_D912917A4F4E,0.7239021315294815
CC_D91ECE64FD0C,0.1049687761225337
CC_D9325E5695D5,0.0494599879750892
CC_D9563654A397,0.1589349592217248
CC_D95766A6C24F,0.1447729980031334
CC_D95939B1BBFA,0.0665378137418195
CC_D96729C38BC9,0.0940044163410955
CC_D9791EFF766C,0.2639847043518804
CC_D97AA7C54F6D,0.1665199674332034
CC_D98BA5CE8EE6,0.5272764421507946
CC_D991DAD5413D,0.1540680887817541
CC_D995C89AA359,0.2756816716600369
CC_D9A54F55AD6A,0.1021183978245993
CC_D9B87A96C353,0.266325374487273
CC_D9C42B0B6A0C,0.1851578810638076
CC_D9D487E78FAF,0.6587069105102858
CC_D9D744A66B09,0.1003222432263234
CC_D9DA3F6E2E7E,0.1394702339549802
CC_D9E5792258E4,0.1034078786118229
CC_D9E6B9CBEB77,0.0533785281173161
CC_D9F0CDB02AC6,0.138047757345081
CC_DA0201D1BCF2,0.0896217273047385
CC_DA0500AFE692,0.0685972511515959
CC_DA0E0BD3880D,0.4820045822618262
CC_DA10F53AE655,0.6369588139146869
CC_DA1643A835A2,0.0880103350158096
CC_DA1C5BAB7E35,0.4428423526856169
CC_DA1DC6A6371D,0.199485201500586
CC_DA1E6B31DD2A,0.7189077959726243
CC_DA1F282809D0,0.05595371265623
CC_DA226442D919,0.6922737933343206
CC_DA31EC318B1F,0.0625840817486777
CC_DA33597C6459,0.1265032960928554
CC_DA43CFB5CC2F,0.1926128543743445
CC_DA481C72B8A4,0.2400783787853385
CC_DA55447636EB,0.0476838800498284
CC_DA5AE34842E3,0.1109737558129222
CC_DA6880B018AC,0.1981867554191926
CC_DA700A961616,0.1763552944553607
CC_DA7E65F1E6AA,0.0795080957795412
CC_DA80FAA7FE30,0.1051106025723592
CC_DA8DCCC1199D,0.3200782393232593
CC_DA8EA724C1D3,0.3772610800279084
CC_DA8FA65D1924,0.0439461850323309
CC_DA99D1E41C3E,0.0537173420849302
CC_DA9C3BEFD0B3,0.1666420784175727
CC_DAA3B7FE1C62,0.0722084337040555
CC_DAACE4211B34,0.1583784278086591
CC_DAD239E56638,0.7685561876497446
CC_DAD4BC090253,0.0672259550599297
CC_DAEDBA26BA12,0.2321660764829491
CC_DB1EB08EB40E,0.1214657498717438
CC_DB2314ED6960,0.0951688209692381
CC_DB25E05EC5CD,0.4289065978025415
CC_DB3BE0C87882,0.0541024831682862
CC_DB44628BC147,0.1786037103839001
CC_DB562E602BA8,0.1297750618213851
CC_DB61D7F5F8F2,0.687174509845901
CC_DB6498598C32,0.157763628090446
CC_DB6B59FB6E30,0.0435552317914325
CC_DB801B947698,0.24861162806576
CC_DBB8C467FF1D,0.099352306328055
CC_DBCD21C2C322,0.0851750739355192
CC_DBDB148E45DD,0.0890966152269743
CC_DBDF9BFA7E87,0.1217662303132958
CC_DBF5CD2D854F,0.2151061820006781
CC_DC0077DE6E39,0.2208750250957995
CC_DC23159A1F99,0.0689332935252028
CC_DC2458827FD8,0.241940261223008
CC_DC2BE35D58AC,0.2484160354671713
CC_DC49C8D3F7EC,0.54150050765232
CC_DC5DE66826E9,0.125199930272316
CC_DC6063FC6464,0.0736929217855643
CC_DC771AE1B4BA,0.6596838833162224
CC_DC7DEBC30E17,0.4094375829449758
CC_DC978F3A711F,0.6521731445153258
CC_DCA2140C7BC4,0.2028466440804794
CC_DCA5CE7C9DC3,0.1210693895708702
CC_DCB5798049B2,0.1466193156714634
CC_DCD10C95C942,0.4851112442216119
CC_DCD145E8E729,0.2560075507299388
CC_DCE0BFC03B86,0.055606056232339
CC_DCE75AE2FB52,0.0685301163463183
CC_DCFCEEF21BA7,0.3072803911095894
CC_DD12A8C462FA,0.0755519549151478
CC_DD14867350AC,0.2519902207940145
CC_DD232BC8881D,0.1601871974155854
CC_DD2473D34D68,0.2138208092534516
CC_DD2B5C4CD318,0.0658468916178228
CC_DD4EC06C3A92,0.2638404789076402
CC_DD5299DA8C1C,0.0924592339421279
CC_DD59BFF18ABC,0.1844507018352136
CC_DD6777E1B05C,0.0559193565265289
CC_DD6EE1501B89,0.0904799156550705
CC_DD78B52AE022,0.1359505648715682
CC_DD7983A07B43,0.7089024584023599
CC_DD80B5CC495F,0.1405629285140122
CC_DD8956B71825,0.6503545261433699
CC_DD8D40E7E2A9,0.1087712389613595
CC_DD9972D0B63E,0.1413618475739047
CC_DDAE70634ED3,0.1007431782254635
CC_DDB4A9FF2B03,0.0893784949203483
CC_DDB68302DA2A,0.1584182998467988
CC_DDB9DEC9C037,0.0687218838340034
CC_DDC610D2B2F0,0.0586696376431712
CC_DDCAEC6BD9F0,0.2120314834120046
CC_DDDF665EBD93,0.2756093510952482
CC_DDE66EBF2157,0.0681366184132604
CC_DDE8B7E9C7F4,0.3238565174943283
CC_DE019FC36D28,0.3400564242574546
CC_DE07076B04D5,0.149226998959449
CC_DE07AECD2361,0.0378681445169815
CC_DE08A4514010,0.5752653507217034
CC_DE093FAC5293,0.3925292731474999
CC_DE17BC1C2324,0.050477699898977
CC_DE1B13B3E504,0.0423277001080253
CC_DE4264861B73,0.1153226524848339
CC_DE4810B88C51,0.3122510280053142
CC_DE4EE8A16896,0.1516484100658602
CC_DE523A2403BB,0.100872413480192
CC_DE52860CFBBE,0.1982188577850895
CC_DE593193FB9C,0.1759834903457062
CC_DE5A9B499ED4,0.0755332457678074
CC_DE6AFFA63ABD,0.0870507246251801
CC_DE7CEC14CCD5,0.6868506131762874
CC_DE7D7B5BBB14,0.6632985107524841
CC_DE81AAB7BF48,0.0625798510878146
CC_DE8956D433E2,0.6064239677273889
CC_DE8FB8D1CB71,0.3319650910361316
CC_DE90D07B269D,0.1873805454099774
CC_DE9A62529780,0.2047666094628518
CC_DEA425EA8441,0.1102204139652489
CC_DEBE01582EFF,0.2482413762694632
CC_DEBFD4E79A38,0.0459997584850793
CC_DEC97F13CB8C,0.1964173894826963
CC_DECF1507C86D,0.154388219453163
CC_DED24C8D047A,0.1200576892681796
CC_DEF4AEBD31C8,0.2742992825083613
CC_DF062F698349,0.1079368809017118
CC_DF13D5CB626A,0.1163650880359831
CC_DF15C526CDC5,0.0480201086339
CC_DF1F6C68F7D2,0.156794616717021
CC_DF3EB88F509B,0.1050263750792168
CC_DF4E332C886F,0.0380375852126326
CC_DF514171DC30,0.1595565372824171
CC_DF536CEAE5C0,0.0505815302131648
CC_DF5806CC2CFF,0.1229557297657191
CC_DF715690EF20,0.2200073299813592
CC_DF718A37AF15,0.0898181975254089
CC_DF7276DD74AA,0.1212098012581051
CC_DF750B2D6872,0.36766518059842
CC_DF9FB6670627,0.0616030972129457
CC_DFA65A0125D9,0.051087664793028
CC_DFAE355359B8,0.1745168746648777
CC_DFEA562F7BCF,0.3108206493276552
CC_DFEDAF0F0D6E,0.0376309892401957
CC_DFF6F74C64B5,0.6390253248058193
CC_DFF87DF16763,0.1055347350878221
CC_E00D8ECE9FA9,0.1411451086112083
CC_E027E36615C0,0.5914675579601386
CC_E02E23CE49A8,0.0833769009188502
CC_E030B3AEBF19,0.1939582025438244
CC_E031A4C862C1,0.1642459782320192
CC_E0339B331F4F,0.0932651800632869
CC_E038981B2FEE,0.1323994864038286
CC_E0463868968B,0.1629146639817723
CC_E05A8621B581,0.3200782393232593
CC_E07FB0312232,0.1420240712248875
CC_E088594E0624,0.1904268777267231
CC_E09AC3B1E534,0.1027150460498108
CC_E0AC29AFCF97,0.2076694468442952
CC_E0BAC6E0D0DA,0.0839746909775113
CC_E0DDDA07F0A1,0.2447505589098176
CC_E0DF45AB72B6,0.2191209716218901
CC_E0E1F8E7379E,0.0914508373745199
CC_E0EF095444A5,0.1628975743865635
CC_E102E4F7F8B4,0.1854066067137982
CC_E109B4CA6A8D,0.1373328429561005
CC_E11470A2D92C,0.3849945321621985
CC_E117B8A6ADC6,0.0360096177769486
CC_E128015073F3,0.0860651032110889
CC_E131D5EB9237,0.1685559615886027
CC_E14A24095E9F,0.1689909976717734
CC_E14CADF89123,0.4752126231576358
CC_E16876025011,0.0549621181397744
CC_E16C71C15D04,0.6521004777084127
CC_E16F1BB83653,0.0541958340624942
CC_E17448FB08EF,0.5866936668209521
CC_E17AAACEB07D,0.0955985107710747
CC_E1875522DC57,0.162423919486557
CC_E18A0734641A,0.1190778451233901
CC_E18A22453843,0.0770074412242443
CC_E1B4E3360C0F,0.1956281545974737
CC_E1B5AE645169,0.0561115381864631
CC_E1B71F6B7DD2,0.3213742620526046
CC_E1D073F693A2,0.2873401043885468
CC_E1EA83C31C66,0.1120239624213472
CC_E1ECAE226485,0.2323230180320571
CC_E1F0C5076481,0.0811421382803857
CC_E1F78CE289D8,0.0509046961903516
CC_E1FBCECE0A54,0.2392614103558045
CC_E1FD46CA26D5,0.0800101640767907
CC_E20E7C7164A6,0.7238390033471639
CC_E211E2698C14,0.0421462005639905
CC_E21B4F587C45,0.1429013425675421
CC_E22A278A1386,0.0647248704765228
CC_E24078C03B7C,0.1244357785014897
CC_E2452737F950,0.141009647000413
CC_E246119AA09C,0.6391109110982786
CC_E246942C7310,0.0756029491311097
CC_E2474A334F3D,0.0927125612341995
CC_E2489637D0E8,0.1423195754455121
CC_E2521AF9C2A2,0.0861859404623852
CC_E253F4AC4762,0.6321883343971099
CC_E257805D0F0A,0.186746698226489
CC_E25A924EDB70,0.1000989596209296
CC_E25B5D5502AD,0.0981157167064224
CC_E2619E24BEDD,0.6194618413698887
CC_E274DAF3C064,0.0747111568516521
CC_E2787CBDFBF1,0.1412597537972619
CC_E28AE2E68BB7,0.6599196993147223
CC_E2C3E272D059,0.2180680044797899
CC_E2D653061523,0.4512571031650463
CC_E2ECDC7D23EE,0.1344249762770594
CC_E2F0E725C3AB,0.0624440685000233
CC_E2F7712CD056,0.2408975197235579
CC_E2FD7FCF0AD5,0.764830190301497
CC_E308C7DFB2F2,0.1429675691699375
CC_E30B791D5F11,0.2108719624742044
CC_E315F7A94400,0.3322420597776377
CC_E31DAB1E73F5,0.0634674437793598
CC_E32034C97E83,0.1913903852459339
CC_E32DBED5EAC1,0.2590204261360311
CC_E32DDDDEE3CB,0.2334767268801554
CC_E343EC3EB052,0.7169194784587707
CC_E34A04E78D60,0.0974789235099573
CC_E3503B565AD0,0.2780040806993454
CC_E356B05ADD56,0.2063229186831521
CC_E35D02BE6780,0.0318474112595372
CC_E369AAECB2B1,0.4400890391356959
CC_E36ACDB4F96F,0.4933944841055168
CC_E36C7F0E1657,0.8067034964863096
CC_E381FD4674D5,0.0466588293687547
CC_E38E3835121E,0.0465625492764491
CC_E3A70438A0C1,0.2797987412070557
CC_E3B5C76189F3,0.2644646256114775
CC_E3B7B7E57889,0.1578036285852461
CC_E3CCC0D886D9,0.1906112210463707
CC_E3DD8AD10171,0.3298511539145995
CC_E3E230CF20A1,0.2125467298693953
CC_E3E4B2543CCB,0.0637378749425605
CC_E3E5DF01E014,0.1697987779734996
CC_E3EB157288A2,0.1006913037510329
CC_E3FBDA203EDF,0.1631149630411456
CC_E404FCA6CB2B,0.6683586890150219
CC_E4054F9C8442,0.3477175877674021
CC_E405D808772F,0.0519149880743123
CC_E4137B250609,0.2830255840838654
CC_E41482A7E968,0.0738236916131216
CC_E421FA1874F4,0.1091756426321587
CC_E42C38BBBD04,0.1699429259437313
CC_E42D90BFB285,0.053050626049557
CC_E42EFC05C891,0.0880599478235782
CC_E430F3C75969,0.0994613380260323
CC_E4576D6B6478,0.1129312074116349
CC_E46B27A13728,0.3993533877176777
CC_E4783FB590D4,0.1886449788592914
CC_E489009C6500,0.1534619370860779
CC_E493CB46177D,0.1097269826668746
CC_E496AFA9B40A,0.3228502556673251
CC_E4A2FFE0EE1F,0.1043334420966434
CC_E4C553538385,0.3449742556152431
CC_E4C7B5501ED1,0.1667455277333922
CC_E4C8A5A60F51,0.1740625710182635
CC_E4C94AB69214,0.474994994490682
CC_E4D75244E8B8,0.2119041039748295
CC_E4D9A8EEDBAE,0.1994468991287693
CC_E4DF787730AA,0.1195041525394465
CC_E4E0DC070132,0.1532598858048907
CC_E4E3C08B7F86,0.0582527461936432
CC_E4FEEB4389C9,0.3503145809666864
CC_E50598344DD9,0.4148863393088056
CC_E50C634A9A18,0.0671276718854933
CC_E5107337FDD7,0.0595629187865777
CC_E511BFCFEC9E,0.6178467742770093
CC_E51318749E09,0.0959274883693247
CC_E53FE6708AD9,0.6673876443967217
CC_E54290FEA34D,0.1095108772304889
CC_E54B723C018B,0.0457684921123847
CC_E554618F383B,0.1043666959236763
CC_E557336955A2,0.1108605783470657
CC_E55B48E73651,0.2775563239702771
CC_E55D8DC645B9,0.0549041146670092
CC_E575DA02C575,0.2724448844158805
CC_E576BD98A727,0.1860906808742338
CC_E578DC77656B,0.1550651581521438
CC_E57F3EAFD9A3,0.1233774520050054
CC_E59A01603B7D,0.2376331010989931
CC_E59B2D974CB3,0.1648796062564615
CC_E5A1C44F0F07,0.6450496371772181
CC_E5A8BDF6BFC1,0.166099214154903
CC_E5B284DA0E5D,0.0945540989475117
CC_E5B8363BB378,0.5687210761891371
CC_E5D8BFFA5F88,0.0588008743726095
CC_E5DA04902EFD,0.3123022218299157
CC_E5F53CFC20EC,0.0735736433422755
CC_E5FAECE63C59,0.4183429789833212
CC_E5FB6E872C58,0.0879062300178289
CC_E6045565E7ED,0.0795120459444033
CC_E60845ADC7F1,0.0523067103299182
CC_E61567D6B392,0.1080059837887675
CC_E62174AFA94C,0.1382236027550324
CC_E6247DD14641,0.0994043367613581
CC_E6289A61F0ED,0.1068992331030876
CC_E62E32FB6FBB,0.0331406391161543
CC_E62F6BE942DC,0.2690069859591859
CC_E63E49B128AE,0.0952024180936712
CC_E63F89885A3E,0.773029507150535
CC_E6466E6A92CB,0.2150321291466961
CC_E64BC95F8B2A,0.7942705239181135
CC_E64C652BBAB2,0.0769037887288307
CC_E659DB355476,0.163260015211287
CC_E65C8BA5A7CE,0.0601546048880401
CC_E65F39446752,0.3140453981057711
CC_E67395791589,0.2097329004074585
CC_E67622A69EEF,0.0761286562488581
CC_E680830CAEF3,0.0766034577463902
CC_E6823643AC4C,0.6512864162101324
CC_E683F33931BB,0.1185583852385062
CC_E68841DEB163,0.091495014965677
CC_E68B2C33D180,0.1374138608314667
CC_E68EE6EC2618,0.0542568907913566
CC_E69508D3D3F1,0.2345240121260337
CC_E698F1348426,0.2019449704466982
CC_E6A178F3709D,0.1229131989976823
CC_E6A4B6E8619C,0.667386051121102
CC_E6B3887C66BB,0.2794636290514075
CC_E6B6BBBDBEDB,0.2596780162042004
CC_E6DBD0F9DC3B,0.080421101637666
CC_E6F090F70DDD,0.238935904618865
CC_E6F2D8CB45C6,0.1083425146655908
CC_E6F8FBEDA2A7,0.0877138200542678
CC_E70854CDFE9C,0.0592033139500795
CC_E71C05F07F85,0.0701910637748594
CC_E72797CABC60,0.0769828096038858
CC_E727C1153226,0.1001360828047569
CC_E73489D828C7,0.1144101022941846
CC_E7355465CE6A,0.0910581048292193
CC_E73CDBC743FF,0.1987161429117901
CC_E74F00E75A4F,0.0760518493731142
CC_E751F7E19192,0.1776886077544572
CC_E7522AD6431A,0.5653158681691636
CC_E7523630D2D9,0.2821271654893202
CC_E767372DD95A,0.6674822306231235
CC_E76C5DFD3BA6,0.1998578410785456
CC_E77326438575,0.1907820730057271
CC_E77E29E11EB1,0.2022957653398595
CC_E78F20B3223F,0.6787635913403675
CC_E79A23E64518,0.1104564838374421
CC_E7AC69AEA182,0.6690006675695191
CC_E7B754CA9668,0.0483791498652684
CC_E7BA60365AE8,0.1584013466468022
CC_E7C95D4A741C,0.0803606798298347
CC_E7D3D728EC5B,0.1661687780163408
CC_E7E4D5F851D3,0.0650612144812823
CC_E7EA49D37B64,0.3390011182875515
CC_E7EF11A24F73,0.772535105089502
CC_E7F6F9A7EC65,0.0871398608008535
CC_E7FBC7F69DBB,0.202354198214627
CC_E80B1A55A74D,0.1574661536614444
CC_E824AB0AFDBB,0.196735177628699
CC_E826DAC92D9D,0.2089308553223432
CC_E83AB7100D06,0.1337435555099443
CC_E83E6D31EC76,0.2671417184692236
CC_E86650461FBE,0.1752819282196756
CC_E868A3754B11,0.8056710913107475
CC_E86A993F7D05,0.0797538767938286
CC_E87992FBEE80,0.6433185553143869
CC_E87B909C4DDD,0.2354313775096256
CC_E8828BA7EE08,0.1554070770147627
CC_E886157F6FBD,0.3340354346816947
CC_E88711C5C98E,0.1295174330501843
CC_E887680BB6CC,0.1304496048019962
CC_E8909BF77D8D,0.1278404621085732
CC_E8A82DA3A246,0.1516129419842749
CC_E8AC7545DBD3,0.0880983028868784
CC_E8BA6B224C3E,0.1202981088342968
CC_E8C6CA45BF72,0.2539995047849017
CC_E8D2E3126A8F,0.6889240363958649
CC_E8E55DAC4FF9,0.0541035167730723
CC_E8EB77AF3F78,0.7804522473955674
CC_E8F2C6905503,0.387937388384903
CC_E90831F897A9,0.1583205836334449
CC_E90B14D51185,0.5522358637738755
CC_E9188329C9E7,0.095837956217834
CC_E91E1C0C0C61,0.5852668108607264
CC_E91E9D34C5F3,0.0993711781231528
CC_E91F555DBA96,0.1321167051084124
CC_E932CFF4B4A4,0.2000856095921971
CC_E93643CB34CA,0.1700116124835999
CC_E937CA493910,0.1614916866674276
CC_E9409A50B4BF,0.5083160779682574
CC_E96711AD5512,0.0550728920622526
CC_E96A3E6912B4,0.478797016820357
CC_E98AEE74B9BC,0.2014349614726899
CC_E992FB78BC2D,0.268440831963112
CC_E9A3AECEE3A9,0.0751792021441938
CC_E9BDA7766728,0.2710849047324999
CC_E9BF1AFE86C3,0.1649794663074145
CC_E9CA055AD1A3,0.0914162392009863
CC_E9CA0A56E917,0.1479299474204388
CC_E9D3453F53AC,0.6124634718312504
CC_E9D46EFFA839,0.191401416869322
CC_E9ED872B6037,0.0449869085536777
CC_E9F40C1B559E,0.1374277389064268
CC_EA06928C0AA9,0.2821194325067938
CC_EA0A46F64C80,0.1533614506650584
CC_EA114B15FC04,0.557300341055594
CC_EA1F3F67BA2E,0.1092541437414487
CC_EA21618614D1,0.7312472602125911
CC_EA26B5A89181,0.2181170062535231
CC_EA26C6C27662,0.1940801650117041
CC_EA3B5AC76649,0.1979386967688144
CC_EA4E669C8528,0.0828370741543382
CC_EA6917E7A5C2,0.6763971038355355
CC_EA8A25862433,0.1648430681218217
CC_EA901D7CA670,0.1857355805278918
CC_EAA2BCE323EE,0.7262631429911623
CC_EAA6D5189190,0.1215656056598885
CC_EAAA8DD7FAAF,0.1475465792224228
CC_EAB7408CCE0E,0.3117033525711722
CC_EABEDB3C4827,0.1462473729751936
CC_EAC6D83D1BFC,0.0359551702851194
CC_EAD7F3E9DAD1,0.0694093637539871
CC_EADC7D8196C2,0.2736401678307809
CC_EAE608E24E29,0.0423965565674654
CC_EB05AD2C7C27,0.0424388495345329
CC_EB1DA337E2D1,0.1495480998793767
CC_EB1F425EC937,0.1291753087837826
CC_EB2FE764BF6D,0.1419551742824381
CC_EB55483587DE,0.0953652010168986
CC_EB569B3E2E12,0.6543450654317082
CC_EB57E6E6C96C,0.2060551829477793
CC_EB5A0FE0605C,0.1420065471583773
CC_EB64EC97D01D,0.1444093314625808
CC_EB691249B91A,0.1416782750673988
CC_EB7C50A7D4C1,0.5044880410478302
CC_EB7C52FDBEC3,0.211959700978198
CC_EB86FED24535,0.2584568640444614
CC_EB89DECC2021,0.1088408820060203
CC_EB999F9D6095,0.2244430692142223
CC_EBA2F85924CE,0.0907997238233275
CC_EBAC5A53FD11,0.1007014106457269
CC_EBB109EF7619,0.1924318921857713
CC_EBBD00C18763,0.0466936419127274
CC_EBCA68C7854D,0.07142180609654
CC_EBCBDE122879,0.1841967107135312
CC_EBDF6C88BBA5,0.0671857383282561
CC_EBEDAC91ED43,0.089416504121532
CC_EBEEC4183FDE,0.0474478273766721
CC_EBFD9D007253,0.4511643787692663
CC_EC1ABC58E09A,0.160395848785408
CC_EC26EABA68DC,0.7747232320238708
CC_EC2A485A3E71,0.1792407825569082
CC_EC3B9E2FE47B,0.0754015218384452
CC_EC505F03EE5F,0.0404360207173619
CC_EC5317EC6706,0.2146611195713706
CC_EC5B7FBD1EA7,0.145631988082085
CC_EC5C7471FFC5,0.0563515951348524
CC_EC5D92B3617B,0.2165362618837432
CC_EC5E214BFED0,0.6486783130324134
CC_EC6406527201,0.103170005528383
CC_EC79022358C6,0.3261191891250212
CC_EC831A90189F,0.0873111647434055
CC_EC87C131FADC,0.0571677606593901
CC_EC88785D6F39,0.2147182532244577
CC_EC9173F5284E,0.0416979304812107
CC_ECB7B3B6272E,0.0668053613754284
CC_ECBF4CED56D1,0.1069369064046866
CC_ECBF80B94EAE,0.7681873190796331
CC_ECC78B7AE3F1,0.6165445216591559
CC_ECC7E9E691F5,0.2607878046223247
CC_ECC9235F612E,0.2431227295161502
CC_ECCB0BD557DC,0.1385110256330583
CC_ECCCB1B4EA8F,0.0800483398531057
CC_ECDDF4983DD9,0.0517207217247607
CC_ECEE93C4F564,0.5684254307512157
CC_ED07BD8B2CB3,0.0530658886136875
CC_ED0F4A02A01C,0.2233856735321485
CC_ED11D72A1D3B,0.0600575974842435
CC_ED165FC5A06F,0.0563088327518053
CC_ED2B6A40ABC7,0.264526709278322
CC_ED390F22A931,0.1021674236724125
CC_ED40E7CE5177,0.2189973357748709
CC_ED4E4B13DB1A,0.0415331280325985
CC_ED4F22572419,0.1503284494609999
CC_ED5AE5CB1DC5,0.0693647058829866
CC_ED6090A4E6E4,0.2122704150183915
CC_ED645D91E6A5,0.1251525610061586
CC_ED6B045B6075,0.1821567065842132
CC_ED9313C71C57,0.1991141498221797
CC_ED9BCE7C776F,0.7362409387294675
CC_ED9D4644716C,0.1607148972697201
CC_EDA794402358,0.236206735139498
CC_EDAADACD4DED,0.1191946195884547
CC_EDBAD2E989FB,0.1243958513693778
CC_EDC98B474E76,0.2364555070315489
CC_EDD1FD49A66A,0.7572316511407401
CC_EDD448008C0C,0.7140006049686838
CC_EDDA3B790095,0.0619189201121782
CC_EDF95BF0E3D6,0.1675122612680138
CC_EE03D7C2BC69,0.0657406332740504
CC_EE0D95184E81,0.051720153255773
CC_EE0FF690C214,0.4461158753861053
CC_EE2412C352D5,0.1012319081525567
CC_EE2A010019CF,0.0676385134586171
CC_EE2AC730827E,0.0614965636214442
CC_EE3236E6A9FD,0.1212920636097334
CC_EE3759EA49FF,0.1746381153185646
CC_EE38C78AD88B,0.3646057451047307
CC_EE3CE0FD6B77,0.4744680457037794
CC_EE6B7E58FC63,0.045194995746191
CC_EE6E02464067,0.2931044063304292
CC_EE6E1FA7A753,0.1737831787196325
CC_EE6FCE6C233A,0.2224374739797152
CC_EE88C07B9333,0.081029481780145
CC_EE9004165810,0.073678744095667
CC_EE9BD17AD343,0.0522736526712864
CC_EEA608D5A455,0.1498952126198083
CC_EEAFDB1BB486,0.5178366426262335
CC_EEB482736C41,0.267549679127865
CC_EEBD9DA093E1,0.0576260318944739
CC_EEF23DDD2262,0.1383366319970321
CC_EEFBDC9AD94A,0.0825266246372738
CC_EF05000895F4,0.4921452899651363
CC_EF16B2CE0988,0.3492926582244042
CC_EF1DD3F0CBDF,0.0639649342032291
CC_EF2D82085BB9,0.0881425156099588
CC_EF2DBE79D656,0.2131174521625415
CC_EF3000C48A4C,0.0678303252191158
CC_EF359AF608EA,0.0493893586743451
CC_EF362432D758,0.3346958196970754
CC_EF548B30F1B6,0.2340742239643689
CC_EF5B403DFD7E,0.1174950887156426
CC_EF66DA0DDF9C,0.3241414627619126
CC_EF70BA4AEEC4,0.2012992011088024
CC_EF83DD56FCC5,0.0655486317179966
CC_EF8B642A6F8D,0.0674976252582502
CC_EFA1EB27DA19,0.0444208545299151
CC_EFAE84EA9BDE,0.1112810305313946
CC_EFB26BEA106E,0.2708482822413944
CC_EFBB51CD8502,0.2446582000378773
CC_EFC18E9B3B55,0.120274720703142
CC_EFC4B0020E2D,0.1287901775118096
CC_EFC9FA5108D9,0.1791663097859863
CC_EFE45D9B9D9C,0.0520239251773819
CC_EFF27FA98DF1,0.062346420505961
CC_F000DA497736,0.2496760126508987
CC_F00107DE219E,0.5839255469264737
CC_F009FC54A64B,0.7495470880708471
CC_F01DF28C6BFF,0.085377692573573
CC_F037C91F63BF,0.1491801977201617
CC_F03FADA95A03,0.7487805382318768
CC_F05235F3C894,0.1206837415956874
CC_F0649FEBFEB8,0.4748031908722367
CC_F066C78B5C0D,0.1516394206175471
CC_F07313626618,0.6058954116406112
CC_F0783F6A56F5,0.7681640839578198
CC_F0791523691A,0.1973072074001683
CC_F080750455CE,0.064661015316593
CC_F0809EBB0B51,0.0450315269940059
CC_F08259F86E23,0.1882530406900997
CC_F0929F859702,0.1811157444308591
CC_F0A7203CCA39,0.1069279382407928
CC_F0CD4DD9C63C,0.1600998410052954
CC_F0D29AD328E5,0.1662060759859536
CC_F0D339E5B80C,0.067562887454156
CC_F0D3BC14FA77,0.088838877019772
CC_F0E16D28D49D,0.1783440556398468
CC_F0EBE2C00A7B,0.0713466139327091
CC_F0F137758DC2,0.0616334155146478
CC_F0F6BD40CA43,0.3757078820498606
CC_F0F6FCF6010F,0.1862661954839441
CC_F0FBC9D4ECA1,0.038470853162019
CC_F0FEE924096C,0.2558212290150848
CC_F1074E035DE6,0.0752067164107594
CC_F108D26930FF,0.3907995674806881
CC_F10DB853B9DF,0.369208682835056
CC_F10E06D52D76,0.1265966256919978
CC_F11F5F477B91,0.6550822686523661
CC_F14913B5BE1B,0.7497636315877394
CC_F156C1647E3D,0.0833382692353651
CC_F1598097E314,0.634894259630886
CC_F1641E3AAB3C,0.0551792035283819
CC_F166878FB959,0.0581982575390723
CC_F17540FE7C9F,0.1019996836624232
CC_F175BB08B29E,0.0565172667703613
CC_F1782AF286D0,0.3615203534536276
CC_F1796AD4B774,0.6032320210682297
CC_F17B3A3A5E56,0.5696187083865539
CC_F1858D6F0080,0.1515772467050667
CC_F18689FA8E29,0.0740792176591742
CC_F18A82B0F153,0.1404354374348666
CC_F1AE7142A128,0.107265754579452
CC_F1B43DD57C9C,0.1168041449898086
CC_F1BCB7676492,0.093066869180516
CC_F1C8B8BB90AE,0.1333142758395764
CC_F1E044CD2D75,0.2669678678777157
CC_F1FCB96B5E14,0.2306048638832834
CC_F2067E92A939,0.1414032637656664
CC_F21512554CC9,0.0766578139393125
CC_F243956B7575,0.0971101292348677
CC_F24FBC9FD3F7,0.3465840032174083
CC_F252EB3F208B,0.0888759456546845
CC_F25D793346CA,0.3469669724935404
CC_F25EB1ED5AD9,0.0772468214171839
CC_F265A0AE845F,0.6862918449248541
CC_F274BB4AEBE0,0.0606819571336191
CC_F28BF2185131,0.117387366702113
CC_F29077E45AF0,0.2453864028676635
CC_F2988560CAB8,0.3560161261520734
CC_F2993AB36C56,0.0945735943486346
CC_F29D6C65779E,0.0759379962827322
CC_F2D2BADD0000,0.0570254365207163
CC_F2E4AEB73D57,0.1193146700838046
CC_F2E630BAF431,0.0534423014661323
CC_F2EFCB40AE74,0.1451235969154586
CC_F2F085891915,0.717195188400171
CC_F3030E2C80A0,0.1963558474229504
CC_F3044C7C16BB,0.0751147928141113
CC_F30B21CB4603,0.0986585375076606
CC_F3140FCE870A,0.089665064292591
CC_F32A84B321FC,0.1973454409863732
CC_F339FF584607,0.2436420372774927
CC_F33CEE0F6DBE,0.4507349488877433
CC_F33DAF3E9CF0,0.1090520916894802
CC_F34EC3FF202F,0.0801018862304944
CC_F35A6C383B39,0.1721751659806464
CC_F360E0FF27CA,0.0703600696733232
CC_F36B7AEC0086,0.1247591892112946
CC_F370665BECB8,0.589317262919193
CC_F373A60E53E8,0.0459851012005317
CC_F373BDAE18B2,0.0800189996692318
CC_F3745BC63340,0.0701697435274601
CC_F37DC9169301,0.1220771802637999
CC_F394E57C5243,0.2240319939945438
CC_F39E98FD418D,0.0815876220473735
CC_F39F51452381,0.0443531231340995
CC_F3A52465664E,0.0679611565610356
CC_F3A8CF761A0F,0.2039937112337383
CC_F3BF1709E29A,0.3657389745915789
CC_F3BF72C29211,0.0783121397431159
CC_F3CF35465CF1,0.047579714982383
CC_F3E2186DBD4F,0.2757783446816849
CC_F3F0F9B9B56E,0.1599547452991473
CC_F3F185395BE1,0.1148671919243157
CC_F3F68E6599E7,0.0754452998420656
CC_F3F7763C9DFE,0.1723883645127338
CC_F3FFF13592CE,0.0654113385108059
CC_F410C3CE89E1,0.1757827211755843
CC_F410C8B811FE,0.0655354987255647
CC_F4132072D78E,0.1147389357042711
CC_F4157B8E5B32,0.5365692109768829
CC_F41CF067E828,0.1172721239514933
CC_F41DC456E539,0.0498929202501994
CC_F41EEF55A0EC,0.0464422659100696
CC_F426B5C1F07D,0.2959181951617846
CC_F437875F9000,0.1587852388961379
CC_F43C961F8A30,0.1377170552655122
CC_F43D9BF23472,0.0614279435755867
CC_F444BE033109,0.1472006155140632
CC_F4481124F17A,0.1800614403636612
CC_F44EAAF80F70,0.1186511941423365
CC_F4521F6D3492,0.5479007215957481
CC_F46BD9AB1B68,0.1511366119348615
CC_F4763AA0B824,0.5650061704552608
CC_F47976F33E20,0.1821249898229254
CC_F47E588D4470,0.1851833899750686
CC_F4A2777912C2,0.1333062531374151
CC_F4A6C2B23685,0.0725362608951245
CC_F4B3EAEEEA8B,0.0409997116679738
CC_F4C6CD1E720C,0.0760860279132989
CC_F4D05DA98C83,0.0721423642885554
CC_F4D15889CDE0,0.1455075669678411
CC_F4DEC1E6173D,0.043815395630963
CC_F4EFAD6AF8BD,0.2701848672351768
CC_F4F7835A1FA2,0.2168251834226648
CC_F500597795FB,0.1776640061080231
CC_F5197FA9580F,0.6929544071625198
CC_F5240F59146F,0.0782422320889289
CC_F534A0B87C3B,0.1697925390385792
CC_F536972BFE98,0.1191077435359208
CC_F54FDFE5A5C8,0.0817145295117019
CC_F55727F65F86,0.1803675922778835
CC_F558EBDCDD6D,0.1300041937846444
CC_F56D569AC51F,0.1151828298609891
CC_F5714D180EE1,0.136234187278234
CC_F576ED9554AD,0.3568300124952489
CC_F57C2559358E,0.2334073392333409
CC_F5AA72FC0972,0.0922382382432377
CC_F5AE7DEA2B48,0.0801225933445505
CC_F5C6A5E9D495,0.1721684580042515
CC_F5E0731F2181,0.2210337225246992
CC_F5F4F3B03FE8,0.72170070354161
CC_F604D7B9CBD9,0.2119423309419529
CC_F60F13391D61,0.17997654743251
CC_F618D72DF162,0.0804634283883664
CC_F620B15ACC5D,0.0790273928066024
CC_F62D426D6614,0.1341624649918777
CC_F634999D5C1D,0.0337813431770162
CC_F636E5BAEE47,0.2067095177227249
CC_F6461B692240,0.7088373392517932
CC_F65BAD63AED0,0.1555239253680935
CC_F65DD2AC57E8,0.2743331653619787
CC_F66C6577674C,0.0584852237423018
CC_F670896FE959,0.1964853075625713
CC_F67376F272EA,0.6545888754084872
CC_F67FFE9E884E,0.2779538593499362
CC_F683C99F06C1,0.2053194608803242
CC_F68523E2CE7A,0.7238802494167246
CC_F68E62F9AA0F,0.0366073519625069
CC_F69604E05962,0.0796681156843171
CC_F6B8913740B3,0.1041140823541459
CC_F6BB4952DD35,0.3406661123994232
CC_F6C0B7AC57B5,0.6059756580161056
CC_F6D2B06E6E8B,0.5996924005309866
CC_F6EB30A84C9F,0.2730610914441875
CC_F70345A4792A,0.1085335962636381
CC_F7068C1F77B3,0.2520007731193092
CC_F70B0EA8C0E7,0.0643871768310733
CC_F71CC97FCE83,0.1138422563021047
CC_F722224A84F4,0.7032206163070657
CC_F72D1046063A,0.2890960537831822
CC_F72DAB32A281,0.0598106444416284
CC_F733AA5C0ED9,0.0716460332020493
CC_F74043C1BBEB,0.0761008979902684
CC_F74A31E36137,0.0576025066240043
CC_F756B167634F,0.1625377154302411
CC_F75CBE8E1B92,0.4058154107738275
CC_F761F7EEAD39,0.1545352120394766
CC_F79303D62FCD,0.0780593938204211
CC_F795134B52E6,0.6414154591501879
CC_F79533E83ECA,0.0980786163542493
CC_F79F9A7ED432,0.7007361571386675
CC_F7B2FC73E020,0.0475432126297255
CC_F7CF24594B20,0.0896670487792486
CC_F7D31937AA89,0.051865435876156
CC_F7EFD378035D,0.4003582428085107
CC_F8014B1E00D6,0.0462795141414973
CC_F80ADE95A7C8,0.0551452726213413
CC_F82E58E476A9,0.1052501083482574
CC_F82EB123CC19,0.2246657093029974
CC_F83088660331,0.0926645683059387
CC_F83C6DF6A815,0.51150975780183
CC_F8620C4F7581,0.1594357597541863
CC_F869F4DA5077,0.7779733445733558
CC_F86B1C53EAF4,0.2007329742875768
CC_F87B7F26FF51,0.2594014311572678
CC_F8803D1C899B,0.0619838050242284
CC_F892E51AC9DD,0.0525865158756729
CC_F89C185743F0,0.1130124837290482
CC_F8A4D45C3769,0.087296675520835
CC_F8AD68EA5A16,0.2272071917131597
CC_F8B4DBD0CE8A,0.3043456309380335
CC_F8F3E551F166,0.2718063109747748
CC_F8F9FE2C9B65,0.2201340631516941
CC_F912A50D0DD1,0.1605620883550969
CC_F91B7C2B1AFD,0.1054331631027493
CC_F925251D4BF0,0.4116217893320448
CC_F925ADD60E7B,0.0520953311468156
CC_F9282C144479,0.0591415480608338
CC_F92EE3287CC8,0.0983646223671912
CC_F93332608FE1,0.1652766901121002
CC_F94070DE3B81,0.0751645704854036
CC_F94C81428D20,0.1868074535036287
CC_F95DFFDA9B12,0.4171416923082009
CC_F96A53B02447,0.5191016337211962
CC_F96A965CDCB0,0.6030052750116268
CC_F9721FEDBE9E,0.1727751428475809
CC_F97C3E145882,0.2567897118748912
CC_F97C64C64052,0.080132980572
CC_F98660A07E6A,0.7704507473862635
CC_F98BA4B13724,0.0743934100360675
CC_F9A3F3A76B1A,0.1347637214483505
CC_F9A8E2B3A703,0.1055598171107283
CC_F9B3E7E7F2A9,0.4036011353766882
CC_F9D7D0B1E4A8,0.6733733240211183
CC_F9EDA4EDDD44,0.0517481913739304
CC_F9F2176B12FE,0.0559610040624645
CC_F9F90E76CA5B,0.1205803776247203
CC_FA0157249C01,0.1057516132961764
CC_FA169BCA835F,0.1051782152593259
CC_FA19B61BCABB,0.1122926364424228
CC_FA1DD203C293,0.2421537963356824
CC_FA2E30269BC1,0.2098944050061998
CC_FA304CE8E045,0.2412637200109011
CC_FA310759A257,0.6488985313623897
CC_FA32397E7B8C,0.1219538440856009
CC_FA33D97B84D4,0.1132475638716037
CC_FA38991B9434,0.0365022905261223
CC_FA4079FFF1E5,0.1931879968859564
CC_FA716665CD8F,0.0617222577851564
CC_FA770268B207,0.1987065832266315
CC_FA7A2F59245B,0.4522025211315538
CC_FA8205104EBF,0.083339204703274
CC_FA8370AF8740,0.0503946843873984
CC_FA858F1025FF,0.1147548659568522
CC_FA86320CF6B0,0.0697140380368886
CC_FA8B341CD3EA,0.1879626669355076
CC_FA9057AAF95B,0.0922768507944566
CC_FA97314C666C,0.0640250828181637
CC_FA974C1D91AD,0.3119373157827672
CC_FAA0E5BC9F44,0.727392218465541
CC_FAA2694D8578,0.2802638921857908
CC_FAAFFC74BC35,0.7234853126306234
CC_FABA6DCF8E45,0.0421881723815692
CC_FABC53294AC1,0.1839310424529245
CC_FAC52B8E66DA,0.0998868201533063
CC_FAD284D8DAC8,0.8064471702206834
CC_FAE70CA5999C,0.1253082186193308
CC_FAF1CCB40132,0.087102011709874
CC_FAF93D8B3B59,0.0610579813768757
CC_FB09E5481B64,0.0776562447016453
CC_FB150A1F7C3B,0.1621607666167007
CC_FB1808471515,0.3758494394025692
CC_FB296D823CF6,0.093130234788318
CC_FB301E1FA7FF,0.0405612547202101
CC_FB33C958A19E,0.4477092786137538
CC_FB40D63FC3D3,0.2039030744889055
CC_FB45A1837AD7,0.0847335919002982
CC_FB45B79CED15,0.1018081169710674
CC_FB52260232E3,0.0577636678729598
CC_FB6A0A7B8813,0.3142780164086131
CC_FB6ED10D82D2,0.1068217470786459
CC_FB78DE84AF05,0.0377972235779
CC_FB8DF8F93E7F,0.1824707937632633
CC_FB8F89048B89,0.0952207148340145
CC_FB9C3E77A49E,0.1273235064997123
CC_FBA40CEAEA18,0.1044938652497173
CC_FBA998938FE5,0.1190863798249756
CC_FBADBAFCD1B3,0.2430997430759587
CC_FBCB85E21ADD,0.1446510157495023
CC_FBCD00EE4402,0.1326495670417105
CC_FBD40DFBA5D5,0.2162689073574034
CC_FBDECF3DACAE,0.227576174048372
CC_FBE4E2F652EB,0.2246091345644437
CC_FBEA9510C687,0.3227799191430331
CC_FBED1E2E1CC0,0.1412231774346462
CC_FBF54E48EB13,0.0493506948030194
CC_FC1E279EF320,0.0533626588822127
CC_FC2E1D460089,0.1072072545573696
CC_FC31CBD20CDF,0.1947747487527912
CC_FC41D8134A1C,0.0979181360294539
CC_FC44D7EF257E,0.0515508358087015
CC_FC4A649BDD07,0.2064626306594409
CC_FC51BCDBB6B2,0.1390047063776432
CC_FC57B6E79AAC,0.2178947672372588
CC_FC6AA879D9CF,0.1197459918239228
CC_FC7A926F3A64,0.6495053087806575
CC_FC83CB9C71CD,0.0475214984904119
CC_FC9E6D511294,0.1495496435645681
CC_FCA657E69930,0.3713103022129017
CC_FCB451237214,0.7695986211911178
CC_FCC7E51DF812,0.3187566691698114
CC_FCD42ECC012B,0.0612025645186969
CC_FCE8FAEAAEF1,0.1171996505109437
CC_FCFAE9BE2522,0.3989896279331051
CC_FCFDB5DFE5D4,0.1127393640239373
CC_FD24FC7961A5,0.1033808101049899
CC_FD2793DCB5EF,0.1104513683744132
CC_FD2EEF724088,0.1280826826384687
CC_FD3205367675,0.0952567412737026
CC_FD3A21CDCA7C,0.0901595540640941
CC_FD3C4C2FB68C,0.1492923764673476
CC_FD41687DC1A0,0.1172691103677415
CC_FD44B4E31EFE,0.095514849313257
CC_FD5721556AB7,0.0852774757070224
CC_FD643C174587,0.2834695379838126
CC_FD6BFA30DD9E,0.2907488145493739
CC_FD7C9DD7F11B,0.1154513282490559
CC_FD7F2D90CF8C,0.0631812088771128
CC_FD8C4F601909,0.0671671770332406
CC_FD90B45AA24E,0.0950162397530513
CC_FD95457772AB,0.0698279451998192
CC_FD9D9B58DB1A,0.2098344062811659
CC_FDA918AEB5D6,0.5705654069188915
CC_FDD4C2065540,0.3395292207838956
CC_FDE57A2C5156,0.1951627922466973
CC_FDE9920975F6,0.2420567689311315
CC_FDEC856F9C6D,0.0575527324728905
CC_FDEED2AA92A3,0.4485503037005385
CC_FDF5607ECC1B,0.0584096425727671
CC_FDFED3D7E70E,0.1417702836065409
CC_FE0324F99784,0.1264138809817567
CC_FE0A18D6570D,0.0490345070060002
CC_FE0DACAC84BC,0.2484177991046509
CC_FE16586C9FAB,0.2785586593589832
CC_FE16FBC86237,0.1811693415559625
CC_FE1C808C4515,0.0658757734504491
CC_FE1E64201B9F,0.1038739264915595
CC_FE33D60E29EB,0.0398432157530175
CC_FE3ACE674BEA,0.1573833957982829
CC_FE468E9AA9D9,0.0390414851100163
CC_FE5AA923C220,0.1667773574546326
CC_FE6C777DDC19,0.065278094778129
CC_FE6DD8C8EC90,0.2297788532306373
CC_FE7A84AAA8F7,0.1603061084967108
CC_FE7DB6B410A4,0.1225229853777208
CC_FE8691B1F3D9,0.0999438398883647
CC_FE874279A94B,0.0942140786331521
CC_FEA61499305D,0.174982416506388
CC_FEC22B334AC5,0.1216139054470037
CC_FF045F9508F2,0.1909113447824227
CC_FF0EFF711598,0.2548172254039425
CC_FF12F53D5676,0.0477245714585826
CC_FF13D426EC1C,0.1482431943282651
CC_FF16A7C8600F,0.2188994595223742
CC_FF2236DC115C,0.3516880070904611
CC_FF2725428B6F,0.0851838007106386
CC_FF3176D91690,0.1215157955705337
CC_FF393D295D66,0.0497636819712213
CC_FF4598202C5F,0.6526134470419612
CC_FF463A4B3D04,0.3079614047699754
CC_FF4703F7664E,0.0656490252593351
CC_FF86EC3C0851,0.4696434766295405
CC_FF8A580DD831,0.1190765969525784
CC_FF8BD8697ADE,0.1286628534141323
CC_FFA681A2054A,0.0517863867771392
CC_FFB6B2D2BB2A,0.3386155646300743
CC_FFBFA27643F8,0.142566009508745
CC_FFC81CC80F9D,0.1368990820296305
CC_FFCC9C0763D4,0.1035966173379159
CC_FFD4E33DC920,0.5417058260927026
CC_FFDE11143038,0.0599150804540946
CC_FFEF28047C4F,0.424176801136517
